Options for the verification:
  Generating no trace
  Search order is breadth first
  Using conservative space optimisation
  Seed is 1748499343
  State space representation uses minimal constraint systems with future testing
  Using HashMap + Compress integers for discrete state storage

Verifying formula 1 at car/shield/synthesis.q:1
 -- Formula is satisfied.
 -- Result: $v_gameInfoPlay

 -- States stored : 4276 states
 -- States explored : 0 states
 -- CPU user time used : 4519 ms
 -- Virtual memory used : 66024 KiB
 -- Resident memory used : 23208 KiB

Verifying formula 2 at car/shield/synthesis.q:2
 -- Formula is satisfied.
 -- Result: $v_gameInfoPlay

 -- States explored : 0 states
 -- CPU user time used : 2 ms
 -- Virtual memory used : 66156 KiB
 -- Resident memory used : 23208 KiB

Verifying formula 3 at car/shield/synthesis.q:3
 -- Formula is satisfied.
i2d((cps_state.position).x):
[0]: (0,0) (0,15) (1,15) (1,19) (2,19) (2,22.6) (3,22.6) (3,26.6) (4,26.6) (4,30.2) (5,30.2) (5,34.2) (6,34.2) (6,38.2) (7,38.2) (7,42.2) (8,42.2) (8,46.2) (9,46.2) (9,50.2) (10,50.2) (10,54.2) (11,54.2) (11,58.2) (12,58.2) (12,62.2) (13,62.2) (13,66.2) (14,66.2) (14,70.2) (15,70.2) (15,74.2) (16,74.2) (16,78.2) (17,78.2) (17,82.2) (18,82.2) (18,86.2) (19,86.2) (19,90.2) (20,90.2) (20,94.2) (21,94.2) (21,98.2) (22,98.2) (22,102.2) (23,102.2) (23,106.2) (24,106.2) (24,110.2) (25,110.2) (25,114.2) (26,114.2) (26,118.2) (27,118.2) (27,122.2) (28,122.2) (28,126.2) (29,126.2) (29,130.1) (30,130.1) (30,134.1) (31,134.1) (31,138.1) (32,138.1) (32,142.1) (33,142.1) (33,146.1) (34,146.1) (34,150.1) (35,150.1) (35,154.1) (36,154.1) (36,158.1) (37,158.1) (37,162.1) (38,162.1) (38,165.7) (39,165.7) (39,169.7) (40,169.7) (40,173.7) (41,173.7) (41,177.7) (42,177.7) (42,181.7) (43,181.7) (43,185.7) (44,185.7) (44,189.7) (45,189.7) (45,193.7) (46,193.7) (46,197.7) (47,197.7) (47,201.7) (48,201.7) (48,205.7) (49,205.7) (49,209.7) (50,209.7) (50.000002,213.7)
i2d((cps_state.position).y):
[0]: (0,0) (2,0) (2,-1.5) (4,-1.5) (4,-3) (38,-3) (38,-1.4) (50.000002,-1.4)
i2d(cps_state.head):
[0]: (0,0) (1,0) (1,-0.392) (2,-0.392) (2,0) (3,0) (3,-0.392) (4,-0.392) (4,0) (37,0) (37,0.392) (38,0.392) (38,0) (50.000002,0)
i2d(cps_state.vel):
[0]: (0,0) (0,4) (50.000002,4)
i2d(cps_state.acc):
[0]: (0,0) (50.000002,0)
 -- States explored : 0 states
 -- CPU user time used : 162 ms
 -- Virtual memory used : 66156 KiB
 -- Resident memory used : 23848 KiB
Options for the verification:
  Generating no trace
  Search order is breadth first
  Using conservative space optimisation
  Seed is 1748499630
  State space representation uses minimal constraint systems with future testing
  Using HashMap + Compress integers for discrete state storage

Verifying formula 1 at car/shield/synthesis.q:1
 -- Formula is satisfied.
 -- Result: $v_gameInfoPlay

 -- States stored : 2725 states
 -- States explored : 0 states
 -- CPU user time used : 3226 ms
 -- Virtual memory used : 65196 KiB
 -- Resident memory used : 22160 KiB

Verifying formula 2 at car/shield/synthesis.q:2
 -- Formula is satisfied.
 -- Result: $v_gameInfoPlay

 -- States explored : 0 states
 -- CPU user time used : 3 ms
 -- Virtual memory used : 65196 KiB
 -- Resident memory used : 22288 KiB

Verifying formula 3 at car/shield/synthesis.q:3
 -- Formula is satisfied.
i2d((cps_state.position).x):
[0]: (0,0) (0,28) (1,28) (1,32) (2,32) (2,35.6) (3,35.6) (3,39.2) (4,39.2) (4,43.2) (5,43.2) (5,47.2) (6,47.2) (6,51.2) (7,51.2) (7,55.2) (8,55.2) (8,59.2) (9,59.2) (9,63.2) (10,63.2) (10,67.2) (11,67.2) (11,71.2) (12,71.2) (12,75.2) (13,75.2) (13,79.2) (14,79.2) (14,83.2) (15,83.2) (15,87.2) (16,87.2) (16,91.2) (17,91.2) (17,95.2) (18,95.2) (18,98.8) (19,98.8) (19,102.8) (20,102.8) (20,106.8) (21,106.8) (21,110.8) (22,110.8) (22,114.8) (23,114.8) (23,118.8) (24,118.8) (24,122.8) (25,122.8) (25,126.8) (26,126.8) (26,130.8) (27,130.8) (27,134.8) (28,134.8) (28,138.8) (29,138.8) (29,142.8) (30,142.8) (30,146.8) (31,146.8) (31,150.8) (32,150.8) (32,154.8) (33,154.8) (33,158.8) (34,158.8) (34,162.8) (35,162.8) (35,166.8) (36,166.8) (36,170.8) (37,170.8) (37,174.8) (38,174.8) (38,178.8) (39,178.8) (39,182.8) (40,182.8) (40,186.8) (41,186.8) (41,190.8) (42,190.8) (42,194.8) (43,194.8) (43,198.8) (44,198.8) (44,202.8) (45,202.8) (45,206.8) (46,206.8) (46,210.8) (47,210.8) (47,214.8) (48,214.8) (48,218.8) (49,218.8) (49,222.8) (50,222.8) (50.000002,226.8)
i2d((cps_state.position).y):
[0]: (0,0) (0,-3.336) (1,-3.336) (1,-3.3) (2,-3.3) (2,-1.7) (3,-1.7) (3,-0.1) (18,-0.1) (18,1.4) (50.000002,1.4)
i2d(cps_state.head):
[0]: (0,0) (1,0) (1,0.392) (3,0.392) (3,0) (17,0) (17,0.392) (18,0.392) (18,0) (50.000002,0)
i2d(cps_state.vel):
[0]: (0,0) (0,4) (50.000002,4)
i2d(cps_state.acc):
[0]: (0,0) (50.000002,0)
 -- States explored : 0 states
 -- CPU user time used : 273 ms
 -- Virtual memory used : 65364 KiB
 -- Resident memory used : 23056 KiB
Options for the verification:
  Generating no trace
  Search order is breadth first
  Using conservative space optimisation
  Seed is 1748499953
  State space representation uses minimal constraint systems with future testing
  Using HashMap + Compress integers for discrete state storage

Verifying formula 1 at car/shield/synthesis.q:1
 -- Formula is satisfied.
 -- Result: $v_gameInfoPlay

 -- States stored : 2725 states
 -- States explored : 0 states
 -- CPU user time used : 3202 ms
 -- Virtual memory used : 65200 KiB
 -- Resident memory used : 22156 KiB

Verifying formula 2 at car/shield/synthesis.q:2
 -- Formula is satisfied.
 -- Result: $v_gameInfoPlay

 -- States explored : 0 states
 -- CPU user time used : 2 ms
 -- Virtual memory used : 65200 KiB
 -- Resident memory used : 22284 KiB

Verifying formula 3 at car/shield/synthesis.q:3
 -- Formula is satisfied.
i2d((cps_state.position).x):
[0]: (0,0) (0,28) (1,28) (1,32) (2,32) (2,35.6) (3,35.6) (3,39.6) (4,39.6) (4,43.6) (5,43.6) (5,47.6) (6,47.6) (6,51.6) (7,51.6) (7,55.2) (8,55.2) (8,59.2) (9,59.2) (9,63.2) (10,63.2) (10,67.2) (11,67.2) (11,71.2) (12,71.2) (12,75.2) (13,75.2) (13,79.2) (14,79.2) (14,83.2) (15,83.2) (15,87.2) (16,87.2) (16,91.2) (17,91.2) (17,94.8) (18,94.8) (18,98.8) (19,98.8) (19,102.8) (20,102.8) (20,106.8) (21,106.8) (21,110.8) (22,110.8) (22,114.8) (23,114.8) (23,118.8) (24,118.8) (24,122.8) (25,122.8) (25,126.8) (26,126.8) (26,130.8) (27,130.8) (27,134.8) (28,134.8) (28,138.8) (29,138.8) (29,142.8) (30,142.8) (30,146.8) (31,146.8) (31,150.8) (32,150.8) (32,154.8) (33,154.8) (33,158.8) (34,158.8) (34,162.8) (35,162.8) (35,166.8) (36,166.8) (36,170.8) (37,170.8) (37,174.8) (38,174.8) (38,178.8) (39,178.8) (39,182.8) (40,182.8) (40,186.8) (41,186.8) (41,190.8) (42,190.8) (42,194.8) (43,194.8) (43,198.8) (44,198.8) (44,202.8) (45,202.8) (45,206.8) (46,206.8) (46,210.8) (47,210.8) (47,214.8) (48,214.8) (48,218.8) (49,218.8) (49,222.8) (50,222.8) (50.000002,226.8)
i2d((cps_state.position).y):
[0]: (0,0) (0,-3.336) (1,-3.336) (1,-3.3) (2,-3.3) (2,-1.7) (7,-1.7) (7,-0.1) (17,-0.1) (17,1.4) (50.000002,1.4)
i2d(cps_state.head):
[0]: (0,0) (1,0) (1,0.392) (2,0.392) (2,0) (6,0) (6,0.392) (7,0.392) (7,0) (16,0) (16,0.392) (17,0.392) (17,0) (50.000002,0)
i2d(cps_state.vel):
[0]: (0,0) (0,4) (50.000002,4)
i2d(cps_state.acc):
[0]: (0,0) (50.000002,0)
 -- States explored : 0 states
 -- CPU user time used : 258 ms
 -- Virtual memory used : 65364 KiB
 -- Resident memory used : 23052 KiB
Options for the verification:
  Generating no trace
  Search order is breadth first
  Using conservative space optimisation
  Seed is 1748500129
  State space representation uses minimal constraint systems with future testing
  Using HashMap + Compress integers for discrete state storage

Verifying formula 1 at car/shield/synthesis.q:1
 -- Formula is satisfied.
 -- Result: $v_gameInfoPlay

 -- States stored : 2725 states
 -- States explored : 0 states
 -- CPU user time used : 3196 ms
 -- Virtual memory used : 65204 KiB
 -- Resident memory used : 22412 KiB

Verifying formula 2 at car/shield/synthesis.q:2
 -- Formula is satisfied.
 -- Result: $v_gameInfoPlay

 -- States explored : 0 states
 -- CPU user time used : 2 ms
 -- Virtual memory used : 65204 KiB
 -- Resident memory used : 22540 KiB

Verifying formula 3 at car/shield/synthesis.q:3
 -- Formula is satisfied.
i2d((cps_state.position).x):
[0]: (0,0) (0,28) (1,28) (1,32) (2,32) (2,35.6) (3,35.6) (3,39.6) (4,39.6) (4,43.6) (5,43.6) (5,47.2) (6,47.2) (6,51.2) (7,51.2) (7,55.2) (8,55.2) (8,59.2) (9,59.2) (9,63.2) (10,63.2) (10,67.2) (11,67.2) (11,71.2) (12,71.2) (12,75.2) (13,75.2) (13,79.2) (14,79.2) (14,83.2) (15,83.2) (15,87.2) (16,87.2) (16,91.2) (17,91.2) (17,95.2) (18,95.2) (18,98.8) (19,98.8) (19,102.8) (20,102.8) (20,106.8) (21,106.8) (21,110.8) (22,110.8) (22,114.8) (23,114.8) (23,118.8) (24,118.8) (24,122.8) (25,122.8) (25,126.8) (26,126.8) (26,130.8) (27,130.8) (27,134.8) (28,134.8) (28,138.8) (29,138.8) (29,142.8) (30,142.8) (30,146.8) (31,146.8) (31,150.8) (32,150.8) (32,154.8) (33,154.8) (33,158.8) (34,158.8) (34,162.8) (35,162.8) (35,166.8) (36,166.8) (36,170.8) (37,170.8) (37,174.8) (38,174.8) (38,178.8) (39,178.8) (39,182.8) (40,182.8) (40,186.8) (41,186.8) (41,190.8) (42,190.8) (42,194.8) (43,194.8) (43,198.8) (44,198.8) (44,202.8) (45,202.8) (45,206.8) (46,206.8) (46,210.8) (47,210.8) (47,214.8) (48,214.8) (48,218.8) (49,218.8) (49,222.8) (50,222.8) (50.000002,226.8)
i2d((cps_state.position).y):
[0]: (0,0) (0,-3.336) (1,-3.336) (1,-3.3) (2,-3.3) (2,-1.7) (5,-1.7) (5,-0.1) (18,-0.1) (18,1.4) (50.000002,1.4)
i2d(cps_state.head):
[0]: (0,0) (1,0) (1,0.392) (2,0.392) (2,0) (4,0) (4,0.392) (5,0.392) (5,0) (17,0) (17,0.392) (18,0.392) (18,0) (50.000002,0)
i2d(cps_state.vel):
[0]: (0,0) (0,4) (50.000002,4)
i2d(cps_state.acc):
[0]: (0,0) (50.000002,0)
 -- States explored : 0 states
 -- CPU user time used : 264 ms
 -- Virtual memory used : 65364 KiB
 -- Resident memory used : 23180 KiB
Options for the verification:
  Generating no trace
  Search order is breadth first
  Using conservative space optimisation
  Seed is 1748500497
  State space representation uses minimal constraint systems with future testing
  Using HashMap + Compress integers for discrete state storage

Verifying formula 1 at car/shield/synthesis.q:1
 -- Formula is satisfied.
 -- Result: $v_gameInfoPlay

 -- States stored : 5187 states
 -- States explored : 0 states
 -- CPU user time used : 5951 ms
 -- Virtual memory used : 66668 KiB
 -- Resident memory used : 23952 KiB

Verifying formula 2 at car/shield/synthesis.q:2
 -- Formula is satisfied.
 -- Result: $v_gameInfoPlay

 -- States explored : 0 states
 -- CPU user time used : 4 ms
 -- Virtual memory used : 66800 KiB
 -- Resident memory used : 24080 KiB

Verifying formula 3 at car/shield/synthesis.q:3
 -- Formula is satisfied.
i2d((cps_state.position).x):
[0]: (0,0) (0,29.447) (1,29.447) (1,32.4) (2,32.4) (2,35.4) (3,35.4) (3,38.4) (4,38.4) (4,41.1) (5,41.1) (5,43.8) (6,43.8) (6,46.5) (7,46.5) (7,49.5) (8,49.5) (8,52.5) (9,52.5) (9,55.5) (10,55.5) (10,58.5) (11,58.5) (11,61.5) (12,61.5) (12,64.5) (13,64.5) (13,67.5) (14,67.5) (14,70.5) (15,70.5) (15,73.5) (16,73.5) (16,76.5) (17,76.5) (17,79.5) (18,79.5) (18,82.5) (19,82.5) (19,85.2) (20,85.2) (20,88.2) (21,88.2) (21,91.2) (22,91.2) (22,94.2) (23,94.2) (23,97.2) (24,97.2) (24,100.2) (25,100.2) (25,103.2) (26,103.2) (26,106.2) (27,106.2) (27,109.2) (28,109.2) (28,112.2) (29,112.2) (29,115.2) (30,115.2) (30,118.2) (31,118.2) (31,121.2) (32,121.2) (32,124.2) (33,124.2) (33,127.2) (34,127.2) (34,130.1) (35,130.1) (35,133.1) (36,133.1) (36,136.1) (37,136.1) (37,139.1) (38,139.1) (38,142.1) (39,142.1) (39,145.1) (40,145.1) (40,148.1) (41,148.1) (41,151.1) (42,151.1) (42,154.1) (43,154.1) (43,157.1) (44,157.1) (44,160.1) (45,160.1) (45,163.1) (46,163.1) (46,166.1) (47,166.1) (47,169.1) (48,169.1) (48,172.1) (49,172.1) (49,175.1) (50,175.1)
i2d((cps_state.position).y):
[0]: (0,0) (0,-3.308) (1,-3.308) (1,-3.3) (4,-3.3) (4,-2.1) (5,-2.1) (5,-0.9) (6,-0.9) (6,0.2) (19,0.2) (19,1.3) (50,1.3)
i2d(cps_state.head):
[0]: (0,0) (3,0) (3,0.392) (6,0.392) (6,0) (18,0) (18,0.392) (19,0.392) (19,0) (50,0)
i2d(cps_state.vel):
[0]: (0,0) (0,3) (50,3)
i2d(cps_state.acc):
[0]: (0,0) (50,0)
 -- States explored : 0 states
 -- CPU user time used : 245 ms
 -- Virtual memory used : 66940 KiB
 -- Resident memory used : 24720 KiB
Options for the verification:
  Generating no trace
  Search order is breadth first
  Using conservative space optimisation
  Seed is 1748500622
  State space representation uses minimal constraint systems with future testing
  Using HashMap + Compress integers for discrete state storage

Verifying formula 1 at car/shield/synthesis.q:1
 -- Formula is satisfied.
 -- Result: $v_gameInfoPlay

 -- States stored : 3812 states
 -- States explored : 0 states
 -- CPU user time used : 4384 ms
 -- Virtual memory used : 65864 KiB
 -- Resident memory used : 23188 KiB

Verifying formula 2 at car/shield/synthesis.q:2
 -- Formula is satisfied.
 -- Result: $v_gameInfoPlay

 -- States explored : 0 states
 -- CPU user time used : 2 ms
 -- Virtual memory used : 65864 KiB
 -- Resident memory used : 23316 KiB

Verifying formula 3 at car/shield/synthesis.q:3
 -- Formula is satisfied.
i2d((cps_state.position).x):
[0]: (0,0) (0,29.447) (1,29.447) (1,32.9) (2,32.9) (2,36.4) (3,36.4) (3,39.9) (4,39.9) (4,43.4) (5,43.4) (5,46.6) (6,46.6) (6,49.8) (7,49.8) (7,53) (8,53) (8,56.5) (9,56.5) (9,60) (10,60) (10,63.5) (11,63.5) (11,67) (12,67) (12,70.5) (13,70.5) (13,74) (14,74) (14,77.5) (15,77.5) (15,81) (16,81) (16,84.5) (17,84.5) (17,88) (18,88) (18,91.5) (19,91.5) (19,95) (20,95) (20,98.5) (21,98.5) (21,102) (22,102) (22,105.5) (23,105.5) (23,109) (24,109) (24,112.5) (25,112.5) (25,116) (26,116) (26,119.5) (27,119.5) (27,123) (28,123) (28,126.5) (29,126.5) (29,130) (30,130) (30,133.5) (31,133.5) (31,137) (32,137) (32,140.5) (33,140.5) (33,144) (34,144) (34,147.5) (35,147.5) (35,151) (36,151) (36,154.5) (37,154.5) (37,158) (38,158) (38,161.5) (39,161.5) (39,165) (40,165) (40,168.2) (41,168.2) (41,171.7) (42,171.7) (42,175.2) (43,175.2) (43,178.7) (44,178.7) (44,182.2) (45,182.2) (45,185.7) (46,185.7) (46,189.2) (47,189.2) (47,192.7) (48,192.7) (48,196.2) (49,196.2) (49,199.7) (50,199.7) (50.000002,203.2)
i2d((cps_state.position).y):
[0]: (0,0) (0,-3.308) (1,-3.308) (1,-3.3) (5,-3.3) (5,-1.9) (6,-1.9) (6,-0.5) (7,-0.5) (7,0.8) (40,0.8) (40,2.1) (50.000002,2.1)
i2d(cps_state.head):
[0]: (0,0) (4,0) (4,0.392) (7,0.392) (7,0) (39,0) (39,0.392) (40,0.392) (40,0) (50.000002,0)
i2d(cps_state.vel):
[0]: (0,0) (0,3.5) (50.000002,3.5)
i2d(cps_state.acc):
[0]: (0,0) (50.000002,0)
 -- States explored : 0 states
 -- CPU user time used : 247 ms
 -- Virtual memory used : 66016 KiB
 -- Resident memory used : 23828 KiB
Options for the verification:
  Generating no trace
  Search order is breadth first
  Using conservative space optimisation
  Seed is 1748500776
  State space representation uses minimal constraint systems with future testing
  Using HashMap + Compress integers for discrete state storage

Verifying formula 1 at car/shield/synthesis.q:1
 -- Formula is satisfied.
 -- Result: $v_gameInfoPlay

 -- States stored : 3812 states
 -- States explored : 0 states
 -- CPU user time used : 4516 ms
 -- Virtual memory used : 66440 KiB
 -- Resident memory used : 23880 KiB

Verifying formula 2 at car/shield/synthesis.q:2
 -- Formula is satisfied.
 -- Result: $v_gameInfoPlay

 -- States explored : 0 states
 -- CPU user time used : 3 ms
 -- Virtual memory used : 66440 KiB
 -- Resident memory used : 24008 KiB

Verifying formula 3 at car/shield/synthesis.q:3
 -- Formula is satisfied.
i2d((cps_state.position).x):
[0]: (0,0) (0,29.447) (1,29.447) (1,32.9) (2,32.9) (2,36.4) (3,36.4) (3,39.9) (4,39.9) (4,43.1) (5,43.1) (5,46.3) (6,46.3) (6,49.8) (7,49.8) (7,53.3) (8,53.3) (8,56.8) (9,56.8) (9,60.3) (10,60.3) (10,63.5) (11,63.5) (11,67) (12,67) (12,70.5) (13,70.5) (13,74) (14,74) (14,77.5) (15,77.5) (15,81) (16,81) (16,84.5) (17,84.5) (17,88) (18,88) (18,91.5) (19,91.5) (19,95) (20,95) (20,98.5) (21,98.5) (21,102) (22,102) (22,105.5) (23,105.5) (23,109) (24,109) (24,112.5) (25,112.5) (25,116) (26,116) (26,119.5) (27,119.5) (27,123) (28,123) (28,126.5) (29,126.5) (29,130) (30,130) (30,133.5) (31,133.5) (31,137) (32,137) (32,140.5) (33,140.5) (33,144) (34,144) (34,147.5) (35,147.5) (35,151) (36,151) (36,154.5) (37,154.5) (37,158) (38,158) (38,161.5) (39,161.5) (39,165) (40,165) (40,168.2) (41,168.2) (41,171.7) (42,171.7) (42,175.2) (43,175.2) (43,178.7) (44,178.7) (44,182.2) (45,182.2) (45,185.7) (46,185.7) (46,189.2) (47,189.2) (47,192.7) (48,192.7) (48,196.2) (49,196.2) (49,199.7) (50,199.7) (50.000002,203.2)
i2d((cps_state.position).y):
[0]: (0,0) (0,-3.308) (1,-3.308) (1,-3.3) (4,-3.3) (4,-1.9) (5,-1.9) (5,-0.5) (10,-0.5) (10,0.8) (40,0.8) (40,2.1) (50.000002,2.1)
i2d(cps_state.head):
[0]: (0,0) (3,0) (3,0.392) (5,0.392) (5,0) (9,0) (9,0.392) (10,0.392) (10,0) (39,0) (39,0.392) (40,0.392) (40,0) (50.000002,0)
i2d(cps_state.vel):
[0]: (0,0) (0,3.5) (50.000002,3.5)
i2d(cps_state.acc):
[0]: (0,0) (50.000002,0)
 -- States explored : 0 states
 -- CPU user time used : 261 ms
 -- Virtual memory used : 66648 KiB
 -- Resident memory used : 24648 KiB
Options for the verification:
  Generating no trace
  Search order is breadth first
  Using conservative space optimisation
  Seed is 1748500983
  State space representation uses minimal constraint systems with future testing
  Using HashMap + Compress integers for discrete state storage

Verifying formula 1 at car/shield/synthesis.q:1
 -- Formula is satisfied.
 -- Result: $v_gameInfoPlay

 -- States stored : 3812 states
 -- States explored : 0 states
 -- CPU user time used : 4569 ms
 -- Virtual memory used : 66440 KiB
 -- Resident memory used : 24392 KiB

Verifying formula 2 at car/shield/synthesis.q:2
 -- Formula is satisfied.
 -- Result: $v_gameInfoPlay

 -- States explored : 0 states
 -- CPU user time used : 6 ms
 -- Virtual memory used : 66440 KiB
 -- Resident memory used : 24392 KiB

Verifying formula 3 at car/shield/synthesis.q:3
 -- Formula is satisfied.
i2d((cps_state.position).x):
[0]: (0,0) (0,29.447) (1,29.447) (1,32.9) (2,32.9) (2,36.1) (3,36.1) (3,39.3) (4,39.3) (4,42.5) (5,42.5) (5,46) (6,46) (6,49.5) (7,49.5) (7,53) (8,53) (8,56.5) (9,56.5) (9,60) (10,60) (10,63.5) (11,63.5) (11,67) (12,67) (12,70.5) (13,70.5) (13,74) (14,74) (14,77.5) (15,77.5) (15,81) (16,81) (16,84.5) (17,84.5) (17,88) (18,88) (18,91.5) (19,91.5) (19,95) (20,95) (20,98.5) (21,98.5) (21,102) (22,102) (22,105.5) (23,105.5) (23,109) (24,109) (24,112.5) (25,112.5) (25,116) (26,116) (26,119.5) (27,119.5) (27,123) (28,123) (28,126.5) (29,126.5) (29,130) (30,130) (30,133.5) (31,133.5) (31,137) (32,137) (32,140.5) (33,140.5) (33,144) (34,144) (34,147.5) (35,147.5) (35,151) (36,151) (36,154.5) (37,154.5) (37,158) (38,158) (38,161.5) (39,161.5) (39,164.7) (40,164.7) (40,168.2) (41,168.2) (41,171.7) (42,171.7) (42,175.2) (43,175.2) (43,178.7) (44,178.7) (44,182.2) (45,182.2) (45,185.7) (46,185.7) (46,189.2) (47,189.2) (47,192.7) (48,192.7) (48,196.2) (49,196.2) (49,199.7) (50,199.7) (50.000002,203.2)
i2d((cps_state.position).y):
[0]: (0,0) (0,-3.308) (1,-3.308) (1,-3.3) (2,-3.3) (2,-1.9) (3,-1.9) (3,-0.5) (4,-0.5) (4,0.8) (39,0.8) (39,2.1) (50.000002,2.1)
i2d(cps_state.head):
[0]: (0,0) (1,0) (1,0.392) (4,0.392) (4,0) (38,0) (38,0.392) (39,0.392) (39,0) (50.000002,0)
i2d(cps_state.vel):
[0]: (0,0) (0,3.5) (50.000002,3.5)
i2d(cps_state.acc):
[0]: (0,0) (50.000002,0)
 -- States explored : 0 states
 -- CPU user time used : 263 ms
 -- Virtual memory used : 66648 KiB
 -- Resident memory used : 25032 KiB
Options for the verification:
  Generating no trace
  Search order is breadth first
  Using conservative space optimisation
  Seed is 1748501105
  State space representation uses minimal constraint systems with future testing
  Using HashMap + Compress integers for discrete state storage

Verifying formula 1 at car/shield/synthesis.q:1
 -- Formula is satisfied.
 -- Result: $v_gameInfoPlay

 -- States stored : 3338 states
 -- States explored : 0 states
 -- CPU user time used : 3903 ms
 -- Virtual memory used : 66176 KiB
 -- Resident memory used : 23616 KiB

Verifying formula 2 at car/shield/synthesis.q:2
 -- Formula is satisfied.
 -- Result: $v_gameInfoPlay

 -- States explored : 0 states
 -- CPU user time used : 6 ms
 -- Virtual memory used : 66176 KiB
 -- Resident memory used : 23744 KiB

Verifying formula 3 at car/shield/synthesis.q:3
 -- Formula is satisfied.
i2d((cps_state.position).x):
[0]: (0,0) (0,29.447) (1,29.447) (1,32.9) (2,32.9) (2,36.4) (3,36.4) (3,39.9) (4,39.9) (4,43.4) (5,43.4) (5,46.9) (6,46.9) (6,50.4) (7,50.4) (7,53.9) (8,53.9) (8,57.4) (9,57.4) (9,60.9) (10,60.9) (10,64.40000000000001) (11,64.40000000000001) (11,67.59999999999999) (12,67.59999999999999) (12,70.8) (13,70.8) (13,74) (14,74) (14,77.5) (15,77.5) (15,81) (16,81) (16,84.5) (17,84.5) (17,88) (18,88) (18,91.5) (19,91.5) (19,95) (20,95) (20,98.5) (21,98.5) (21,102) (22,102) (22,105.5) (23,105.5) (23,109) (24,109) (24,112.5) (25,112.5) (25,116) (26,116) (26,119.5) (27,119.5) (27,123) (28,123) (28,126.5) (29,126.5) (29,130) (30,130) (30,133.5) (31,133.5) (31,137) (32,137) (32,140.5) (33,140.5) (33,144) (34,144) (34,147.5) (35,147.5) (35,151) (36,151) (36,154.5) (37,154.5) (37,158) (38,158) (38,161.2) (39,161.2) (39,164.7) (40,164.7) (40,168.2) (41,168.2) (41,171.7) (42,171.7) (42,175.2) (43,175.2) (43,178.7) (44,178.7) (44,182.2) (45,182.2) (45,185.7) (46,185.7) (46,189.2) (47,189.2) (47,192.7) (48,192.7) (48,196.2) (49,196.2) (49,199.7) (50,199.7) (50.000002,203.2)
i2d((cps_state.position).y):
[0]: (0,0) (0,-3.308) (1,-3.308) (1,-3.3) (11,-3.3) (11,-1.9) (12,-1.9) (12,-0.5) (13,-0.5) (13,0.8) (38,0.8) (38,2.1) (50.000002,2.1)
i2d(cps_state.head):
[0]: (0,0) (10,0) (10,0.392) (13,0.392) (13,0) (37,0) (37,0.392) (38,0.392) (38,0) (50.000002,0)
i2d(cps_state.vel):
[0]: (0,0) (0,3.5) (50.000002,3.5)
i2d(cps_state.acc):
[0]: (0,0) (50.000002,0)
 -- States explored : 0 states
 -- CPU user time used : 253 ms
 -- Virtual memory used : 66368 KiB
 -- Resident memory used : 24384 KiB
Options for the verification:
  Generating no trace
  Search order is breadth first
  Using conservative space optimisation
  Seed is 1748501127
  State space representation uses minimal constraint systems with future testing
  Using HashMap + Compress integers for discrete state storage

Verifying formula 1 at car/shield/synthesis.q:1
 -- Formula is satisfied.
 -- Result: $v_gameInfoPlay

 -- States stored : 3812 states
 -- States explored : 0 states
 -- CPU user time used : 4582 ms
 -- Virtual memory used : 65860 KiB
 -- Resident memory used : 23176 KiB

Verifying formula 2 at car/shield/synthesis.q:2
 -- Formula is satisfied.
 -- Result: $v_gameInfoPlay

 -- States explored : 0 states
 -- CPU user time used : 2 ms
 -- Virtual memory used : 65860 KiB
 -- Resident memory used : 23304 KiB

Verifying formula 3 at car/shield/synthesis.q:3
 -- Formula is satisfied.
i2d((cps_state.position).x):
[0]: (0,0) (0,29.447) (1,29.447) (1,32.9) (2,32.9) (2,36.1) (3,36.1) (3,39.3) (4,39.3) (4,42.5) (5,42.5) (5,46) (6,46) (6,49.5) (7,49.5) (7,53) (8,53) (8,56.5) (9,56.5) (9,60) (10,60) (10,63.5) (11,63.5) (11,67) (12,67) (12,70.5) (13,70.5) (13,74) (14,74) (14,77.5) (15,77.5) (15,81) (16,81) (16,84.5) (17,84.5) (17,88) (18,88) (18,91.5) (19,91.5) (19,95) (20,95) (20,98.5) (21,98.5) (21,102) (22,102) (22,105.5) (23,105.5) (23,109) (24,109) (24,112.5) (25,112.5) (25,116) (26,116) (26,119.5) (27,119.5) (27,123) (28,123) (28,126.5) (29,126.5) (29,130) (30,130) (30,133.5) (31,133.5) (31,137) (32,137) (32,140.5) (33,140.5) (33,144) (34,144) (34,147.5) (35,147.5) (35,151) (36,151) (36,154.5) (37,154.5) (37,158) (38,158) (38,161.2) (39,161.2) (39,164.7) (40,164.7) (40,168.2) (41,168.2) (41,171.7) (42,171.7) (42,175.2) (43,175.2) (43,178.7) (44,178.7) (44,182.2) (45,182.2) (45,185.7) (46,185.7) (46,189.2) (47,189.2) (47,192.7) (48,192.7) (48,196.2) (49,196.2) (49,199.7) (50,199.7) (50.000002,203.2)
i2d((cps_state.position).y):
[0]: (0,0) (0,-3.308) (1,-3.308) (1,-3.3) (2,-3.3) (2,-1.9) (3,-1.9) (3,-0.5) (4,-0.5) (4,0.8) (38,0.8) (38,2.1) (50.000002,2.1)
i2d(cps_state.head):
[0]: (0,0) (1,0) (1,0.392) (4,0.392) (4,0) (37,0) (37,0.392) (38,0.392) (38,0) (50.000002,0)
i2d(cps_state.vel):
[0]: (0,0) (0,3.5) (50.000002,3.5)
i2d(cps_state.acc):
[0]: (0,0) (50.000002,0)
 -- States explored : 0 states
 -- CPU user time used : 257 ms
 -- Virtual memory used : 66016 KiB
 -- Resident memory used : 23944 KiB
Options for the verification:
  Generating no trace
  Search order is breadth first
  Using conservative space optimisation
  Seed is 1748501147
  State space representation uses minimal constraint systems with future testing
  Using HashMap + Compress integers for discrete state storage

Verifying formula 1 at car/shield/synthesis.q:1
 -- Formula is satisfied.
 -- Result: $v_gameInfoPlay

 -- States stored : 3338 states
 -- States explored : 0 states
 -- CPU user time used : 3954 ms
 -- Virtual memory used : 66172 KiB
 -- Resident memory used : 23872 KiB

Verifying formula 2 at car/shield/synthesis.q:2
 -- Formula is satisfied.
 -- Result: $v_gameInfoPlay

 -- States explored : 0 states
 -- CPU user time used : 2 ms
 -- Virtual memory used : 66172 KiB
 -- Resident memory used : 24000 KiB

Verifying formula 3 at car/shield/synthesis.q:3
 -- Formula is satisfied.
i2d((cps_state.position).x):
[0]: (0,0) (0,29.447) (1,29.447) (1,32.9) (2,32.9) (2,36.4) (3,36.4) (3,39.9) (4,39.9) (4,43.4) (5,43.4) (5,46.9) (6,46.9) (6,50.4) (7,50.4) (7,53.9) (8,53.9) (8,57.4) (9,57.4) (9,60.9) (10,60.9) (10,64.40000000000001) (11,64.40000000000001) (11,67.59999999999999) (12,67.59999999999999) (12,70.8) (13,70.8) (13,74.3) (14,74.3) (14,77.5) (15,77.5) (15,81) (16,81) (16,84.5) (17,84.5) (17,88) (18,88) (18,91.5) (19,91.5) (19,95) (20,95) (20,98.5) (21,98.5) (21,102) (22,102) (22,105.5) (23,105.5) (23,109) (24,109) (24,112.5) (25,112.5) (25,116) (26,116) (26,119.5) (27,119.5) (27,123) (28,123) (28,126.5) (29,126.5) (29,130) (30,130) (30,133.5) (31,133.5) (31,137) (32,137) (32,140.5) (33,140.5) (33,144) (34,144) (34,147.5) (35,147.5) (35,151) (36,151) (36,154.5) (37,154.5) (37,158) (38,158) (38,161.2) (39,161.2) (39,164.7) (40,164.7) (40,168.2) (41,168.2) (41,171.7) (42,171.7) (42,175.2) (43,175.2) (43,178.7) (44,178.7) (44,182.2) (45,182.2) (45,185.7) (46,185.7) (46,189.2) (47,189.2) (47,192.7) (48,192.7) (48,196.2) (49,196.2) (49,199.7) (50,199.7) (50.000002,203.2)
i2d((cps_state.position).y):
[0]: (0,0) (0,-3.308) (1,-3.308) (1,-3.3) (11,-3.3) (11,-1.9) (12,-1.9) (12,-0.5) (14,-0.5) (14,0.8) (38,0.8) (38,2.1) (50.000002,2.1)
i2d(cps_state.head):
[0]: (0,0) (10,0) (10,0.392) (12,0.392) (12,0) (13,0) (13,0.392) (14,0.392) (14,0) (37,0) (37,0.392) (38,0.392) (38,0) (50.000002,0)
i2d(cps_state.vel):
[0]: (0,0) (0,3.5) (50.000002,3.5)
i2d(cps_state.acc):
[0]: (0,0) (50.000002,0)
 -- States explored : 0 states
 -- CPU user time used : 250 ms
 -- Virtual memory used : 66368 KiB
 -- Resident memory used : 24512 KiB
Options for the verification:
  Generating no trace
  Search order is breadth first
  Using conservative space optimisation
  Seed is 1748502027
  State space representation uses minimal constraint systems with future testing
  Using HashMap + Compress integers for discrete state storage

Verifying formula 1 at car/shield/synthesis.q:1
 -- Formula is satisfied.
 -- Result: $v_gameInfoPlay

 -- States stored : 3812 states
 -- States explored : 0 states
 -- CPU user time used : 4713 ms
 -- Virtual memory used : 65868 KiB
 -- Resident memory used : 23188 KiB

Verifying formula 2 at car/shield/synthesis.q:2
 -- Formula is satisfied.
 -- Result: $v_gameInfoPlay

 -- States explored : 0 states
 -- CPU user time used : 4 ms
 -- Virtual memory used : 65868 KiB
 -- Resident memory used : 23188 KiB

Verifying formula 3 at car/shield/synthesis.q:3
 -- Formula is satisfied.
i2d((cps_state.position).x):
[0]: (0,0) (0,29.447) (1,29.447) (1,32.9) (2,32.9) (2,36.1) (3,36.1) (3,39.3) (4,39.3) (4,42.5) (5,42.5) (5,46) (6,46) (6,49.5) (7,49.5) (7,53) (8,53) (8,56.5) (9,56.5) (9,60) (10,60) (10,63.5) (11,63.5) (11,67) (12,67) (12,70.5) (13,70.5) (13,74) (14,74) (14,77.5) (15,77.5) (15,81) (16,81) (16,84.5) (17,84.5) (17,88) (18,88) (18,91.5) (19,91.5) (19,95) (20,95) (20,98.5) (21,98.5) (21,102) (22,102) (22,105.5) (23,105.5) (23,109) (24,109) (24,112.5) (25,112.5) (25,116) (26,116) (26,119.5) (27,119.5) (27,123) (28,123) (28,126.5) (29,126.5) (29,130) (30,130) (30,133.5) (31,133.5) (31,137) (32,137) (32,140.5) (33,140.5) (33,144) (34,144) (34,147.5) (35,147.5) (35,151) (36,151) (36,154.5) (37,154.5) (37,158) (38,158) (38,161.2) (39,161.2) (39,164.7) (40,164.7) (40,168.2) (41,168.2) (41,171.7) (42,171.7) (42,175.2) (43,175.2) (43,178.7) (44,178.7) (44,182.2) (45,182.2) (45,185.7) (46,185.7) (46,189.2) (47,189.2) (47,192.7) (48,192.7) (48,196.2) (49,196.2) (49,199.7) (50,199.7) (50.000002,203.2)
i2d((cps_state.position).y):
[0]: (0,0) (0,-3.308) (1,-3.308) (1,-3.3) (2,-3.3) (2,-1.9) (3,-1.9) (3,-0.5) (4,-0.5) (4,0.8) (38,0.8) (38,2.1) (50.000002,2.1)
i2d(cps_state.head):
[0]: (0,0) (1,0) (1,0.392) (4,0.392) (4,0) (37,0) (37,0.392) (38,0.392) (38,0) (50.000002,0)
i2d(cps_state.vel):
[0]: (0,0) (0,3.5) (50.000002,3.5)
i2d(cps_state.acc):
[0]: (0,0) (50.000002,0)
 -- States explored : 0 states
 -- CPU user time used : 275 ms
 -- Virtual memory used : 66024 KiB
 -- Resident memory used : 23828 KiB
Options for the verification:
  Generating no trace
  Search order is breadth first
  Using conservative space optimisation
  Seed is 1748502088
  State space representation uses minimal constraint systems with future testing
  Using HashMap + Compress integers for discrete state storage

Verifying formula 1 at car/shield/synthesis.q:1
 -- Formula is satisfied.
 -- Result: $v_gameInfoPlay

 -- States stored : 4517 states
 -- States explored : 0 states
 -- CPU user time used : 5293 ms
 -- Virtual memory used : 66268 KiB
 -- Resident memory used : 23564 KiB

Verifying formula 2 at car/shield/synthesis.q:2
 -- Formula is satisfied.
 -- Result: $v_gameInfoPlay

 -- States explored : 0 states
 -- CPU user time used : 5 ms
 -- Virtual memory used : 66404 KiB
 -- Resident memory used : 23564 KiB

Verifying formula 3 at car/shield/synthesis.q:3
 -- Formula is satisfied.
i2d((cps_state.position).x):
[0]: (0,0) (0,34.846) (1,34.846) (1,38.3) (2,38.3) (2,41.8) (3,41.8) (3,45) (4,45) (4,48.2) (5,48.2) (5,51.7) (6,51.7) (6,55.2) (7,55.2) (7,58.4) (8,58.4) (8,61.9) (9,61.9) (9,65.40000000000001) (10,65.40000000000001) (10,68.90000000000001) (11,68.90000000000001) (11,72.40000000000001) (12,72.40000000000001) (12,75.90000000000001) (13,75.90000000000001) (13,79.40000000000001) (14,79.40000000000001) (14,82.90000000000001) (15,82.90000000000001) (15,86.40000000000001) (16,86.40000000000001) (16,89.90000000000001) (17,89.90000000000001) (17,93.40000000000001) (18,93.40000000000001) (18,96.90000000000001) (19,96.90000000000001) (19,100.4) (20,100.4) (20,103.9) (21,103.9) (21,107.4) (22,107.4) (22,110.9) (23,110.9) (23,114.4) (24,114.4) (24,117.9) (25,117.9) (25,121.4) (26,121.4) (26,124.9) (27,124.9) (27,128.4) (28,128.4) (28,131.9) (29,131.9) (29,135.4) (30,135.4) (30,138.9) (31,138.9) (31,142.4) (32,142.4) (32,145.9) (33,145.9) (33,149.4) (34,149.4) (34,152.9) (35,152.9) (35,156.4) (36,156.4) (36,159.9) (37,159.9) (37,163.4) (38,163.4) (38,166.9) (39,166.9) (39,170.1) (40,170.1) (40,173.6) (41,173.6) (41,177.1) (42,177.1) (42,180.6) (43,180.6) (43,184.1) (44,184.1) (44,187.6) (45,187.6) (45,191.1) (46,191.1) (46,194.6) (47,194.6) (47,198.1) (48,198.1) (48,201.6) (49,201.6) (49,205.1) (50,205.1)
i2d((cps_state.position).y):
[0]: (0,0) (0,-3.253) (1,-3.253) (1,-3.2) (3,-3.2) (3,-1.8) (4,-1.8) (4,-0.4) (7,-0.4) (7,0.9) (39,0.9) (39,2.2) (50,2.2)
i2d(cps_state.head):
[0]: (0,0) (2,0) (2,0.392) (4,0.392) (4,0) (6,0) (6,0.392) (7,0.392) (7,0) (38,0) (38,0.392) (39,0.392) (39,0) (50,0)
i2d(cps_state.vel):
[0]: (0,0) (0,3.5) (50,3.5)
i2d(cps_state.acc):
[0]: (0,0) (50,0)
 -- States explored : 0 states
 -- CPU user time used : 253 ms
 -- Virtual memory used : 66404 KiB
 -- Resident memory used : 24076 KiB
Options for the verification:
  Generating no trace
  Search order is breadth first
  Using conservative space optimisation
  Seed is 1748502140
  State space representation uses minimal constraint systems with future testing
  Using HashMap + Compress integers for discrete state storage

Verifying formula 1 at car/shield/synthesis.q:1
 -- Formula is satisfied.
 -- Result: $v_gameInfoPlay

 -- States stored : 4442 states
 -- States explored : 0 states
 -- CPU user time used : 5238 ms
 -- Virtual memory used : 66832 KiB
 -- Resident memory used : 24636 KiB

Verifying formula 2 at car/shield/synthesis.q:2
 -- Formula is satisfied.
 -- Result: $v_gameInfoPlay

 -- States explored : 0 states
 -- CPU user time used : 5 ms
 -- Virtual memory used : 66832 KiB
 -- Resident memory used : 24636 KiB

Verifying formula 3 at car/shield/synthesis.q:3
 -- Formula is satisfied.
i2d((cps_state.position).x):
[0]: (0,0) (0,34.846) (1,34.846) (1,38.3) (2,38.3) (2,41.8) (3,41.8) (3,45.3) (4,45.3) (4,48.8) (5,48.8) (5,52.3) (6,52.3) (6,55.5) (7,55.5) (7,58.7) (8,58.7) (8,61.9) (9,61.9) (9,65.40000000000001) (10,65.40000000000001) (10,68.90000000000001) (11,68.90000000000001) (11,72.40000000000001) (12,72.40000000000001) (12,75.90000000000001) (13,75.90000000000001) (13,79.40000000000001) (14,79.40000000000001) (14,82.90000000000001) (15,82.90000000000001) (15,86.40000000000001) (16,86.40000000000001) (16,89.90000000000001) (17,89.90000000000001) (17,93.40000000000001) (18,93.40000000000001) (18,96.90000000000001) (19,96.90000000000001) (19,100.4) (20,100.4) (20,103.9) (21,103.9) (21,107.4) (22,107.4) (22,110.9) (23,110.9) (23,114.4) (24,114.4) (24,117.9) (25,117.9) (25,121.4) (26,121.4) (26,124.9) (27,124.9) (27,128.4) (28,128.4) (28,131.9) (29,131.9) (29,135.4) (30,135.4) (30,138.9) (31,138.9) (31,142.4) (32,142.4) (32,145.9) (33,145.9) (33,149.4) (34,149.4) (34,152.9) (35,152.9) (35,156.4) (36,156.4) (36,159.9) (37,159.9) (37,163.4) (38,163.4) (38,166.9) (39,166.9) (39,170.4) (40,170.4) (40,173.6) (41,173.6) (41,177.1) (42,177.1) (42,180.6) (43,180.6) (43,184.1) (44,184.1) (44,187.6) (45,187.6) (45,191.1) (46,191.1) (46,194.6) (47,194.6) (47,198.1) (48,198.1) (48,201.6) (49,201.6) (49,205.1) (50,205.1) (50.000002,208.6)
i2d((cps_state.position).y):
[0]: (0,0) (0,-3.253) (1,-3.253) (1,-3.2) (6,-3.2) (6,-1.8) (7,-1.8) (7,-0.4) (8,-0.4) (8,0.9) (40,0.9) (40,2.2) (50.000002,2.2)
i2d(cps_state.head):
[0]: (0,0) (5,0) (5,0.392) (8,0.392) (8,0) (39,0) (39,0.392) (40,0.392) (40,0) (50.000002,0)
i2d(cps_state.vel):
[0]: (0,0) (0,3.5) (50.000002,3.5)
i2d(cps_state.acc):
[0]: (0,0) (50.000002,0)
 -- States explored : 0 states
 -- CPU user time used : 252 ms
 -- Virtual memory used : 67136 KiB
 -- Resident memory used : 25404 KiB
Options for the verification:
  Generating no trace
  Search order is breadth first
  Using conservative space optimisation
  Seed is 1748503743
  State space representation uses minimal constraint systems with future testing
  Using HashMap + Compress integers for discrete state storage

Verifying formula 1 at car/shield/synthesis.q:1
 -- Formula is satisfied.
 -- Result: $v_gameInfoPlay

 -- States stored : 7828 states
 -- States explored : 0 states
 -- CPU user time used : 7066 ms
 -- Virtual memory used : 68312 KiB
 -- Resident memory used : 25420 KiB

Verifying formula 2 at car/shield/synthesis.q:2
 -- Formula is satisfied.
 -- Result: $v_gameInfoPlay

 -- States explored : 0 states
 -- CPU user time used : 3 ms
 -- Virtual memory used : 68312 KiB
 -- Resident memory used : 25420 KiB

Verifying formula 3 at car/shield/synthesis.q:3
 -- Formula is satisfied.
i2d((cps_state.position).x):
[0]: (0,0) (0,34.846) (1,34.846) (1,38.3) (2,38.3) (2,40.8) (3,40.8) (3,42.1) (4,42.1) (4,43.6) (50,43.6)
i2d((cps_state.position).y):
[0]: (0,0) (0,-3.253) (1,-3.253) (1,-3.2) (3,-3.2) (3,-3.7) (50,-3.7)
i2d(cps_state.head):
[0]: (0,0) (2,0) (2,-0.392) (3,-0.392) (3,0) (50,0)
i2d(cps_state.vel):
[0]: (0,0) (0,3.5) (2,3.5) (2,2.5) (3,2.5) (3,1.5) (50,1.5)
i2d(cps_state.acc):
[0]: (0,0) (1,0) (1,-1) (3,-1) (3,0) (50,0)
 -- States explored : 0 states
 -- CPU user time used : 14 ms
 -- Virtual memory used : 68452 KiB
 -- Resident memory used : 26188 KiB
Options for the verification:
  Generating no trace
  Search order is breadth first
  Using conservative space optimisation
  Seed is 1748505192
  State space representation uses minimal constraint systems with future testing
  Using HashMap + Compress integers for discrete state storage

Verifying formula 1 at car/shield/synthesis.q:1
 -- Formula is satisfied.
 -- Result: $v_gameInfoPlay

 -- States stored : 7828 states
 -- States explored : 0 states
 -- CPU user time used : 7153 ms
 -- Virtual memory used : 68312 KiB
 -- Resident memory used : 25672 KiB

Verifying formula 2 at car/shield/synthesis.q:2
 -- Formula is satisfied.
 -- Result: $v_gameInfoPlay

 -- States explored : 0 states
 -- CPU user time used : 5 ms
 -- Virtual memory used : 68312 KiB
 -- Resident memory used : 25800 KiB

Verifying formula 3 at car/shield/synthesis.q:3
 -- Formula is satisfied.
i2d((cps_state.position).x):
[0]: (0,0) (0,34.846) (1,34.846) (1,38.3) (2,38.3) (2,41.8) (3,41.8) (3,44.3) (4,44.3) (4,45.8) (5,45.8) (5,47.1) (50,47.1)
i2d((cps_state.position).y):
[0]: (0,0) (0,-3.253) (1,-3.253) (1,-3.2) (5,-3.2) (5,-2.6) (50,-2.6)
i2d(cps_state.head):
[0]: (0,0) (4,0) (4,0.392) (50,0.392)
i2d(cps_state.vel):
[0]: (0,0) (0,3.5) (3,3.5) (3,2.5) (4,2.5) (4,1.5) (50,1.5)
i2d(cps_state.acc):
[0]: (0,0) (2,0) (2,-1) (4,-1) (4,0) (50,0)
 -- States explored : 0 states
 -- CPU user time used : 18 ms
 -- Virtual memory used : 68460 KiB
 -- Resident memory used : 26440 KiB
Options for the verification:
  Generating no trace
  Search order is breadth first
  Using conservative space optimisation
  Seed is 1748505285
  State space representation uses minimal constraint systems with future testing
  Using HashMap + Compress integers for discrete state storage

Verifying formula 1 at car/shield/synthesis.q:1
 -- Formula is satisfied.
 -- Result: $v_gameInfoPlay

 -- States stored : 5 states
 -- States explored : 0 states
 -- CPU user time used : 1 ms
 -- Virtual memory used : 63680 KiB
 -- Resident memory used : 20688 KiB

Verifying formula 2 at car/shield/synthesis.q:2
 -- Formula is satisfied.
 -- Result: $v_gameInfoPlay

 -- States explored : 0 states
 -- CPU user time used : 0 ms
 -- Virtual memory used : 63680 KiB
 -- Resident memory used : 20816 KiB

Verifying formula 3 at car/shield/synthesis.q:3
 -- Aborted.
i2d((cps_state.position).x):
[0]: (0,0) (0.01,53.745) (1,53.745) (1,74.40000000000001)
i2d((cps_state.position).y):
[0]: (0,0) (0.01,-3.058) (1,-3.058) (1,-3)
i2d(cps_state.head):
[0]: (0,0) (1,0)
i2d(cps_state.vel):
[0]: (0,0) (0.01,20.7) (1,20.7)
i2d(cps_state.acc):
[0]: (0,0) (1,0)
 -- States explored : 0 states
 -- CPU user time used : 4 ms
 -- Virtual memory used : 63836 KiB
 -- Resident memory used : 21968 KiB
Options for the verification:
  Generating no trace
  Search order is breadth first
  Using conservative space optimisation
  Seed is 1748505990
  State space representation uses minimal constraint systems with future testing
  Using HashMap + Compress integers for discrete state storage

Verifying formula 1 at car/shield/synthesis.q:1
 -- Formula is satisfied.
 -- Result: $v_gameInfoPlay

 -- States stored : 67754 states
 -- States explored : 0 states
 -- CPU user time used : 55778 ms
 -- Virtual memory used : 105912 KiB
 -- Resident memory used : 62804 KiB

Verifying formula 2 at car/shield/synthesis.q:2
 -- Formula is satisfied.
 -- Result: $v_gameInfoPlay

 -- States explored : 0 states
 -- CPU user time used : 61 ms
 -- Virtual memory used : 105912 KiB
 -- Resident memory used : 63060 KiB

Verifying formula 3 at car/shield/synthesis.q:3
 -- Formula is satisfied.
i2d((cps_state.position).x):
[0]: (0,0) (0,53.745) (1,53.745) (1,56.2) (2,56.2) (2,57.5) (3,57.5) (3,58) (4,58) (4,58.5) (50,58.5)
i2d((cps_state.position).y):
[0]: (0,0) (0,-3.058) (1,-3.058) (1,-3) (2,-3) (2,-3.5) (50,-3.5)
i2d(cps_state.head):
[0]: (0,0) (1,0) (1,-0.392) (2,-0.392) (2,0) (50,0)
i2d(cps_state.vel):
[0]: (0,0) (0,2.5) (2,2.5) (2,1.5) (3,1.5) (3,0.5) (50,0.5)
i2d(cps_state.acc):
[0]: (0,0) (1,0) (1,-1) (3,-1) (3,0) (50,0)
 -- States explored : 0 states
 -- CPU user time used : 18 ms
 -- Virtual memory used : 106096 KiB
 -- Resident memory used : 63700 KiB
Options for the verification:
  Generating no trace
  Search order is breadth first
  Using conservative space optimisation
  Seed is 1748872835
  State space representation uses minimal constraint systems with future testing
  Using HashMap + Compress integers for discrete state storage

Verifying formula 1 at car/shield/synthesis.q:1
 -- Formula is satisfied.
 -- Result: $v_gameInfoPlay

 -- States stored : 67754 states
 -- States explored : 0 states
 -- CPU user time used : 56710 ms
 -- Virtual memory used : 105884 KiB
 -- Resident memory used : 63052 KiB

Verifying formula 2 at car/shield/synthesis.q:2
 -- Formula is satisfied.
 -- Result: $v_gameInfoPlay

 -- States explored : 0 states
 -- CPU user time used : 47 ms
 -- Virtual memory used : 105884 KiB
 -- Resident memory used : 63180 KiB

Verifying formula 3 at car/shield/synthesis.q:3
 -- Formula is satisfied.
i2d((cps_state.position).x):
[0]: (0,0) (0,53.745) (1,53.745) (1,56.2) (2,56.2) (2,58.7) (3,58.7) (3,61.2) (4,61.2) (4,63.7) (5,63.7) (5,65) (6,65) (6,65.5) (7,65.5) (7,66) (50,66)
i2d((cps_state.position).y):
[0]: (0,0) (0,-3.058) (1,-3.058) (1,-3) (5,-3) (5,-2.4) (50,-2.4)
i2d(cps_state.head):
[0]: (0,0) (4,0) (4,0.392) (5,0.392) (5,0) (50,0)
i2d(cps_state.vel):
[0]: (0,0) (0,2.5) (5,2.5) (5,1.5) (6,1.5) (6,0.5) (50,0.5)
i2d(cps_state.acc):
[0]: (0,0) (4,0) (4,-1) (6,-1) (6,0) (50,0)
 -- States explored : 0 states
 -- CPU user time used : 23 ms
 -- Virtual memory used : 106044 KiB
 -- Resident memory used : 63692 KiB
Options for the verification:
  Generating no trace
  Search order is breadth first
  Using conservative space optimisation
  Seed is 1748873297
  State space representation uses minimal constraint systems with future testing
  Using HashMap + Compress integers for discrete state storage

Verifying formula 1 at car/shield/synthesis.q:1
 -- Formula is satisfied.
 -- Result: $v_gameInfoPlay

 -- States stored : 7162 states
 -- States explored : 0 states
 -- CPU user time used : 7210 ms
 -- Virtual memory used : 68048 KiB
 -- Resident memory used : 25308 KiB

Verifying formula 2 at car/shield/synthesis.q:2
 -- Formula is satisfied.
 -- Result: $v_gameInfoPlay

 -- States explored : 0 states
 -- CPU user time used : 7 ms
 -- Virtual memory used : 68048 KiB
 -- Resident memory used : 25308 KiB

Verifying formula 3 at car/shield/synthesis.q:3
 -- Formula is satisfied.
i2d((cps_state.position).x):
[0]: (0,0) (0,15) (1,15) (1,18.6) (2,18.6) (2,21.9) (3,21.9) (3,25.5) (4,25.5) (4,28.8) (5,28.8) (5,32.4) (6,32.4) (6,36) (7,36) (7,39.6) (8,39.6) (8,43.2) (9,43.2) (9,46.8) (10,46.8) (10,50.4) (11,50.4) (11,54) (12,54) (12,57.6) (13,57.6) (13,61.2) (14,61.2) (14,64.8) (15,64.8) (15,68.3) (16,68.3) (16,71.8) (17,71.8) (17,75.3) (18,75.3) (18,78.8) (19,78.8) (19,82.3) (20,82.3) (20,85.8) (21,85.8) (21,89.3) (22,89.3) (22,92.8) (23,92.8) (23,96.3) (24,96.3) (24,99.8) (25,99.8) (25,103.3) (26,103.3) (26,106.8) (27,106.8) (27,110.3) (28,110.3) (28,113.8) (29,113.8) (29,117.3) (30,117.3) (30,120.8) (31,120.8) (31,124.3) (32,124.3) (32,127.8) (33,127.8) (33,131.4) (34,131.4) (34,135) (35,135) (35,138.6) (36,138.6) (36,142.2) (37,142.2) (37,145.7) (38,145.7) (38,149.2) (39,149.2) (39,152.7) (40,152.7) (40,156.2) (41,156.2) (41,159.7) (42,159.7) (42,163.2) (43,163.2) (43,166.7) (44,166.7) (44,170.2) (45,170.2) (45,173.7) (46,173.7) (46,177.2) (47,177.2) (47,180.5) (48,180.5) (48,184.1) (49,184.1) (49,187.7) (50,187.7)
i2d((cps_state.position).y):
[0]: (0,0) (2,0) (2,-1.3) (4,-1.3) (4,-2.6) (47,-2.6) (47,-1.2) (50,-1.2)
i2d(cps_state.head):
[0]: (0,0) (1,0) (1,-0.392) (2,-0.392) (2,0) (3,0) (3,-0.392) (4,-0.392) (4,0) (46,0) (46,0.392) (47,0.392) (47,0) (50,0)
i2d(cps_state.vel):
[0]: (0,0) (0,3.6) (50,3.6)
i2d(cps_state.acc):
[0]: (0,0) (50,0)
 -- States explored : 0 states
 -- CPU user time used : 158 ms
 -- Virtual memory used : 68204 KiB
 -- Resident memory used : 25820 KiB
Options for the verification:
  Generating no trace
  Search order is breadth first
  Using conservative space optimisation
  Seed is 1748873490
  State space representation uses minimal constraint systems with future testing
  Using HashMap + Compress integers for discrete state storage

Verifying formula 1 at car/shield/synthesis.q:1
 -- Formula is satisfied.
 -- Result: $v_gameInfoPlay

 -- States stored : 7162 states
 -- States explored : 0 states
 -- CPU user time used : 7180 ms
 -- Virtual memory used : 68056 KiB
 -- Resident memory used : 25052 KiB

Verifying formula 2 at car/shield/synthesis.q:2
 -- Formula is satisfied.
 -- Result: $v_gameInfoPlay

 -- States explored : 0 states
 -- CPU user time used : 7 ms
 -- Virtual memory used : 68056 KiB
 -- Resident memory used : 25308 KiB

Verifying formula 3 at car/shield/synthesis.q:3
 -- Formula is satisfied.
i2d((cps_state.position).x):
[0]: (0,0) (0,15) (1,15) (1,18.6) (2,18.6) (2,22.2) (3,22.2) (3,25.5) (4,25.5) (4,29.1) (5,29.1) (5,32.7) (6,32.7) (6,36) (7,36) (7,39.6) (8,39.6) (8,43.2) (9,43.2) (9,46.8) (10,46.8) (10,50.4) (11,50.4) (11,54) (12,54) (12,57.6) (13,57.6) (13,61.2) (14,61.2) (14,64.8) (15,64.8) (15,68.3) (16,68.3) (16,71.8) (17,71.8) (17,75.3) (18,75.3) (18,78.8) (19,78.8) (19,82.3) (20,82.3) (20,85.8) (21,85.8) (21,89.3) (22,89.3) (22,92.8) (23,92.8) (23,96.3) (24,96.3) (24,99.8) (25,99.8) (25,103.3) (26,103.3) (26,106.8) (27,106.8) (27,110.3) (28,110.3) (28,113.8) (29,113.8) (29,117.3) (30,117.3) (30,120.8) (31,120.8) (31,124.3) (32,124.3) (32,127.8) (33,127.8) (33,131.4) (34,131.4) (34,135) (35,135) (35,138.6) (36,138.6) (36,142.2) (37,142.2) (37,145.7) (38,145.7) (38,149.2) (39,149.2) (39,152.7) (40,152.7) (40,156.2) (41,156.2) (41,159.7) (42,159.7) (42,163.2) (43,163.2) (43,166.7) (44,166.7) (44,170.2) (45,170.2) (45,173.7) (46,173.7) (46,177.2) (47,177.2) (47,180.7) (48,180.7) (48,184) (49,184) (49,187.6) (50,187.6)
i2d((cps_state.position).y):
[0]: (0,0) (3,0) (3,-1.3) (6,-1.3) (6,-2.6) (48,-2.6) (48,-1.2) (50,-1.2)
i2d(cps_state.head):
[0]: (0,0) (2,0) (2,-0.392) (3,-0.392) (3,0) (5,0) (5,-0.392) (6,-0.392) (6,0) (47,0) (47,0.392) (48,0.392) (48,0) (50,0)
i2d(cps_state.vel):
[0]: (0,0) (0,3.6) (50,3.6)
i2d(cps_state.acc):
[0]: (0,0) (50,0)
 -- States explored : 0 states
 -- CPU user time used : 165 ms
 -- Virtual memory used : 68200 KiB
 -- Resident memory used : 25820 KiB
Options for the verification:
  Generating no trace
  Search order is breadth first
  Using conservative space optimisation
  Seed is 1748873540
  State space representation uses minimal constraint systems with future testing
  Using HashMap + Compress integers for discrete state storage

Verifying formula 1 at car/shield/synthesis.q:1
 -- Formula is satisfied.
 -- Result: $v_gameInfoPlay

 -- States stored : 7162 states
 -- States explored : 0 states
 -- CPU user time used : 7325 ms
 -- Virtual memory used : 68608 KiB
 -- Resident memory used : 26196 KiB

Verifying formula 2 at car/shield/synthesis.q:2
 -- Formula is satisfied.
 -- Result: $v_gameInfoPlay

 -- States explored : 0 states
 -- CPU user time used : 9 ms
 -- Virtual memory used : 68608 KiB
 -- Resident memory used : 26324 KiB

Verifying formula 3 at car/shield/synthesis.q:3
 -- Formula is satisfied.
i2d((cps_state.position).x):
[0]: (0,0) (0,15) (1,15) (1,18.6) (2,18.6) (2,21.9) (3,21.9) (3,25.5) (4,25.5) (4,28.8) (5,28.8) (5,32.4) (6,32.4) (6,36) (7,36) (7,39.6) (8,39.6) (8,43.2) (9,43.2) (9,46.8) (10,46.8) (10,50.4) (11,50.4) (11,54) (12,54) (12,57.6) (13,57.6) (13,61.2) (14,61.2) (14,64.8) (15,64.8) (15,68.3) (16,68.3) (16,71.8) (17,71.8) (17,75.3) (18,75.3) (18,78.8) (19,78.8) (19,82.3) (20,82.3) (20,85.8) (21,85.8) (21,89.3) (22,89.3) (22,92.8) (23,92.8) (23,96.3) (24,96.3) (24,99.8) (25,99.8) (25,103.3) (26,103.3) (26,106.8) (27,106.8) (27,110.3) (28,110.3) (28,113.8) (29,113.8) (29,117.3) (30,117.3) (30,120.8) (31,120.8) (31,124.3) (32,124.3) (32,127.8) (33,127.8) (33,131.4) (34,131.4) (34,135) (35,135) (35,138.6) (36,138.6) (36,142.2) (37,142.2) (37,145.7) (38,145.7) (38,149.2) (39,149.2) (39,152.7) (40,152.7) (40,156.2) (41,156.2) (41,159.7) (42,159.7) (42,163.2) (43,163.2) (43,166.7) (44,166.7) (44,170.2) (45,170.2) (45,173.7) (46,173.7) (46,177.2) (47,177.2) (47,180.5) (48,180.5) (48,184.1) (49,184.1) (49,187.7) (50,187.7)
i2d((cps_state.position).y):
[0]: (0,0) (2,0) (2,-1.3) (4,-1.3) (4,-2.6) (47,-2.6) (47,-1.2) (50,-1.2)
i2d(cps_state.head):
[0]: (0,0) (1,0) (1,-0.392) (2,-0.392) (2,0) (3,0) (3,-0.392) (4,-0.392) (4,0) (46,0) (46,0.392) (47,0.392) (47,0) (50,0)
i2d(cps_state.vel):
[0]: (0,0) (0,3.6) (50,3.6)
i2d(cps_state.acc):
[0]: (0,0) (50,0)
 -- States explored : 0 states
 -- CPU user time used : 160 ms
 -- Virtual memory used : 68776 KiB
 -- Resident memory used : 26708 KiB
Options for the verification:
  Generating no trace
  Search order is breadth first
  Using conservative space optimisation
  Seed is 1748873585
  State space representation uses minimal constraint systems with future testing
  Using HashMap + Compress integers for discrete state storage

Verifying formula 1 at car/shield/synthesis.q:1
 -- Formula is satisfied.
 -- Result: $v_gameInfoPlay

 -- States stored : 7162 states
 -- States explored : 0 states
 -- CPU user time used : 7273 ms
 -- Virtual memory used : 68616 KiB
 -- Resident memory used : 26072 KiB

Verifying formula 2 at car/shield/synthesis.q:2
 -- Formula is satisfied.
 -- Result: $v_gameInfoPlay

 -- States explored : 0 states
 -- CPU user time used : 9 ms
 -- Virtual memory used : 68616 KiB
 -- Resident memory used : 26200 KiB

Verifying formula 3 at car/shield/synthesis.q:3
 -- Formula is satisfied.
i2d((cps_state.position).x):
[0]: (0,0) (0,15) (1,15) (1,18.6) (2,18.6) (2,21.9) (3,21.9) (3,25.5) (4,25.5) (4,29.1) (5,29.1) (5,32.7) (6,32.7) (6,36.3) (7,36.3) (7,39.6) (8,39.6) (8,43.2) (9,43.2) (9,46.8) (10,46.8) (10,50.4) (11,50.4) (11,54) (12,54) (12,57.6) (13,57.6) (13,61.2) (14,61.2) (14,64.8) (15,64.8) (15,68.3) (16,68.3) (16,71.8) (17,71.8) (17,75.3) (18,75.3) (18,78.8) (19,78.8) (19,82.3) (20,82.3) (20,85.8) (21,85.8) (21,89.3) (22,89.3) (22,92.8) (23,92.8) (23,96.3) (24,96.3) (24,99.8) (25,99.8) (25,103.3) (26,103.3) (26,106.8) (27,106.8) (27,110.3) (28,110.3) (28,113.8) (29,113.8) (29,117.3) (30,117.3) (30,120.8) (31,120.8) (31,124.3) (32,124.3) (32,127.8) (33,127.8) (33,131.4) (34,131.4) (34,135) (35,135) (35,138.6) (36,138.6) (36,142.2) (37,142.2) (37,145.7) (38,145.7) (38,149.2) (39,149.2) (39,152.7) (40,152.7) (40,156.2) (41,156.2) (41,159.7) (42,159.7) (42,163.2) (43,163.2) (43,166.7) (44,166.7) (44,170.2) (45,170.2) (45,173.7) (46,173.7) (46,177.2) (47,177.2) (47,180.5) (48,180.5) (48,184.1) (49,184.1) (49,187.7) (50,187.7)
i2d((cps_state.position).y):
[0]: (0,0) (2,0) (2,-1.3) (7,-1.3) (7,-2.6) (47,-2.6) (47,-1.2) (50,-1.2)
i2d(cps_state.head):
[0]: (0,0) (1,0) (1,-0.392) (2,-0.392) (2,0) (6,0) (6,-0.392) (7,-0.392) (7,0) (46,0) (46,0.392) (47,0.392) (47,0) (50,0)
i2d(cps_state.vel):
[0]: (0,0) (0,3.6) (50,3.6)
i2d(cps_state.acc):
[0]: (0,0) (50,0)
 -- States explored : 0 states
 -- CPU user time used : 169 ms
 -- Virtual memory used : 68780 KiB
 -- Resident memory used : 26712 KiB
Options for the verification:
  Generating no trace
  Search order is breadth first
  Using conservative space optimisation
  Seed is 1748874058
  State space representation uses minimal constraint systems with future testing
  Using HashMap + Compress integers for discrete state storage

Verifying formula 1 at car/shield/synthesis.q:1
 -- Formula is satisfied.
 -- Result: $v_gameInfoPlay

 -- States stored : 6445 states
 -- States explored : 0 states
 -- CPU user time used : 6676 ms
 -- Virtual memory used : 68296 KiB
 -- Resident memory used : 25992 KiB

Verifying formula 2 at car/shield/synthesis.q:2
 -- Formula is satisfied.
 -- Result: $v_gameInfoPlay

 -- States explored : 0 states
 -- CPU user time used : 9 ms
 -- Virtual memory used : 68296 KiB
 -- Resident memory used : 26120 KiB

Verifying formula 3 at car/shield/synthesis.q:3
 -- Formula is satisfied.
i2d((cps_state.position).x):
[0]: (0,0) (0,15) (1,15) (1,18.6) (2,18.6) (2,22.2) (3,22.2) (3,25.8) (4,25.8) (4,29.4) (5,29.4) (5,33) (6,33) (6,36.6) (7,36.6) (7,40.2) (8,40.2) (8,43.8) (9,43.8) (9,47.4) (10,47.4) (10,51) (11,51) (11,54.6) (12,54.6) (12,58.2) (13,58.2) (13,61.8) (14,61.8) (14,65.09999999999999) (15,65.09999999999999) (15,68.59999999999999) (16,68.59999999999999) (16,71.90000000000001) (17,71.90000000000001) (17,75.5) (18,75.5) (18,79.09999999999999) (19,79.09999999999999) (19,82.59999999999999) (20,82.59999999999999) (20,86.09999999999999) (21,86.09999999999999) (21,89.59999999999999) (22,89.59999999999999) (22,93.09999999999999) (23,93.09999999999999) (23,96.59999999999999) (24,96.59999999999999) (24,100.1) (25,100.1) (25,103.6) (26,103.6) (26,107.1) (27,107.1) (27,110.6) (28,110.6) (28,114.1) (29,114.1) (29,117.6) (30,117.6) (30,121.1) (31,121.1) (31,124.6) (32,124.6) (32,128.1) (33,128.1) (33,131.7) (34,131.7) (34,135.2) (35,135.2) (35,138.7) (36,138.7) (36,142.2) (37,142.2) (37,145.7) (38,145.7) (38,149.2) (39,149.2) (39,152.7) (40,152.7) (40,156.2) (41,156.2) (41,159.7) (42,159.7) (42,163.2) (43,163.2) (43,166.7) (44,166.7) (44,170.2) (45,170.2) (45,173.7) (46,173.7) (46,177.2) (47,177.2) (47,180.5) (48,180.5) (48,184.1) (49,184.1) (49,187.7) (50,187.7)
i2d((cps_state.position).y):
[0]: (0,0) (14,0) (14,-1.3) (16,-1.3) (16,-2.6) (47,-2.6) (47,-1.2) (50,-1.2)
i2d(cps_state.head):
[0]: (0,0) (13,0) (13,-0.392) (14,-0.392) (14,0) (15,0) (15,-0.392) (16,-0.392) (16,0) (46,0) (46,0.392) (47,0.392) (47,0) (50,0)
i2d(cps_state.vel):
[0]: (0,0) (0,3.6) (50,3.6)
i2d(cps_state.acc):
[0]: (0,0) (50,0)
 -- States explored : 0 states
 -- CPU user time used : 199 ms
 -- Virtual memory used : 68452 KiB
 -- Resident memory used : 26760 KiB
Options for the verification:
  Generating no trace
  Search order is breadth first
  Using conservative space optimisation
  Seed is 1748874155
  State space representation uses minimal constraint systems with future testing
  Using HashMap + Compress integers for discrete state storage

Verifying formula 1 at car/shield/synthesis.q:1
 -- Formula is satisfied.
 -- Result: $v_gameInfoPlay

 -- States stored : 6445 states
 -- States explored : 0 states
 -- CPU user time used : 6933 ms
 -- Virtual memory used : 68296 KiB
 -- Resident memory used : 26124 KiB

Verifying formula 2 at car/shield/synthesis.q:2
 -- Formula is satisfied.
 -- Result: $v_gameInfoPlay

 -- States explored : 0 states
 -- CPU user time used : 10 ms
 -- Virtual memory used : 68296 KiB
 -- Resident memory used : 26252 KiB

Verifying formula 3 at car/shield/synthesis.q:3
 -- Formula is satisfied.
i2d((cps_state.position).x):
[0]: (0,0) (0,15) (1,15) (1,18.6) (2,18.6) (2,22.2) (3,22.2) (3,25.8) (4,25.8) (4,29.4) (5,29.4) (5,33) (6,33) (6,36.6) (7,36.6) (7,40.2) (8,40.2) (8,43.8) (9,43.8) (9,47.4) (10,47.4) (10,51) (11,51) (11,54.6) (12,54.6) (12,58.2) (13,58.2) (13,61.8) (14,61.8) (14,65.3) (15,65.3) (15,68.8) (16,68.8) (16,72.09999999999999) (17,72.09999999999999) (17,75.59999999999999) (18,75.59999999999999) (18,78.90000000000001) (19,78.90000000000001) (19,82.5) (20,82.5) (20,86.09999999999999) (21,86.09999999999999) (21,89.59999999999999) (22,89.59999999999999) (22,93.09999999999999) (23,93.09999999999999) (23,96.59999999999999) (24,96.59999999999999) (24,100.1) (25,100.1) (25,103.6) (26,103.6) (26,107.1) (27,107.1) (27,110.6) (28,110.6) (28,114.1) (29,114.1) (29,117.6) (30,117.6) (30,121.1) (31,121.1) (31,124.6) (32,124.6) (32,128.1) (33,128.1) (33,131.7) (34,131.7) (34,135.2) (35,135.2) (35,138.7) (36,138.7) (36,142.2) (37,142.2) (37,145.7) (38,145.7) (38,149.2) (39,149.2) (39,152.7) (40,152.7) (40,156.2) (41,156.2) (41,159.7) (42,159.7) (42,163.2) (43,163.2) (43,166.7) (44,166.7) (44,170.2) (45,170.2) (45,173.7) (46,173.7) (46,177.2) (47,177.2) (47,180.5) (48,180.5) (48,184.1) (49,184.1) (49,187.7) (50,187.7)
i2d((cps_state.position).y):
[0]: (0,0) (16,0) (16,-1.3) (18,-1.3) (18,-2.6) (47,-2.6) (47,-1.2) (50,-1.2)
i2d(cps_state.head):
[0]: (0,0) (15,0) (15,-0.392) (16,-0.392) (16,0) (17,0) (17,-0.392) (18,-0.392) (18,0) (46,0) (46,0.392) (47,0.392) (47,0) (50,0)
i2d(cps_state.vel):
[0]: (0,0) (0,3.6) (50,3.6)
i2d(cps_state.acc):
[0]: (0,0) (50,0)
 -- States explored : 0 states
 -- CPU user time used : 197 ms
 -- Virtual memory used : 68452 KiB
 -- Resident memory used : 26892 KiB
Options for the verification:
  Generating no trace
  Search order is breadth first
  Using conservative space optimisation
  Seed is 1748874196
  State space representation uses minimal constraint systems with future testing
  Using HashMap + Compress integers for discrete state storage

Verifying formula 1 at car/shield/synthesis.q:1
 -- Formula is satisfied.
 -- Result: $v_gameInfoPlay

 -- States stored : 6325 states
 -- States explored : 0 states
 -- CPU user time used : 6462 ms
 -- Virtual memory used : 68128 KiB
 -- Resident memory used : 26128 KiB

Verifying formula 2 at car/shield/synthesis.q:2
 -- Formula is satisfied.
 -- Result: $v_gameInfoPlay

 -- States explored : 0 states
 -- CPU user time used : 9 ms
 -- Virtual memory used : 68260 KiB
 -- Resident memory used : 26128 KiB

Verifying formula 3 at car/shield/synthesis.q:3
 -- Formula is satisfied.
i2d((cps_state.position).x):
[0]: (0,0) (0,15) (1,15) (1,18.6) (2,18.6) (2,22.2) (3,22.2) (3,25.8) (4,25.8) (4,29.4) (5,29.4) (5,33) (6,33) (6,36.6) (7,36.6) (7,40.2) (8,40.2) (8,43.8) (9,43.8) (9,47.4) (10,47.4) (10,51) (11,51) (11,54.6) (12,54.6) (12,58.2) (13,58.2) (13,61.8) (14,61.8) (14,65.3) (15,65.3) (15,68.8) (16,68.8) (16,72.09999999999999) (17,72.09999999999999) (17,75.59999999999999) (18,75.59999999999999) (18,78.90000000000001) (19,78.90000000000001) (19,82.5) (20,82.5) (20,86.09999999999999) (21,86.09999999999999) (21,89.59999999999999) (22,89.59999999999999) (22,93.09999999999999) (23,93.09999999999999) (23,96.59999999999999) (24,96.59999999999999) (24,100.1) (25,100.1) (25,103.6) (26,103.6) (26,107.1) (27,107.1) (27,110.6) (28,110.6) (28,114.1) (29,114.1) (29,117.6) (30,117.6) (30,121.1) (31,121.1) (31,124.6) (32,124.6) (32,128.1) (33,128.1) (33,131.7) (34,131.7) (34,135.2) (35,135.2) (35,138.7) (36,138.7) (36,142.2) (37,142.2) (37,145.7) (38,145.7) (38,149.2) (39,149.2) (39,152.7) (40,152.7) (40,156.2) (41,156.2) (41,159.7) (42,159.7) (42,163.2) (43,163.2) (43,166.7) (44,166.7) (44,170.2) (45,170.2) (45,173.7) (46,173.7) (46,177.2) (47,177.2) (47,180.5) (48,180.5) (48,184.1) (49,184.1) (49,187.7) (50,187.7)
i2d((cps_state.position).y):
[0]: (0,0) (16,0) (16,-1.3) (18,-1.3) (18,-2.6) (47,-2.6) (47,-1.2) (50,-1.2)
i2d(cps_state.head):
[0]: (0,0) (15,0) (15,-0.392) (16,-0.392) (16,0) (17,0) (17,-0.392) (18,-0.392) (18,0) (46,0) (46,0.392) (47,0.392) (47,0) (50,0)
i2d(cps_state.vel):
[0]: (0,0) (0,3.6) (50,3.6)
i2d(cps_state.acc):
[0]: (0,0) (50,0)
 -- States explored : 0 states
 -- CPU user time used : 200 ms
 -- Virtual memory used : 68464 KiB
 -- Resident memory used : 26640 KiB
Options for the verification:
  Generating no trace
  Search order is breadth first
  Using conservative space optimisation
  Seed is 1748874336
  State space representation uses minimal constraint systems with future testing
  Using HashMap + Compress integers for discrete state storage

Verifying formula 1 at car/shield/synthesis.q:1
 -- Formula is satisfied.
 -- Result: $v_gameInfoPlay

 -- States stored : 5446 states
 -- States explored : 0 states
 -- CPU user time used : 5540 ms
 -- Virtual memory used : 67596 KiB
 -- Resident memory used : 25364 KiB

Verifying formula 2 at car/shield/synthesis.q:2
 -- Formula is satisfied.
 -- Result: $v_gameInfoPlay

 -- States explored : 0 states
 -- CPU user time used : 6 ms
 -- Virtual memory used : 67732 KiB
 -- Resident memory used : 25492 KiB

Verifying formula 3 at car/shield/synthesis.q:3
 -- Formula is satisfied.
i2d((cps_state.position).x):
[0]: (0,0) (0,15) (1,15) (1,18.6) (2,18.6) (2,22.2) (3,22.2) (3,25.8) (4,25.8) (4,29.4) (5,29.4) (5,33) (6,33) (6,36.6) (7,36.6) (7,40.2) (8,40.2) (8,43.8) (9,43.8) (9,47.4) (10,47.4) (10,51) (11,51) (11,54.6) (12,54.6) (12,58.2) (13,58.2) (13,61.8) (14,61.8) (14,65.3) (15,65.3) (15,68.8) (16,68.8) (16,72.3) (17,72.3) (17,75.8) (18,75.8) (18,79.3) (19,79.3) (19,82.8) (20,82.8) (20,86.3) (21,86.3) (21,89.8) (22,89.8) (22,93.09999999999999) (23,93.09999999999999) (23,96.59999999999999) (24,96.59999999999999) (24,100.1) (25,100.1) (25,103.6) (26,103.6) (26,107.1) (27,107.1) (27,110.4) (28,110.4) (28,113.7) (29,113.7) (29,117.3) (30,117.3) (30,120.6) (31,120.6) (31,124.1) (32,124.1) (32,127.6) (33,127.6) (33,131.2) (34,131.2) (34,134.7) (35,134.7) (35,138.2) (36,138.2) (36,141.7) (37,141.7) (37,145.2) (38,145.2) (38,148.7) (39,148.7) (39,152.2) (40,152.2) (40,155.7) (41,155.7) (41,159.2) (42,159.2) (42,162.7) (43,162.7) (43,166.2) (44,166.2) (44,169.7) (45,169.7) (45,173.2) (46,173.2) (46,176.7) (47,176.7) (47,180) (48,180) (48,183.6) (49,183.6) (49,187.2) (50,187.2)
i2d((cps_state.position).y):
[0]: (0,0) (22,0) (22,1.3) (27,1.3) (27,0) (28,0) (28,-1.3) (30,-1.3) (30,-2.6) (47,-2.6) (47,-1.2) (50,-1.2)
i2d(cps_state.head):
[0]: (0,0) (21,0) (21,0.392) (22,0.392) (22,0) (26,0) (26,-0.392) (28,-0.392) (28,0) (29,0) (29,-0.392) (30,-0.392) (30,0) (46,0) (46,0.392) (47,0.392) (47,0) (50,0)
i2d(cps_state.vel):
[0]: (0,0) (0,3.6) (50,3.6)
i2d(cps_state.acc):
[0]: (0,0) (50,0)
 -- States explored : 0 states
 -- CPU user time used : 228 ms
 -- Virtual memory used : 67904 KiB
 -- Resident memory used : 26004 KiB
Options for the verification:
  Generating no trace
  Search order is breadth first
  Using conservative space optimisation
  Seed is 1748874365
  State space representation uses minimal constraint systems with future testing
  Using HashMap + Compress integers for discrete state storage

Verifying formula 1 at car/shield/synthesis.q:1
 -- Formula is satisfied.
 -- Result: $v_gameInfoPlay

 -- States stored : 2974 states
 -- States explored : 0 states
 -- CPU user time used : 3181 ms
 -- Virtual memory used : 66000 KiB
 -- Resident memory used : 23820 KiB

Verifying formula 2 at car/shield/synthesis.q:2
 -- Formula is satisfied.
 -- Result: $v_gameInfoPlay

 -- States explored : 0 states
 -- CPU user time used : 3 ms
 -- Virtual memory used : 66132 KiB
 -- Resident memory used : 23820 KiB

Verifying formula 3 at car/shield/synthesis.q:3
 -- Formula is satisfied.
i2d((cps_state.position).x):
[0]: (0,0) (0,15) (1,15) (1,18.6) (2,18.6) (2,22.2) (3,22.2) (3,25.8) (4,25.8) (4,29.4) (5,29.4) (5,33) (6,33) (6,36.6) (7,36.6) (7,40.2) (8,40.2) (8,43.8) (9,43.8) (9,47.4) (10,47.4) (10,51) (11,51) (11,54.6) (12,54.6) (12,58.2) (13,58.2) (13,61.8) (14,61.8) (14,65.3) (15,65.3) (15,68.8) (16,68.8) (16,72.3) (17,72.3) (17,75.8) (18,75.8) (18,79.3) (19,79.3) (19,82.8) (20,82.8) (20,86.09999999999999) (21,86.09999999999999) (21,89.59999999999999) (22,89.59999999999999) (22,93.09999999999999) (23,93.09999999999999) (23,96.59999999999999) (24,96.59999999999999) (24,100.1) (25,100.1) (25,103.6) (26,103.6) (26,107.1) (27,107.1) (27,110.6) (28,110.6) (28,114.1) (29,114.1) (29,117.6) (30,117.6) (30,121.1) (31,121.1) (31,124.6) (32,124.6) (32,128.1) (33,128.1) (33,131.7) (34,131.7) (34,135) (35,135) (35,138.3) (36,138.3) (36,141.9) (37,141.9) (37,145.2) (38,145.2) (38,148.7) (39,148.7) (39,152.2) (40,152.2) (40,155.7) (41,155.7) (41,159.2) (42,159.2) (42,162.7) (43,162.7) (43,166.2) (44,166.2) (44,169.7) (45,169.7) (45,173.2) (46,173.2) (46,176.7) (47,176.7) (47,180.2) (48,180.2) (48,183.5) (49,183.5) (49,187.1) (50,187.1)
i2d((cps_state.position).y):
[0]: (0,0) (20,0) (20,1.3) (34,1.3) (34,0) (35,0) (35,-1.3) (37,-1.3) (37,-2.6) (48,-2.6) (48,-1.2) (50,-1.2)
i2d(cps_state.head):
[0]: (0,0) (19,0) (19,0.392) (20,0.392) (20,0) (33,0) (33,-0.392) (35,-0.392) (35,0) (36,0) (36,-0.392) (37,-0.392) (37,0) (47,0) (47,0.392) (48,0.392) (48,0) (50,0)
i2d(cps_state.vel):
[0]: (0,0) (0,3.6) (50,3.6)
i2d(cps_state.acc):
[0]: (0,0) (50,0)
 -- States explored : 0 states
 -- CPU user time used : 254 ms
 -- Virtual memory used : 66328 KiB
 -- Resident memory used : 24332 KiB
Options for the verification:
  Generating no trace
  Search order is breadth first
  Using conservative space optimisation
  Seed is 1748936760
  State space representation uses minimal constraint systems with future testing
  Using HashMap + Compress integers for discrete state storage

Verifying formula 1 at car/shield/synthesis.q:1
 -- Formula is satisfied.
 -- Result: $v_gameInfoPlay

 -- States stored : 7162 states
 -- States explored : 0 states
 -- CPU user time used : 7198 ms
 -- Virtual memory used : 68464 KiB
 -- Resident memory used : 29300 KiB

Verifying formula 2 at car/shield/synthesis.q:2
 -- Formula is satisfied.
 -- Result: $v_gameInfoPlay

 -- States explored : 0 states
 -- CPU user time used : 5 ms
 -- Virtual memory used : 68464 KiB
 -- Resident memory used : 29428 KiB

Verifying formula 3 at car/shield/synthesis.q:3
 -- Formula is satisfied.
i2d((cps_state.position).x):
[0]: (0,0) (0,15) (1,15) (1,18.6) (2,18.6) (2,22.2) (3,22.2) (3,25.5) (4,25.5) (4,28.8) (5,28.8) (5,32.4) (6,32.4) (6,36) (7,36) (7,39.6) (8,39.6) (8,43.2) (9,43.2) (9,46.8) (10,46.8) (10,50.4) (11,50.4) (11,54) (12,54) (12,57.6) (13,57.6) (13,61.2) (14,61.2) (14,64.8) (15,64.8) (15,68.3) (16,68.3) (16,71.8) (17,71.8) (17,75.3) (18,75.3) (18,78.8) (19,78.8) (19,82.3) (20,82.3) (20,85.8) (21,85.8) (21,89.3) (22,89.3) (22,92.8) (23,92.8) (23,96.3) (24,96.3) (24,99.8) (25,99.8) (25,103.3) (26,103.3) (26,106.8) (27,106.8) (27,110.3) (28,110.3) (28,113.8) (29,113.8) (29,117.3) (30,117.3) (30,120.8) (31,120.8) (31,124.3) (32,124.3) (32,127.8) (33,127.8) (33,131.4) (34,131.4) (34,135) (35,135) (35,138.6) (36,138.6) (36,142.2) (37,142.2) (37,145.7) (38,145.7) (38,149.2) (39,149.2) (39,152.7) (40,152.7) (40,156.2) (41,156.2) (41,159.7) (42,159.7) (42,163.2) (43,163.2) (43,166.7) (44,166.7) (44,170.2) (45,170.2) (45,173.7) (46,173.7) (46,177.2) (47,177.2) (47,180.5) (48,180.5) (48,184.1) (49,184.1) (49,187.7) (50,187.7)
i2d((cps_state.position).y):
[0]: (0,0) (3,0) (3,-1.3) (4,-1.3) (4,-2.6) (47,-2.6) (47,-1.2) (50,-1.2)
i2d(cps_state.head):
[0]: (0,0) (2,0) (2,-0.392) (4,-0.392) (4,0) (46,0) (46,0.392) (47,0.392) (47,0) (50,0)
i2d(cps_state.vel):
[0]: (0,0) (0,3.6) (50,3.6)
i2d(cps_state.acc):
[0]: (0,0) (50,0)
 -- States explored : 0 states
 -- CPU user time used : 159 ms
 -- Virtual memory used : 68616 KiB
 -- Resident memory used : 30068 KiB
Options for the verification:
  Generating no trace
  Search order is breadth first
  Using conservative space optimisation
  Seed is 1748936780
  State space representation uses minimal constraint systems with future testing
  Using HashMap + Compress integers for discrete state storage

Verifying formula 1 at car/shield/synthesis.q:1
Options for the verification:
  Generating no trace
  Search order is breadth first
  Using conservative space optimisation
  Seed is 1748936787
  State space representation uses minimal constraint systems with future testing
  Using HashMap + Compress integers for discrete state storage

Verifying formula 1 at car/shield/synthesis.q:1
 -- Formula is satisfied.
 -- Result: $v_gameInfoPlay

 -- States stored : 7162 states
 -- States explored : 0 states
 -- CPU user time used : 7093 ms
 -- Virtual memory used : 68044 KiB
 -- Resident memory used : 25176 KiB

Verifying formula 2 at car/shield/synthesis.q:2
 -- Formula is satisfied.
 -- Result: $v_gameInfoPlay

 -- States explored : 0 states
 -- CPU user time used : 5 ms
 -- Virtual memory used : 68044 KiB
 -- Resident memory used : 25304 KiB

Verifying formula 3 at car/shield/synthesis.q:3
 -- Formula is satisfied.
i2d((cps_state.position).x):
[0]: (0,0) (0,15) (1,15) (1,18.6) (2,18.6) (2,21.9) (3,21.9) (3,25.2) (4,25.2) (4,28.8) (5,28.8) (5,32.4) (6,32.4) (6,36) (7,36) (7,39.6) (8,39.6) (8,43.2) (9,43.2) (9,46.8) (10,46.8) (10,50.4) (11,50.4) (11,54) (12,54) (12,57.6) (13,57.6) (13,61.2) (14,61.2) (14,64.8) (15,64.8) (15,68.3) (16,68.3) (16,71.8) (17,71.8) (17,75.3) (18,75.3) (18,78.8) (19,78.8) (19,82.3) (20,82.3) (20,85.8) (21,85.8) (21,89.3) (22,89.3) (22,92.8) (23,92.8) (23,96.3) (24,96.3) (24,99.8) (25,99.8) (25,103.3) (26,103.3) (26,106.8) (27,106.8) (27,110.3) (28,110.3) (28,113.8) (29,113.8) (29,117.3) (30,117.3) (30,120.8) (31,120.8) (31,124.3) (32,124.3) (32,127.8) (33,127.8) (33,131.4) (34,131.4) (34,135) (35,135) (35,138.6) (36,138.6) (36,142.2) (37,142.2) (37,145.7) (38,145.7) (38,149.2) (39,149.2) (39,152.7) (40,152.7) (40,156.2) (41,156.2) (41,159.7) (42,159.7) (42,163.2) (43,163.2) (43,166.7) (44,166.7) (44,170.2) (45,170.2) (45,173.7) (46,173.7) (46,177.2) (47,177.2) (47,180.5) (48,180.5) (48,184.1) (49,184.1) (49,187.7) (50,187.7)
i2d((cps_state.position).y):
[0]: (0,0) (2,0) (2,-1.3) (3,-1.3) (3,-2.6) (47,-2.6) (47,-1.2) (50,-1.2)
i2d(cps_state.head):
[0]: (0,0) (1,0) (1,-0.392) (3,-0.392) (3,0) (46,0) (46,0.392) (47,0.392) (47,0) (50,0)
i2d(cps_state.vel):
[0]: (0,0) (0,3.6) (50,3.6)
i2d(cps_state.acc):
[0]: (0,0) (50,0)
 -- States explored : 0 states
 -- CPU user time used : 164 ms
 -- Virtual memory used : 68200 KiB
 -- Resident memory used : 25816 KiB
Options for the verification:
  Generating no trace
  Search order is breadth first
  Using conservative space optimisation
  Seed is 1748936851
  State space representation uses minimal constraint systems with future testing
  Using HashMap + Compress integers for discrete state storage

Verifying formula 1 at car/shield/synthesis.q:1
 -- Formula is satisfied.
 -- Result: $v_gameInfoPlay

 -- States stored : 2974 states
 -- States explored : 0 states
 -- CPU user time used : 3199 ms
 -- Virtual memory used : 66000 KiB
 -- Resident memory used : 23828 KiB

Verifying formula 2 at car/shield/synthesis.q:2
 -- Formula is satisfied.
 -- Result: $v_gameInfoPlay

 -- States explored : 0 states
 -- CPU user time used : 3 ms
 -- Virtual memory used : 66132 KiB
 -- Resident memory used : 23828 KiB

Verifying formula 3 at car/shield/synthesis.q:3
 -- Formula is satisfied.
i2d((cps_state.position).x):
[0]: (0,0) (0,15) (1,15) (1,18.6) (2,18.6) (2,22.2) (3,22.2) (3,25.8) (4,25.8) (4,29.4) (5,29.4) (5,33) (6,33) (6,36.6) (7,36.6) (7,40.2) (8,40.2) (8,43.8) (9,43.8) (9,47.4) (10,47.4) (10,51) (11,51) (11,54.6) (12,54.6) (12,58.2) (13,58.2) (13,61.8) (14,61.8) (14,65.3) (15,65.3) (15,68.8) (16,68.8) (16,72.3) (17,72.3) (17,75.8) (18,75.8) (18,79.3) (19,79.3) (19,82.8) (20,82.8) (20,86.3) (21,86.3) (21,89.59999999999999) (22,89.59999999999999) (22,93.09999999999999) (23,93.09999999999999) (23,96.59999999999999) (24,96.59999999999999) (24,100.1) (25,100.1) (25,103.6) (26,103.6) (26,107.1) (27,107.1) (27,110.6) (28,110.6) (28,114.1) (29,114.1) (29,117.6) (30,117.6) (30,121.1) (31,121.1) (31,124.6) (32,124.6) (32,128.1) (33,128.1) (33,131.7) (34,131.7) (34,135) (35,135) (35,138.6) (36,138.6) (36,141.9) (37,141.9) (37,145.2) (38,145.2) (38,148.7) (39,148.7) (39,152.2) (40,152.2) (40,155.7) (41,155.7) (41,159.2) (42,159.2) (42,162.7) (43,162.7) (43,166.2) (44,166.2) (44,169.7) (45,169.7) (45,173.2) (46,173.2) (46,176.7) (47,176.7) (47,180.2) (48,180.2) (48,183.7) (49,183.7) (49,187.2) (50,187.2)
i2d((cps_state.position).y):
[0]: (0,0) (21,0) (21,1.3) (34,1.3) (34,0) (36,0) (36,-1.3) (37,-1.3) (37,-2.6) (50,-2.6)
i2d(cps_state.head):
[0]: (0,0) (20,0) (20,0.392) (21,0.392) (21,0) (33,0) (33,-0.392) (34,-0.392) (34,0) (35,0) (35,-0.392) (37,-0.392) (37,0) (49,0) (49,0.392) (50,0.392)
i2d(cps_state.vel):
[0]: (0,0) (0,3.6) (50,3.6)
i2d(cps_state.acc):
[0]: (0,0) (50,0)
 -- States explored : 0 states
 -- CPU user time used : 254 ms
 -- Virtual memory used : 66328 KiB
 -- Resident memory used : 24340 KiB
Options for the verification:
  Generating no trace
  Search order is breadth first
  Using conservative space optimisation
  Seed is 1748940958
  State space representation uses minimal constraint systems with future testing
  Using HashMap + Compress integers for discrete state storage

Verifying formula 1 at car/shield/synthesis.q:1
 -- Formula is satisfied.
 -- Result: $v_gameInfoPlay

 -- States stored : 7162 states
 -- States explored : 0 states
 -- CPU user time used : 7229 ms
 -- Virtual memory used : 68060 KiB
 -- Resident memory used : 25436 KiB

Verifying formula 2 at car/shield/synthesis.q:2
 -- Formula is satisfied.
 -- Result: $v_gameInfoPlay

 -- States explored : 0 states
 -- CPU user time used : 4 ms
 -- Virtual memory used : 68060 KiB
 -- Resident memory used : 25564 KiB

Verifying formula 3 at car/shield/synthesis.q:3
 -- Formula is satisfied.
i2d((cps_state.position).x):
[0]: (0,0) (0,15) (1,15) (1,18.6) (2,18.6) (2,21.9) (3,21.9) (3,25.2) (4,25.2) (4,28.8) (5,28.8) (5,32.4) (6,32.4) (6,36) (7,36) (7,39.6) (8,39.6) (8,43.2) (9,43.2) (9,46.8) (10,46.8) (10,50.4) (11,50.4) (11,54) (12,54) (12,57.6) (13,57.6) (13,61.2) (14,61.2) (14,64.8) (15,64.8) (15,68.3) (16,68.3) (16,71.8) (17,71.8) (17,75.3) (18,75.3) (18,78.8) (19,78.8) (19,82.3) (20,82.3) (20,85.8) (21,85.8) (21,89.3) (22,89.3) (22,92.8) (23,92.8) (23,96.3) (24,96.3) (24,99.8) (25,99.8) (25,103.3) (26,103.3) (26,106.8) (27,106.8) (27,110.3) (28,110.3) (28,113.8) (29,113.8) (29,117.3) (30,117.3) (30,120.8) (31,120.8) (31,124.3) (32,124.3) (32,127.8) (33,127.8) (33,131.4) (34,131.4) (34,135) (35,135) (35,138.6) (36,138.6) (36,142.2) (37,142.2) (37,145.7) (38,145.7) (38,149.2) (39,149.2) (39,152.7) (40,152.7) (40,156.2) (41,156.2) (41,159.7) (42,159.7) (42,163.2) (43,163.2) (43,166.7) (44,166.7) (44,170.2) (45,170.2) (45,173.7) (46,173.7) (46,177.2) (47,177.2) (47,180.7) (48,180.7) (48,184.2) (49,184.2) (49,187.5) (50,187.5)
i2d((cps_state.position).y):
[0]: (0,0) (2,0) (2,-1.3) (3,-1.3) (3,-2.6) (49,-2.6) (49,-1.2) (50,-1.2)
i2d(cps_state.head):
[0]: (0,0) (1,0) (1,-0.392) (3,-0.392) (3,0) (48,0) (48,0.392) (49,0.392) (49,0) (50,0)
i2d(cps_state.vel):
[0]: (0,0) (0,3.6) (50,3.6)
i2d(cps_state.acc):
[0]: (0,0) (50,0)
 -- States explored : 0 states
 -- CPU user time used : 153 ms
 -- Virtual memory used : 68196 KiB
 -- Resident memory used : 25948 KiB
Options for the verification:
  Generating no trace
  Search order is breadth first
  Using conservative space optimisation
  Seed is 1748941043
  State space representation uses minimal constraint systems with future testing
  Using HashMap + Compress integers for discrete state storage

Verifying formula 1 at car/shield/synthesis.q:1
 -- Formula is satisfied.
 -- Result: $v_gameInfoPlay

 -- States stored : 2974 states
 -- States explored : 0 states
 -- CPU user time used : 3138 ms
 -- Virtual memory used : 66004 KiB
 -- Resident memory used : 23448 KiB

Verifying formula 2 at car/shield/synthesis.q:2
 -- Formula is satisfied.
 -- Result: $v_gameInfoPlay

 -- States explored : 0 states
 -- CPU user time used : 3 ms
 -- Virtual memory used : 66136 KiB
 -- Resident memory used : 23576 KiB

Verifying formula 3 at car/shield/synthesis.q:3
 -- Formula is satisfied.
i2d((cps_state.position).x):
[0]: (0,0) (0,15) (1,15) (1,18.6) (2,18.6) (2,22.2) (3,22.2) (3,25.8) (4,25.8) (4,29.4) (5,29.4) (5,33) (6,33) (6,36.6) (7,36.6) (7,40.2) (8,40.2) (8,43.8) (9,43.8) (9,47.4) (10,47.4) (10,51) (11,51) (11,54.6) (12,54.6) (12,58.2) (13,58.2) (13,61.8) (14,61.8) (14,65.3) (15,65.3) (15,68.8) (16,68.8) (16,72.3) (17,72.3) (17,75.8) (18,75.8) (18,79.3) (19,79.3) (19,82.8) (20,82.8) (20,86.09999999999999) (21,86.09999999999999) (21,89.59999999999999) (22,89.59999999999999) (22,93.09999999999999) (23,93.09999999999999) (23,96.59999999999999) (24,96.59999999999999) (24,100.1) (25,100.1) (25,103.6) (26,103.6) (26,107.1) (27,107.1) (27,110.6) (28,110.6) (28,114.1) (29,114.1) (29,117.6) (30,117.6) (30,121.1) (31,121.1) (31,124.6) (32,124.6) (32,128.1) (33,128.1) (33,131.4) (34,131.4) (34,134.7) (35,134.7) (35,138.2) (36,138.2) (36,141.5) (37,141.5) (37,145.1) (38,145.1) (38,148.7) (39,148.7) (39,152.2) (40,152.2) (40,155.7) (41,155.7) (41,159.2) (42,159.2) (42,162.7) (43,162.7) (43,166.2) (44,166.2) (44,169.7) (45,169.7) (45,173.2) (46,173.2) (46,176.7) (47,176.7) (47,180) (48,180) (48,183.6) (49,183.6) (49,187.2) (50,187.2)
i2d((cps_state.position).y):
[0]: (0,0) (20,0) (20,1.3) (33,1.3) (33,0) (34,0) (34,-1.3) (36,-1.3) (36,-2.6) (47,-2.6) (47,-1.2) (50,-1.2)
i2d(cps_state.head):
[0]: (0,0) (19,0) (19,0.392) (20,0.392) (20,0) (32,0) (32,-0.392) (34,-0.392) (34,0) (35,0) (35,-0.392) (36,-0.392) (36,0) (46,0) (46,0.392) (47,0.392) (47,0) (50,0)
i2d(cps_state.vel):
[0]: (0,0) (0,3.6) (50,3.6)
i2d(cps_state.acc):
[0]: (0,0) (50,0)
 -- States explored : 0 states
 -- CPU user time used : 244 ms
 -- Virtual memory used : 66332 KiB
 -- Resident memory used : 24088 KiB
Options for the verification:
  Generating no trace
  Search order is breadth first
  Using conservative space optimisation
  Seed is 1749549025
  State space representation uses minimal constraint systems with future testing
  Using HashMap + Compress integers for discrete state storage

Verifying formula 1 at car/shield/synthesis.q:1
 -- Formula is satisfied.
 -- Result: $v_gameInfoPlay

 -- States stored : 7162 states
 -- States explored : 0 states
 -- CPU user time used : 7204 ms
 -- Virtual memory used : 68456 KiB
 -- Resident memory used : 29168 KiB

Verifying formula 2 at car/shield/synthesis.q:2
 -- Formula is satisfied.
 -- Result: $v_gameInfoPlay

 -- States explored : 0 states
 -- CPU user time used : 6 ms
 -- Virtual memory used : 68456 KiB
 -- Resident memory used : 29424 KiB

Verifying formula 3 at car/shield/synthesis.q:3
 -- Formula is satisfied.
cps_dyn.x:
[0]: (0,0) (0,15) (3,25.80000000000013) (5,32.45385720275872) (49,190.8538572027569) (50,194.1807858041364)
cps_dyn.y:
[0]: (0,0) (3,0) (5,-2.750669795758229) (49,-2.750669795758229) (50,-1.375334897879183)
i2d(cps_state.head):
[0]: (0,0) (3,0) (3,-0.392) (5,-0.392) (5,0) (49,0) (49,0.392) (50,0.392)
cps_dyn.vel:
[0]: (0,0) (0,3.6) (50,3.6)
i2d(cps_state.acc):
[0]: (0,0) (50,0)
 -- States explored : 0 states
 -- CPU user time used : 161 ms
 -- Virtual memory used : 68608 KiB
 -- Resident memory used : 29936 KiB
Options for the verification:
  Generating no trace
  Search order is breadth first
  Using conservative space optimisation
  Seed is 1754483238
  State space representation uses minimal constraint systems with future testing
  Using HashMap + Compress integers for discrete state storage

Verifying formula 1 at car/shield/synthesis.q:1
 -- Formula is satisfied.
 -- Result: $v_gameInfoPlay

 -- States stored : 7162 states
 -- States explored : 0 states
 -- CPU user time used : 9394 ms
 -- Virtual memory used : 68052 KiB
 -- Resident memory used : 24808 KiB

Verifying formula 2 at car/shield/synthesis.q:2
 -- Formula is satisfied.
 -- Result: $v_gameInfoPlay

 -- States explored : 0 states
 -- CPU user time used : 10 ms
 -- Virtual memory used : 68052 KiB
 -- Resident memory used : 24936 KiB

Verifying formula 3 at car/shield/synthesis.q:3
 -- Formula is satisfied.
cps_dyn.x:
[0]: (0,0) (0,15) (5,33) (6,36.32692860137929) (7,39.92692860137925) (8,43.25385720275854) (46,180.0538572027569) (47,183.3807858041366) (50,194.1807858041363)
cps_dyn.y:
[0]: (0,0) (5,0) (6,-1.375334897879115) (7,-1.375334897879115) (8,-2.750669795758229) (46,-2.750669795758229) (47,-1.375334897879116) (50,-1.375334897879116)
i2d(cps_state.head):
[0]: (0,0) (5,0) (5,-0.392) (6,-0.392) (6,0) (7,0) (7,-0.392) (8,-0.392) (8,0) (46,0) (46,0.392) (47,0.392) (47,0) (50,0)
cps_dyn.vel:
[0]: (0,0) (0,3.6) (50,3.6)
i2d(cps_state.acc):
[0]: (0,0) (50,0)
 -- States explored : 0 states
 -- CPU user time used : 211 ms
 -- Virtual memory used : 68204 KiB
 -- Resident memory used : 25448 KiB
Options for the verification:
  Generating no trace
  Search order is breadth first
  Using conservative space optimisation
  Seed is 1754483370
  State space representation uses minimal constraint systems with future testing
  Using HashMap + Compress integers for discrete state storage

Verifying formula 1 at car/shield/synthesis.q:1
 -- Formula is satisfied.
 -- Result: $v_gameInfoPlay

 -- States stored : 7162 states
 -- States explored : 0 states
 -- CPU user time used : 7676 ms
 -- Virtual memory used : 68064 KiB
 -- Resident memory used : 25428 KiB

Verifying formula 2 at car/shield/synthesis.q:2
 -- Formula is satisfied.
 -- Result: $v_gameInfoPlay

 -- States explored : 0 states
 -- CPU user time used : 8 ms
 -- Virtual memory used : 68064 KiB
 -- Resident memory used : 25428 KiB

Verifying formula 3 at car/shield/synthesis.q:3
 -- Formula is satisfied.
cps_dyn.x:
[0]: (0,0) (0,15) (3,25.80000000000013) (5,32.45385720275872) (46,180.053857202757) (47,183.3807858041367) (50,194.1807858041363)
cps_dyn.y:
[0]: (0,0) (3,0) (5,-2.750669795758229) (46,-2.750669795758229) (47,-1.375334897879116) (50,-1.375334897879116)
i2d(cps_state.head):
[0]: (0,0) (3,0) (3,-0.392) (5,-0.392) (5,0) (46,0) (46,0.392) (47,0.392) (47,0) (50,0)
cps_dyn.vel:
[0]: (0,0) (0,3.6) (50,3.6)
i2d(cps_state.acc):
[0]: (0,0) (50,0)
 -- States explored : 0 states
 -- CPU user time used : 167 ms
 -- Virtual memory used : 68208 KiB
 -- Resident memory used : 26068 KiB
Options for the verification:
  Generating no trace
  Search order is breadth first
  Using conservative space optimisation
  Seed is 1754483584
  State space representation uses minimal constraint systems with future testing
  Using HashMap + Compress integers for discrete state storage

Verifying formula 1 at car/shield/synthesis.q:1
 -- Formula is satisfied.
 -- Result: $v_gameInfoPlay

 -- States stored : 7162 states
 -- States explored : 0 states
 -- CPU user time used : 7613 ms
 -- Virtual memory used : 68064 KiB
 -- Resident memory used : 25420 KiB

Verifying formula 2 at car/shield/synthesis.q:2
 -- Formula is satisfied.
 -- Result: $v_gameInfoPlay

 -- States explored : 0 states
 -- CPU user time used : 7 ms
 -- Virtual memory used : 68064 KiB
 -- Resident memory used : 25548 KiB

Verifying formula 3 at car/shield/synthesis.q:3
 -- Formula is satisfied.
cps_dyn.x:
[0]: (0,0) (0,15) (1,18.60000000000003) (2,21.92692860137933) (4,29.12692860137943) (5,32.45385720275872) (46,180.053857202757) (47,183.3807858041367) (50,194.1807858041363)
cps_dyn.y:
[0]: (0,0) (1,0) (2,-1.375334897879115) (4,-1.375334897879115) (5,-2.750669795758229) (46,-2.750669795758229) (47,-1.375334897879116) (50,-1.375334897879116)
i2d(cps_state.head):
[0]: (0,0) (1,0) (1,-0.392) (2,-0.392) (2,0) (4,0) (4,-0.392) (5,-0.392) (5,0) (46,0) (46,0.392) (47,0.392) (47,0) (50,0)
cps_dyn.vel:
[0]: (0,0) (0,3.6) (50,3.6)
i2d(cps_state.acc):
[0]: (0,0) (50,0)
 -- States explored : 0 states
 -- CPU user time used : 167 ms
 -- Virtual memory used : 68212 KiB
 -- Resident memory used : 26060 KiB
Options for the verification:
  Generating no trace
  Search order is breadth first
  Using conservative space optimisation
  Seed is 1754483921
  State space representation uses minimal constraint systems with future testing
  Using HashMap + Compress integers for discrete state storage

Verifying formula 1 at car/shield/synthesis.q:1
 -- Formula is satisfied.
 -- Result: $v_gameInfoPlay

 -- States stored : 7162 states
 -- States explored : 0 states
 -- CPU user time used : 8621 ms
 -- Virtual memory used : 68056 KiB
 -- Resident memory used : 25172 KiB

Verifying formula 2 at car/shield/synthesis.q:2
 -- Formula is satisfied.
 -- Result: $v_gameInfoPlay

 -- States explored : 0 states
 -- CPU user time used : 12 ms
 -- Virtual memory used : 68056 KiB
 -- Resident memory used : 25300 KiB

Verifying formula 3 at car/shield/synthesis.q:3
 -- Formula is satisfied.
cps_dyn.x:
[0]: (0,0) (0,15) (5,33) (6,36.32692860137929) (7,39.92692860137925) (8,43.25385720275854) (46,180.0538572027569) (47,183.3807858041366) (50,194.1807858041363)
cps_dyn.y:
[0]: (0,0) (5,0) (6,-1.375334897879115) (7,-1.375334897879115) (8,-2.750669795758229) (46,-2.750669795758229) (47,-1.375334897879116) (50,-1.375334897879116)
i2d(cps_state.head):
[0]: (0,0) (5,0) (5,-0.392) (6,-0.392) (6,0) (7,0) (7,-0.392) (8,-0.392) (8,0) (46,0) (46,0.392) (47,0.392) (47,0) (50,0)
cps_dyn.vel:
[0]: (0,0) (0,3.6) (50,3.6)
i2d(cps_state.acc):
[0]: (0,0) (50,0)
 -- States explored : 0 states
 -- CPU user time used : 221 ms
 -- Virtual memory used : 68208 KiB
 -- Resident memory used : 25812 KiB
Options for the verification:
  Generating no trace
  Search order is breadth first
  Using conservative space optimisation
  Seed is 1754484255
  State space representation uses minimal constraint systems with future testing
  Using HashMap + Compress integers for discrete state storage

Verifying formula 1 at car/shield/synthesis.q:1
 -- Formula is satisfied.
 -- Result: $v_gameInfoPlay

 -- States stored : 2974 states
 -- States explored : 0 states
 -- CPU user time used : 3360 ms
 -- Virtual memory used : 66028 KiB
 -- Resident memory used : 23828 KiB

Verifying formula 2 at car/shield/synthesis.q:2
 -- Formula is satisfied.
 -- Result: $v_gameInfoPlay

 -- States explored : 0 states
 -- CPU user time used : 5 ms
 -- Virtual memory used : 66028 KiB
 -- Resident memory used : 23828 KiB

Verifying formula 3 at car/shield/synthesis.q:3
 -- Formula is satisfied.
cps_dyn.x:
[0]: (0,0) (0,15) (23,97.79999999999986) (24,101.1269286013791) (32,129.9269286013788) (33,133.2538572027585) (34,136.8538572027584) (35,140.1807858041381) (37,147.380785804138) (38,150.7077144055177) (50,193.9077144055171)
cps_dyn.y:
[0]: (0,0) (23,0) (24,1.375334897879115) (32,1.375334897879115) (33,0) (34,0) (35,-1.375334897879115) (37,-1.375334897879115) (38,-2.750669795758229) (50,-2.750669795758229)
i2d(cps_state.head):
[0]: (0,0) (23,0) (23,0.392) (24,0.392) (24,0) (32,0) (32,-0.392) (33,-0.392) (33,0) (34,0) (34,-0.392) (35,-0.392) (35,0) (37,0) (37,-0.392) (38,-0.392) (38,0) (50,0)
cps_dyn.vel:
[0]: (0,0) (0,3.6) (50,3.6)
i2d(cps_state.acc):
[0]: (0,0) (50,0)
 -- States explored : 0 states
 -- CPU user time used : 260 ms
 -- Virtual memory used : 66324 KiB
 -- Resident memory used : 24340 KiB
Options for the verification:
  Generating no trace
  Search order is breadth first
  Using conservative space optimisation
  Seed is 1754485409
  State space representation uses minimal constraint systems with future testing
  Using HashMap + Compress integers for discrete state storage

Verifying formula 1 at car/shield/synthesis.q:1
 -- Formula is satisfied.
 -- Result: $v_gameInfoPlay

 -- States stored : 2974 states
 -- States explored : 0 states
 -- CPU user time used : 3327 ms
 -- Virtual memory used : 66024 KiB
 -- Resident memory used : 23824 KiB

Verifying formula 2 at car/shield/synthesis.q:2
 -- Formula is satisfied.
 -- Result: $v_gameInfoPlay

 -- States explored : 0 states
 -- CPU user time used : 5 ms
 -- Virtual memory used : 66024 KiB
 -- Resident memory used : 23824 KiB

Verifying formula 3 at car/shield/synthesis.q:3
 -- Formula is satisfied.
cps_dyn.x:
[0]: (0,0) (0,15) (19,83.39999999999981) (20,86.7269286013791) (34,137.1269286013785) (37,147.1077144055175) (46,179.5077144055172) (47,182.8346430068969) (50,193.6346430068966)
cps_dyn.y:
[0]: (0,0) (19,0) (20,1.375334897879115) (34,1.375334897879115) (37,-2.750669795758229) (46,-2.750669795758229) (47,-1.375334897879116) (50,-1.375334897879116)
i2d(cps_state.head):
[0]: (0,0) (19,0) (19,0.392) (20,0.392) (20,0) (34,0) (34,-0.392) (37,-0.392) (37,0) (46,0) (46,0.392) (47,0.392) (47,0) (50,0)
cps_dyn.vel:
[0]: (0,0) (0,3.6) (50,3.6)
i2d(cps_state.acc):
[0]: (0,0) (50,0)
 -- States explored : 0 states
 -- CPU user time used : 267 ms
 -- Virtual memory used : 66320 KiB
 -- Resident memory used : 24464 KiB
Options for the verification:
  Generating no trace
  Search order is breadth first
  Using conservative space optimisation
  Seed is 1754485432
  State space representation uses minimal constraint systems with future testing
  Using HashMap + Compress integers for discrete state storage

Verifying formula 1 at car/shield/synthesis.q:1
 -- Formula is satisfied.
 -- Result: $v_gameInfoPlay

 -- States stored : 2974 states
 -- States explored : 0 states
 -- CPU user time used : 3481 ms
 -- Virtual memory used : 66024 KiB
 -- Resident memory used : 23444 KiB

Verifying formula 2 at car/shield/synthesis.q:2
 -- Formula is satisfied.
 -- Result: $v_gameInfoPlay

 -- States explored : 0 states
 -- CPU user time used : 6 ms
 -- Virtual memory used : 66156 KiB
 -- Resident memory used : 23572 KiB

Verifying formula 3 at car/shield/synthesis.q:3
 -- Formula is satisfied.
cps_dyn.x:
[0]: (0,0) (0,15) (19,83.39999999999981) (20,86.7269286013791) (32,129.9269286013785) (33,133.2538572027582) (34,136.8538572027582) (35,140.1807858041379) (36,143.7807858041378) (37,147.1077144055175) (46,179.5077144055172) (47,182.8346430068969) (50,193.6346430068966)
cps_dyn.y:
[0]: (0,0) (19,0) (20,1.375334897879115) (32,1.375334897879115) (33,0) (34,0) (35,-1.375334897879115) (36,-1.375334897879115) (37,-2.750669795758229) (46,-2.750669795758229) (47,-1.375334897879116) (50,-1.375334897879116)
i2d(cps_state.head):
[0]: (0,0) (19,0) (19,0.392) (20,0.392) (20,0) (32,0) (32,-0.392) (33,-0.392) (33,0) (34,0) (34,-0.392) (35,-0.392) (35,0) (36,0) (36,-0.392) (37,-0.392) (37,0) (46,0) (46,0.392) (47,0.392) (47,0) (50,0)
cps_dyn.vel:
[0]: (0,0) (0,3.6) (50,3.6)
i2d(cps_state.acc):
[0]: (0,0) (50,0)
 -- States explored : 0 states
 -- CPU user time used : 262 ms
 -- Virtual memory used : 66336 KiB
 -- Resident memory used : 24212 KiB
Options for the verification:
  Generating no trace
  Search order is breadth first
  Using conservative space optimisation
  Seed is 1754485780
  State space representation uses minimal constraint systems with future testing
  Using HashMap + Compress integers for discrete state storage

Verifying formula 1 at car/shield/synthesis.q:1
 -- Formula is satisfied.
 -- Result: $v_gameInfoPlay

 -- States stored : 2974 states
 -- States explored : 0 states
 -- CPU user time used : 3383 ms
 -- Virtual memory used : 66024 KiB
 -- Resident memory used : 23572 KiB

Verifying formula 2 at car/shield/synthesis.q:2
 -- Formula is satisfied.
 -- Result: $v_gameInfoPlay

 -- States explored : 0 states
 -- CPU user time used : 6 ms
 -- Virtual memory used : 66156 KiB
 -- Resident memory used : 23700 KiB

Verifying formula 3 at car/shield/synthesis.q:3
 -- Formula is satisfied.
cps_dyn.x:
[0]: (0,0) (0,15) (23,97.79999999999986) (24,101.1269286013791) (36,144.3269286013787) (37,147.6538572027583) (38,151.2538572027583) (39,154.580785804138) (50,194.1807858041374)
cps_dyn.y:
[0]: (0,0) (23,0) (24,1.375334897879115) (36,1.375334897879115) (37,0) (38,0) (39,-1.375334897879115) (50,-1.375334897879115)
i2d(cps_state.head):
[0]: (0,0) (23,0) (23,0.392) (24,0.392) (24,0) (36,0) (36,-0.392) (37,-0.392) (37,0) (38,0) (38,-0.392) (39,-0.392) (39,0) (50,0)
cps_dyn.vel:
[0]: (0,0) (0,3.6) (50,3.6)
i2d(cps_state.acc):
[0]: (0,0) (50,0)
 -- States explored : 0 states
 -- CPU user time used : 276 ms
 -- Virtual memory used : 66336 KiB
 -- Resident memory used : 24340 KiB
Options for the verification:
  Generating no trace
  Search order is breadth first
  Using conservative space optimisation
  Seed is 1754485808
  State space representation uses minimal constraint systems with future testing
  Using HashMap + Compress integers for discrete state storage

Verifying formula 1 at car/shield/synthesis.q:1
 -- Formula is satisfied.
 -- Result: $v_gameInfoPlay

 -- States stored : 2974 states
 -- States explored : 0 states
 -- CPU user time used : 3366 ms
 -- Virtual memory used : 66024 KiB
 -- Resident memory used : 23696 KiB

Verifying formula 2 at car/shield/synthesis.q:2
 -- Formula is satisfied.
 -- Result: $v_gameInfoPlay

 -- States explored : 0 states
 -- CPU user time used : 5 ms
 -- Virtual memory used : 66024 KiB
 -- Resident memory used : 23824 KiB

Verifying formula 3 at car/shield/synthesis.q:3
 -- Formula is satisfied.
cps_dyn.x:
[0]: (0,0) (0,15) (19,83.39999999999981) (20,86.7269286013791) (33,133.5269286013785) (36,143.5077144055175) (46,179.5077144055172) (47,182.8346430068969) (50,193.6346430068966)
cps_dyn.y:
[0]: (0,0) (19,0) (20,1.375334897879115) (33,1.375334897879115) (36,-2.750669795758229) (46,-2.750669795758229) (47,-1.375334897879116) (50,-1.375334897879116)
i2d(cps_state.head):
[0]: (0,0) (19,0) (19,0.392) (20,0.392) (20,0) (33,0) (33,-0.392) (36,-0.392) (36,0) (46,0) (46,0.392) (47,0.392) (47,0) (50,0)
cps_dyn.vel:
[0]: (0,0) (0,3.6) (50,3.6)
i2d(cps_state.acc):
[0]: (0,0) (50,0)
 -- States explored : 0 states
 -- CPU user time used : 261 ms
 -- Virtual memory used : 66320 KiB
 -- Resident memory used : 24464 KiB
Options for the verification:
  Generating no trace
  Search order is breadth first
  Using conservative space optimisation
  Seed is 1754487810
  State space representation uses minimal constraint systems with future testing
  Using HashMap + Compress integers for discrete state storage

Verifying formula 1 at car/shield/synthesis.q:1
 -- Formula is satisfied.
 -- Result: $v_gameInfoPlay

 -- States stored : 2974 states
 -- States explored : 0 states
 -- CPU user time used : 3319 ms
 -- Virtual memory used : 66032 KiB
 -- Resident memory used : 23828 KiB

Verifying formula 2 at car/shield/synthesis.q:2
 -- Formula is satisfied.
 -- Result: $v_gameInfoPlay

 -- States explored : 0 states
 -- CPU user time used : 4 ms
 -- Virtual memory used : 66032 KiB
 -- Resident memory used : 23828 KiB

Verifying formula 3 at car/shield/synthesis.q:3
 -- Formula is satisfied.
cps_dyn.x:
[0]: (0,0) (0,15) (19,83.39999999999981) (20,86.7269286013791) (32,129.9269286013785) (33,133.2538572027582) (35,140.4538572027581) (37,147.1077144055175) (47,183.1077144055172) (48,186.4346430068968) (50,193.6346430068966)
cps_dyn.y:
[0]: (0,0) (19,0) (20,1.375334897879115) (32,1.375334897879115) (33,0) (35,0) (37,-2.750669795758229) (47,-2.750669795758229) (48,-1.375334897879116) (50,-1.375334897879116)
i2d(cps_state.head):
[0]: (0,0) (19,0) (19,0.392) (20,0.392) (20,0) (32,0) (32,-0.392) (33,-0.392) (33,0) (35,0) (35,-0.392) (37,-0.392) (37,0) (47,0) (47,0.392) (48,0.392) (48,0) (50,0)
cps_dyn.vel:
[0]: (0,0) (0,3.6) (50,3.6)
i2d(cps_state.acc):
[0]: (0,0) (50,0)
 -- States explored : 0 states
 -- CPU user time used : 263 ms
 -- Virtual memory used : 66332 KiB
 -- Resident memory used : 24468 KiB
Options for the verification:
  Generating no trace
  Search order is breadth first
  Using conservative space optimisation
  Seed is 1754487840
  State space representation uses minimal constraint systems with future testing
  Using HashMap + Compress integers for discrete state storage

Verifying formula 1 at car/shield/synthesis.q:1
 -- Formula is satisfied.
 -- Result: $v_gameInfoPlay

 -- States stored : 2974 states
 -- States explored : 0 states
 -- CPU user time used : 3254 ms
 -- Virtual memory used : 66032 KiB
 -- Resident memory used : 23700 KiB

Verifying formula 2 at car/shield/synthesis.q:2
 -- Formula is satisfied.
 -- Result: $v_gameInfoPlay

 -- States explored : 0 states
 -- CPU user time used : 4 ms
 -- Virtual memory used : 66032 KiB
 -- Resident memory used : 23828 KiB

Verifying formula 3 at car/shield/synthesis.q:3
 -- Formula is satisfied.
cps_dyn.x:
[0]: (0,0) (0,15) (22,94.1999999999999) (23,97.5269286013792) (32,129.9269286013788) (34,136.5807858041381) (37,147.380785804138) (38,150.7077144055177) (46,179.5077144055174) (47,182.8346430068971) (50,193.6346430068968)
cps_dyn.y:
[0]: (0,0) (22,0) (23,1.375334897879115) (32,1.375334897879115) (34,-1.375334897879115) (37,-1.375334897879115) (38,-2.750669795758229) (46,-2.750669795758229) (47,-1.375334897879116) (50,-1.375334897879116)
i2d(cps_state.head):
[0]: (0,0) (22,0) (22,0.392) (23,0.392) (23,0) (32,0) (32,-0.392) (34,-0.392) (34,0) (37,0) (37,-0.392) (38,-0.392) (38,0) (46,0) (46,0.392) (47,0.392) (47,0) (50,0)
cps_dyn.vel:
[0]: (0,0) (0,3.6) (50,3.6)
i2d(cps_state.acc):
[0]: (0,0) (50,0)
 -- States explored : 0 states
 -- CPU user time used : 258 ms
 -- Virtual memory used : 66336 KiB
 -- Resident memory used : 24340 KiB
Options for the verification:
  Generating no trace
  Search order is breadth first
  Using conservative space optimisation
  Seed is 1754487957
  State space representation uses minimal constraint systems with future testing
  Using HashMap + Compress integers for discrete state storage

Verifying formula 1 at car/shield/synthesis.q:1
 -- Formula is satisfied.
 -- Result: $v_gameInfoPlay

 -- States stored : 2974 states
 -- States explored : 0 states
 -- CPU user time used : 3300 ms
 -- Virtual memory used : 66028 KiB
 -- Resident memory used : 23700 KiB

Verifying formula 2 at car/shield/synthesis.q:2
 -- Formula is satisfied.
 -- Result: $v_gameInfoPlay

 -- States explored : 0 states
 -- CPU user time used : 5 ms
 -- Virtual memory used : 66028 KiB
 -- Resident memory used : 23700 KiB

Verifying formula 3 at car/shield/synthesis.q:3
 -- Formula is satisfied.
cps_dyn.x:
[0]: (0,0) (0,15) (20,87) (21,90.32692860137929) (33,133.5269286013788) (34,136.8538572027584) (36,144.0538572027584) (37,147.380785804138) (50,194.1807858041374)
cps_dyn.y:
[0]: (0,0) (20,0) (21,1.375334897879115) (33,1.375334897879115) (34,0) (36,0) (37,-1.375334897879115) (50,-1.375334897879115)
i2d(cps_state.head):
[0]: (0,0) (20,0) (20,0.392) (21,0.392) (21,0) (33,0) (33,-0.392) (34,-0.392) (34,0) (36,0) (36,-0.392) (37,-0.392) (37,0) (50,0)
cps_dyn.vel:
[0]: (0,0) (0,3.6) (50,3.6)
i2d(cps_state.acc):
[0]: (0,0) (50,0)
 -- States explored : 0 states
 -- CPU user time used : 263 ms
 -- Virtual memory used : 66324 KiB
 -- Resident memory used : 24212 KiB
Options for the verification:
  Generating no trace
  Search order is breadth first
  Using conservative space optimisation
  Seed is 1754488030
  State space representation uses minimal constraint systems with future testing
  Using HashMap + Compress integers for discrete state storage

Verifying formula 1 at car/shield/synthesis.q:1
 -- Formula is satisfied.
 -- Result: $v_gameInfoPlay

 -- States stored : 2974 states
 -- States explored : 0 states
 -- CPU user time used : 3315 ms
 -- Virtual memory used : 66032 KiB
 -- Resident memory used : 23572 KiB

Verifying formula 2 at car/shield/synthesis.q:2
 -- Formula is satisfied.
 -- Result: $v_gameInfoPlay

 -- States explored : 0 states
 -- CPU user time used : 5 ms
 -- Virtual memory used : 66032 KiB
 -- Resident memory used : 23700 KiB

Verifying formula 3 at car/shield/synthesis.q:3
 -- Formula is satisfied.
cps_dyn.x:
[0]: (0,0) (0,15) (19,83.39999999999981) (20,86.7269286013791) (34,137.1269286013785) (36,143.7807858041378) (37,147.3807858041378) (38,150.7077144055175) (47,183.1077144055172) (48,186.4346430068968) (50,193.6346430068966)
cps_dyn.y:
[0]: (0,0) (19,0) (20,1.375334897879115) (34,1.375334897879115) (36,-1.375334897879115) (37,-1.375334897879115) (38,-2.750669795758229) (47,-2.750669795758229) (48,-1.375334897879116) (50,-1.375334897879116)
i2d(cps_state.head):
[0]: (0,0) (19,0) (19,0.392) (20,0.392) (20,0) (34,0) (34,-0.392) (36,-0.392) (36,0) (37,0) (37,-0.392) (38,-0.392) (38,0) (47,0) (47,0.392) (48,0.392) (48,0) (50,0)
cps_dyn.vel:
[0]: (0,0) (0,3.6) (50,3.6)
i2d(cps_state.acc):
[0]: (0,0) (50,0)
 -- States explored : 0 states
 -- CPU user time used : 265 ms
 -- Virtual memory used : 66328 KiB
 -- Resident memory used : 24212 KiB
Options for the verification:
  Generating no trace
  Search order is breadth first
  Using conservative space optimisation
  Seed is 1754488175
  State space representation uses minimal constraint systems with future testing
  Using HashMap + Compress integers for discrete state storage

Verifying formula 1 at car/shield/synthesis.q:1
 -- Formula is satisfied.
 -- Result: $v_gameInfoPlay

 -- States stored : 2974 states
 -- States explored : 0 states
 -- CPU user time used : 3286 ms
 -- Virtual memory used : 66020 KiB
 -- Resident memory used : 23700 KiB

Verifying formula 2 at car/shield/synthesis.q:2
 -- Formula is satisfied.
 -- Result: $v_gameInfoPlay

 -- States explored : 0 states
 -- CPU user time used : 9 ms
 -- Virtual memory used : 66152 KiB
 -- Resident memory used : 23828 KiB

Verifying formula 3 at car/shield/synthesis.q:3
 -- Formula is satisfied.
cps_dyn.x:
[0]: (0,0) (0,15) (20,87) (21,90.32692860137929) (32,129.9269286013788) (35,139.9077144055178) (46,179.5077144055174) (47,182.8346430068971) (50,193.6346430068968)
cps_dyn.y:
[0]: (0,0) (20,0) (21,1.375334897879115) (32,1.375334897879115) (35,-2.750669795758229) (46,-2.750669795758229) (47,-1.375334897879116) (50,-1.375334897879116)
i2d(cps_state.head):
[0]: (0,0) (20,0) (20,0.392) (21,0.392) (21,0) (32,0) (32,-0.392) (35,-0.392) (35,0) (46,0) (46,0.392) (47,0.392) (47,0) (50,0)
cps_dyn.vel:
[0]: (0,0) (0,3.6) (50,3.6)
i2d(cps_state.acc):
[0]: (0,0) (50,0)
 -- States explored : 0 states
 -- CPU user time used : 259 ms
 -- Virtual memory used : 66332 KiB
 -- Resident memory used : 24340 KiB
Options for the verification:
  Generating no trace
  Search order is breadth first
  Using conservative space optimisation
  Seed is 1754488292
  State space representation uses minimal constraint systems with future testing
  Using HashMap + Compress integers for discrete state storage

Verifying formula 1 at car/shield/synthesis.q:1
 -- Formula is satisfied.
 -- Result: $v_gameInfoPlay

 -- States stored : 2974 states
 -- States explored : 0 states
 -- CPU user time used : 3302 ms
 -- Virtual memory used : 66024 KiB
 -- Resident memory used : 23824 KiB

Verifying formula 2 at car/shield/synthesis.q:2
 -- Formula is satisfied.
 -- Result: $v_gameInfoPlay

 -- States explored : 0 states
 -- CPU user time used : 6 ms
 -- Virtual memory used : 66024 KiB
 -- Resident memory used : 23824 KiB

Verifying formula 3 at car/shield/synthesis.q:3
 -- Formula is satisfied.
cps_dyn.x:
[0]: (0,0) (0,15) (19,83.39999999999981) (20,86.7269286013791) (32,129.9269286013785) (35,139.9077144055176) (48,186.7077144055171) (49,190.0346430068968) (50,193.6346430068966)
cps_dyn.y:
[0]: (0,0) (19,0) (20,1.375334897879115) (32,1.375334897879115) (35,-2.750669795758229) (48,-2.750669795758229) (49,-1.375334897879116) (50,-1.375334897879116)
i2d(cps_state.head):
[0]: (0,0) (19,0) (19,0.392) (20,0.392) (20,0) (32,0) (32,-0.392) (35,-0.392) (35,0) (48,0) (48,0.392) (49,0.392) (49,0) (50,0)
cps_dyn.vel:
[0]: (0,0) (0,3.6) (50,3.6)
i2d(cps_state.acc):
[0]: (0,0) (50,0)
 -- States explored : 0 states
 -- CPU user time used : 256 ms
 -- Virtual memory used : 66324 KiB
 -- Resident memory used : 24464 KiB
Options for the verification:
  Generating no trace
  Search order is breadth first
  Using conservative space optimisation
  Seed is 1754490013
  State space representation uses minimal constraint systems with future testing
  Using HashMap + Compress integers for discrete state storage

Verifying formula 1 at car/shield/synthesis.q:1
 -- Formula is satisfied.
 -- Result: $v_gameInfoPlay

 -- States stored : 7162 states
 -- States explored : 0 states
 -- CPU user time used : 7991 ms
 -- Virtual memory used : 68060 KiB
 -- Resident memory used : 25044 KiB

Verifying formula 2 at car/shield/synthesis.q:2
 -- Formula is satisfied.
 -- Result: $v_gameInfoPlay

 -- States explored : 0 states
 -- CPU user time used : 8 ms
 -- Virtual memory used : 68060 KiB
 -- Resident memory used : 25172 KiB

Verifying formula 3 at car/shield/synthesis.q:3
 -- Formula is satisfied.
cps_dyn.x:
[0]: (0,0) (0,15) (3,25.80000000000013) (4,29.12692860137943) (6,36.3269286013794) (7,39.65385720275869) (47,183.653857202757) (48,186.9807858041367) (50,194.1807858041364)
cps_dyn.y:
[0]: (0,0) (3,0) (4,-1.375334897879115) (6,-1.375334897879115) (7,-2.750669795758229) (47,-2.750669795758229) (48,-1.375334897879116) (50,-1.375334897879116)
i2d(cps_state.head):
[0]: (0,0) (3,0) (3,-0.392) (4,-0.392) (4,0) (6,0) (6,-0.392) (7,-0.392) (7,0) (47,0) (47,0.392) (48,0.392) (48,0) (50,0)
cps_dyn.vel:
[0]: (0,0) (0,3.6) (50,3.6)
i2d(cps_state.acc):
[0]: (0,0) (50,0)
 -- States explored : 0 states
 -- CPU user time used : 182 ms
 -- Virtual memory used : 68212 KiB
 -- Resident memory used : 25684 KiB
Options for the verification:
  Generating no trace
  Search order is breadth first
  Using conservative space optimisation
  Seed is 1754490213
  State space representation uses minimal constraint systems with future testing
  Using HashMap + Compress integers for discrete state storage

Verifying formula 1 at car/shield/synthesis.q:1
 -- Formula is satisfied.
 -- Result: $v_gameInfoPlay

 -- States stored : 7162 states
 -- States explored : 0 states
 -- CPU user time used : 7454 ms
 -- Virtual memory used : 68064 KiB
 -- Resident memory used : 25300 KiB

Verifying formula 2 at car/shield/synthesis.q:2
 -- Formula is satisfied.
 -- Result: $v_gameInfoPlay

 -- States explored : 0 states
 -- CPU user time used : 7 ms
 -- Virtual memory used : 68064 KiB
 -- Resident memory used : 25300 KiB

Verifying formula 3 at car/shield/synthesis.q:3
 -- Formula is satisfied.
cps_dyn.x:
[0]: (0,0) (0,15) (2,22.20000000000008) (4,28.85385720275868) (49,190.8538572027568) (50,194.1807858041363)
cps_dyn.y:
[0]: (0,0) (2,0) (4,-2.750669795758229) (49,-2.750669795758229) (50,-1.375334897879183)
i2d(cps_state.head):
[0]: (0,0) (2,0) (2,-0.392) (4,-0.392) (4,0) (49,0) (49,0.392) (50,0.392)
cps_dyn.vel:
[0]: (0,0) (0,3.6) (50,3.6)
i2d(cps_state.acc):
[0]: (0,0) (50,0)
 -- States explored : 0 states
 -- CPU user time used : 160 ms
 -- Virtual memory used : 68208 KiB
 -- Resident memory used : 25812 KiB
Options for the verification:
  Generating no trace
  Search order is breadth first
  Using conservative space optimisation
  Seed is 1754490273
  State space representation uses minimal constraint systems with future testing
  Using HashMap + Compress integers for discrete state storage

Verifying formula 1 at car/shield/synthesis.q:1
 -- Formula is satisfied.
 -- Result: $v_gameInfoPlay

 -- States stored : 7162 states
 -- States explored : 0 states
 -- CPU user time used : 7557 ms
 -- Virtual memory used : 68060 KiB
 -- Resident memory used : 24916 KiB

Verifying formula 2 at car/shield/synthesis.q:2
 -- Formula is satisfied.
 -- Result: $v_gameInfoPlay

 -- States explored : 0 states
 -- CPU user time used : 6 ms
 -- Virtual memory used : 68060 KiB
 -- Resident memory used : 25172 KiB

Verifying formula 3 at car/shield/synthesis.q:3
 -- Formula is satisfied.
cps_dyn.x:
[0]: (0,0) (0,15) (2,22.20000000000008) (4,28.85385720275868) (47,183.6538572027569) (48,186.9807858041366) (50,194.1807858041363)
cps_dyn.y:
[0]: (0,0) (2,0) (4,-2.750669795758229) (47,-2.750669795758229) (48,-1.375334897879116) (50,-1.375334897879116)
i2d(cps_state.head):
[0]: (0,0) (2,0) (2,-0.392) (4,-0.392) (4,0) (47,0) (47,0.392) (48,0.392) (48,0) (50,0)
cps_dyn.vel:
[0]: (0,0) (0,3.6) (50,3.6)
i2d(cps_state.acc):
[0]: (0,0) (50,0)
 -- States explored : 0 states
 -- CPU user time used : 164 ms
 -- Virtual memory used : 68208 KiB
 -- Resident memory used : 25684 KiB
Options for the verification:
  Generating no trace
  Search order is breadth first
  Using conservative space optimisation
  Seed is 1754570397
  State space representation uses minimal constraint systems with future testing
  Using HashMap + Compress integers for discrete state storage

Verifying formula 1 at car/shield/synthesis.q:1
 -- Formula is NOT satisfied.
 -- States explored : 0 states
 -- CPU user time used : 2061 ms
 -- Virtual memory used : 64352 KiB
 -- Resident memory used : 21328 KiB

Verifying formula 2 at car/shield/synthesis.q:2
 -- Aborted.
 -- States explored : 0 states
 -- CPU user time used : 1 ms
 -- Virtual memory used : 64352 KiB
 -- Resident memory used : 21840 KiB

Verifying formula 3 at car/shield/synthesis.q:3
 -- Aborted.
cps_dyn.x:
cps_dyn.y:
i2d(cps_state.head):
cps_dyn.vel:
i2d(cps_state.acc):
 -- States explored : 0 states
 -- CPU user time used : 1 ms
 -- Virtual memory used : 64352 KiB
 -- Resident memory used : 21840 KiB
Options for the verification:
  Generating no trace
  Search order is breadth first
  Using conservative space optimisation
  Seed is 1754570401
  State space representation uses minimal constraint systems with future testing
  Using HashMap + Compress integers for discrete state storage

Verifying formula 1 at car/shield/synthesis.q:1
 -- Formula is satisfied.
 -- Result: $v_gameInfoPlay

 -- States stored : 7162 states
 -- States explored : 0 states
 -- CPU user time used : 7642 ms
 -- Virtual memory used : 68064 KiB
 -- Resident memory used : 25176 KiB

Verifying formula 2 at car/shield/synthesis.q:2
 -- Formula is satisfied.
 -- Result: $v_gameInfoPlay

 -- States explored : 0 states
 -- CPU user time used : 9 ms
 -- Virtual memory used : 68064 KiB
 -- Resident memory used : 25304 KiB

Verifying formula 3 at car/shield/synthesis.q:3
 -- Formula is satisfied.
cps_dyn.x:
[0]: (0,0) (0,15) (1,18.60000000000003) (2,21.92692860137933) (6,36.3269286013794) (7,39.65385720275869) (47,183.653857202757) (48,186.9807858041367) (50,194.1807858041364)
cps_dyn.y:
[0]: (0,0) (1,0) (2,-1.375334897879115) (6,-1.375334897879115) (7,-2.750669795758229) (47,-2.750669795758229) (48,-1.375334897879116) (50,-1.375334897879116)
i2d(cps_state.head):
[0]: (0,0) (1,0) (1,-0.392) (2,-0.392) (2,0) (6,0) (6,-0.392) (7,-0.392) (7,0) (47,0) (47,0.392) (48,0.392) (48,0) (50,0)
cps_dyn.vel:
[0]: (0,0) (0,3.6) (50,3.6)
i2d(cps_state.acc):
[0]: (0,0) (50,0)
 -- States explored : 0 states
 -- CPU user time used : 171 ms
 -- Virtual memory used : 68212 KiB
 -- Resident memory used : 25816 KiB
Options for the verification:
  Generating no trace
  Search order is breadth first
  Using conservative space optimisation
  Seed is 1754570441
  State space representation uses minimal constraint systems with future testing
  Using HashMap + Compress integers for discrete state storage

Verifying formula 1 at car/shield/synthesis.q:1
 -- Formula is satisfied.
 -- Result: $v_gameInfoPlay

 -- States stored : 7162 states
 -- States explored : 0 states
 -- CPU user time used : 7495 ms
 -- Virtual memory used : 68060 KiB
 -- Resident memory used : 25304 KiB

Verifying formula 2 at car/shield/synthesis.q:2
 -- Formula is satisfied.
 -- Result: $v_gameInfoPlay

 -- States explored : 0 states
 -- CPU user time used : 9 ms
 -- Virtual memory used : 68060 KiB
 -- Resident memory used : 25432 KiB

Verifying formula 3 at car/shield/synthesis.q:3
 -- Formula is satisfied.
cps_dyn.x:
[0]: (0,0) (0,15) (7,40.1999999999999) (8,43.5269286013792) (13,61.52692860137896) (14,64.85385720275825) (49,190.8538572027568) (50,194.1807858041363)
cps_dyn.y:
[0]: (0,0) (7,0) (8,-1.375334897879115) (13,-1.375334897879115) (14,-2.750669795758229) (49,-2.750669795758229) (50,-1.375334897879183)
i2d(cps_state.head):
[0]: (0,0) (7,0) (7,-0.392) (8,-0.392) (8,0) (13,0) (13,-0.392) (14,-0.392) (14,0) (49,0) (49,0.392) (50,0.392)
cps_dyn.vel:
[0]: (0,0) (0,3.6) (50,3.6)
i2d(cps_state.acc):
[0]: (0,0) (50,0)
 -- States explored : 0 states
 -- CPU user time used : 185 ms
 -- Virtual memory used : 68212 KiB
 -- Resident memory used : 25944 KiB
Options for the verification:
  Generating no trace
  Search order is breadth first
  Using conservative space optimisation
  Seed is 1756141780
  State space representation uses minimal constraint systems with future testing
  Using HashMap + Compress integers for discrete state storage

Verifying formula 1 at car/shield/synthesis.q:1
 -- Formula is satisfied.
 -- Result: $v_gameInfoPlay

 -- States stored : 7162 states
 -- States explored : 0 states
 -- CPU user time used : 7455 ms
 -- Virtual memory used : 68064 KiB
 -- Resident memory used : 25168 KiB

Verifying formula 2 at car/shield/synthesis.q:2
Options for the verification:
  Generating no trace
  Search order is breadth first
  Using conservative space optimisation
  Seed is 1756141829
  State space representation uses minimal constraint systems with future testing
  Using HashMap + Compress integers for discrete state storage

Verifying formula 1 at car/shield/synthesis.q:1
 -- Formula is satisfied.
 -- Result: $v_gameInfoPlay

 -- States stored : 7162 states
 -- States explored : 0 states
 -- CPU user time used : 7729 ms
 -- Virtual memory used : 68052 KiB
 -- Resident memory used : 25164 KiB

Verifying formula 2 at car/shield/synthesis.q:2
 -- Formula is satisfied.
 -- Result: $v_gameInfoPlay

 -- States explored : 0 states
 -- CPU user time used : 10 ms
 -- Virtual memory used : 68052 KiB
 -- Resident memory used : 25292 KiB

Verifying formula 3 at car/shield/synthesis.q:3
 -- Formula is satisfied.
cps_dyn.x:
[0]: (0,0) (0,15) (7,40.1999999999999) (8,43.5269286013792) (10,50.7269286013791) (11,54.05385720275839) (49,190.8538572027568) (50,194.1807858041363)
cps_dyn.y:
[0]: (0,0) (7,0) (8,-1.375334897879115) (10,-1.375334897879115) (11,-2.750669795758229) (49,-2.750669795758229) (50,-1.375334897879183)
i2d(cps_state.head):
[0]: (0,0) (7,0) (7,-0.392) (8,-0.392) (8,0) (10,0) (10,-0.392) (11,-0.392) (11,0) (49,0) (49,0.392) (50,0.392)
cps_dyn.vel:
[0]: (0,0) (0,3.6) (50,3.6)
i2d(cps_state.acc):
[0]: (0,0) (50,0)
 -- States explored : 0 states
 -- CPU user time used : 214 ms
 -- Virtual memory used : 68204 KiB
 -- Resident memory used : 25932 KiB
Options for the verification:
  Generating no trace
  Search order is breadth first
  Using conservative space optimisation
  Seed is 1756973012
  State space representation uses minimal constraint systems with future testing
  Using HashMap + Compress integers for discrete state storage

Verifying formula 1 at car/shield/synthesis.q:1
 -- Formula is satisfied.
 -- Result: $v_gameInfoPlay

 -- States stored : 7162 states
 -- States explored : 0 states
 -- CPU user time used : 7493 ms
 -- Virtual memory used : 68056 KiB
 -- Resident memory used : 25312 KiB

Verifying formula 2 at car/shield/synthesis.q:2
 -- Formula is satisfied.
 -- Result: $v_gameInfoPlay

 -- States explored : 0 states
 -- CPU user time used : 7 ms
 -- Virtual memory used : 68056 KiB
 -- Resident memory used : 25312 KiB

Verifying formula 3 at car/shield/synthesis.q:3
 -- Formula is satisfied.
cps_dyn.x:
[0]: (0,0) (0,15) (5,33) (7,39.65385720275859) (47,183.6538572027569) (48,186.9807858041366) (50,194.1807858041363)
cps_dyn.y:
[0]: (0,0) (5,0) (7,-2.750669795758229) (47,-2.750669795758229) (48,-1.375334897879116) (50,-1.375334897879116)
i2d(cps_state.head):
[0]: (0,0) (5,0) (5,-0.392) (7,-0.392) (7,0) (47,0) (47,0.392) (48,0.392) (48,0) (50,0)
cps_dyn.vel:
[0]: (0,0) (0,3.6) (50,3.6)
i2d(cps_state.acc):
[0]: (0,0) (50,0)
 -- States explored : 0 states
 -- CPU user time used : 179 ms
 -- Virtual memory used : 68208 KiB
 -- Resident memory used : 25824 KiB
Options for the verification:
  Generating no trace
  Search order is breadth first
  Using conservative space optimisation
  Seed is 1757505492
  State space representation uses minimal constraint systems with future testing
  Using HashMap + Compress integers for discrete state storage

Verifying formula 1 at car/shield/synthesis.q:1
 -- Formula is satisfied.
 -- Result: $v_gameInfoPlay

 -- States stored : 7162 states
 -- States explored : 0 states
 -- CPU user time used : 7896 ms
 -- Virtual memory used : 68064 KiB
 -- Resident memory used : 24660 KiB

Verifying formula 2 at car/shield/synthesis.q:2
 -- Formula is satisfied.
 -- Result: $v_gameInfoPlay

 -- States explored : 0 states
 -- CPU user time used : 7 ms
 -- Virtual memory used : 68064 KiB
 -- Resident memory used : 24788 KiB

Verifying formula 3 at car/shield/synthesis.q:3
 -- Formula is satisfied.
cps_dyn.x:
[0]: (0,0) (0,15) (3,25.80000000000013) (5,32.45385720275872) (46,180.053857202757) (47,183.3807858041367) (50,194.1807858041363)
cps_dyn.y:
[0]: (0,0) (3,0) (5,-2.750669795758229) (46,-2.750669795758229) (47,-1.375334897879116) (50,-1.375334897879116)
i2d(cps_state.head):
[0]: (0,0) (3,0) (3,-0.392) (5,-0.392) (5,0) (46,0) (46,0.392) (47,0.392) (47,0) (50,0)
cps_dyn.vel:
[0]: (0,0) (0,3.6) (50,3.6)
i2d(cps_state.acc):
[0]: (0,0) (50,0)
 -- States explored : 0 states
 -- CPU user time used : 176 ms
 -- Virtual memory used : 68208 KiB
 -- Resident memory used : 25428 KiB
Options for the verification:
  Generating no trace
  Search order is breadth first
  Using conservative space optimisation
  Seed is 1757505542
  State space representation uses minimal constraint systems with future testing
  Using HashMap + Compress integers for discrete state storage

Verifying formula 1 at car/shield/synthesis.q:1
 -- Formula is satisfied.
 -- Result: $v_gameInfoPlay

 -- States stored : 7162 states
 -- States explored : 0 states
 -- CPU user time used : 7487 ms
 -- Virtual memory used : 68056 KiB
 -- Resident memory used : 25176 KiB

Verifying formula 2 at car/shield/synthesis.q:2
 -- Formula is satisfied.
 -- Result: $v_gameInfoPlay

 -- States explored : 0 states
 -- CPU user time used : 7 ms
 -- Virtual memory used : 68056 KiB
 -- Resident memory used : 25176 KiB

Verifying formula 3 at car/shield/synthesis.q:3
 -- Formula is satisfied.
cps_dyn.x:
[0]: (0,0) (0,15) (2,22.20000000000008) (4,28.85385720275868) (50,194.4538572027566)
cps_dyn.y:
[0]: (0,0) (2,0) (4,-2.750669795758229) (50,-2.750669795758229)
i2d(cps_state.head):
[0]: (0,0) (2,0) (2,-0.392) (4,-0.392) (4,0) (50,0)
cps_dyn.vel:
[0]: (0,0) (0,3.6) (50,3.6)
i2d(cps_state.acc):
[0]: (0,0) (50,0)
 -- States explored : 0 states
 -- CPU user time used : 164 ms
 -- Virtual memory used : 68208 KiB
 -- Resident memory used : 25560 KiB
Options for the verification:
  Generating no trace
  Search order is breadth first
  Using conservative space optimisation
  Seed is 1757505571
  State space representation uses minimal constraint systems with future testing
  Using HashMap + Compress integers for discrete state storage

Verifying formula 1 at car/shield/synthesis.q:1
 -- Formula is satisfied.
 -- Result: $v_gameInfoPlay

 -- States stored : 7162 states
 -- States explored : 0 states
 -- CPU user time used : 7586 ms
 -- Virtual memory used : 68060 KiB
 -- Resident memory used : 24916 KiB

Verifying formula 2 at car/shield/synthesis.q:2
 -- Formula is satisfied.
 -- Result: $v_gameInfoPlay

 -- States explored : 0 states
 -- CPU user time used : 6 ms
 -- Virtual memory used : 68060 KiB
 -- Resident memory used : 25044 KiB

Verifying formula 3 at car/shield/synthesis.q:3
 -- Formula is satisfied.
cps_dyn.x:
[0]: (0,0) (0,15) (2,22.20000000000008) (3,25.52692860137938) (4,29.12692860137943) (5,32.45385720275872) (49,190.8538572027569) (50,194.1807858041364)
cps_dyn.y:
[0]: (0,0) (2,0) (3,-1.375334897879115) (4,-1.375334897879115) (5,-2.750669795758229) (49,-2.750669795758229) (50,-1.375334897879183)
i2d(cps_state.head):
[0]: (0,0) (2,0) (2,-0.392) (3,-0.392) (3,0) (4,0) (4,-0.392) (5,-0.392) (5,0) (49,0) (49,0.392) (50,0.392)
cps_dyn.vel:
[0]: (0,0) (0,3.6) (50,3.6)
i2d(cps_state.acc):
[0]: (0,0) (50,0)
 -- States explored : 0 states
 -- CPU user time used : 165 ms
 -- Virtual memory used : 68200 KiB
 -- Resident memory used : 25556 KiB
Options for the verification:
  Generating no trace
  Search order is breadth first
  Using conservative space optimisation
  Seed is 1758030531
  State space representation uses minimal constraint systems with future testing
  Using HashMap + Compress integers for discrete state storage

Verifying formula 1 at car/shield/synthesis.q:1
 -- Formula is satisfied.
 -- Result: $v_gameInfoPlay

 -- States stored : 7162 states
 -- States explored : 0 states
 -- CPU user time used : 7625 ms
 -- Virtual memory used : 68064 KiB
 -- Resident memory used : 24928 KiB

Verifying formula 2 at car/shield/synthesis.q:2
 -- Formula is satisfied.
 -- Result: $v_gameInfoPlay

 -- States explored : 0 states
 -- CPU user time used : 8 ms
 -- Virtual memory used : 68064 KiB
 -- Resident memory used : 24928 KiB

Verifying formula 3 at car/shield/synthesis.q:3
 -- Formula is satisfied.
cps_dyn.x:
[0]: (0,0) (0,15) (2,22.20000000000008) (4,28.85385720275868) (47,183.6538572027569) (48,186.9807858041366) (50,194.1807858041363)
cps_dyn.y:
[0]: (0,0) (2,0) (4,-2.750669795758229) (47,-2.750669795758229) (48,-1.375334897879116) (50,-1.375334897879116)
i2d(cps_state.head):
[0]: (0,0) (2,0) (2,-0.392) (4,-0.392) (4,0) (47,0) (47,0.392) (48,0.392) (48,0) (50,0)
cps_dyn.vel:
[0]: (0,0) (0,3.6) (50,3.6)
i2d(cps_state.acc):
[0]: (0,0) (50,0)
 -- States explored : 0 states
 -- CPU user time used : 164 ms
 -- Virtual memory used : 68212 KiB
 -- Resident memory used : 25440 KiB
Options for the verification:
  Generating no trace
  Search order is breadth first
  Using conservative space optimisation
  Seed is 1758030665
  State space representation uses minimal constraint systems with future testing
  Using HashMap + Compress integers for discrete state storage

Verifying formula 1 at car/shield/synthesis.q:1
 -- Formula is satisfied.
 -- Result: $v_gameInfoPlay

 -- States stored : 7162 states
 -- States explored : 0 states
 -- CPU user time used : 7866 ms
 -- Virtual memory used : 68060 KiB
 -- Resident memory used : 24928 KiB

Verifying formula 2 at car/shield/synthesis.q:2
 -- Formula is satisfied.
 -- Result: $v_gameInfoPlay

 -- States explored : 0 states
 -- CPU user time used : 8 ms
 -- Virtual memory used : 68060 KiB
 -- Resident memory used : 24928 KiB

Verifying formula 3 at car/shield/synthesis.q:3
 -- Formula is satisfied.
cps_dyn.x:
[0]: (0,0) (0,15) (2,22.20000000000008) (4,28.85385720275868) (46,180.0538572027569) (47,183.3807858041366) (50,194.1807858041363)
cps_dyn.y:
[0]: (0,0) (2,0) (4,-2.750669795758229) (46,-2.750669795758229) (47,-1.375334897879116) (50,-1.375334897879116)
i2d(cps_state.head):
[0]: (0,0) (2,0) (2,-0.392) (4,-0.392) (4,0) (46,0) (46,0.392) (47,0.392) (47,0) (50,0)
cps_dyn.vel:
[0]: (0,0) (0,3.6) (50,3.6)
i2d(cps_state.acc):
[0]: (0,0) (50,0)
 -- States explored : 0 states
 -- CPU user time used : 163 ms
 -- Virtual memory used : 68204 KiB
 -- Resident memory used : 25440 KiB
Options for the verification:
  Generating no trace
  Search order is breadth first
  Using conservative space optimisation
  Seed is 1758100067
  State space representation uses minimal constraint systems with future testing
  Using HashMap + Compress integers for discrete state storage

Verifying formula 1 at car/shield/synthesis.q:1
 -- Formula is satisfied.
 -- Result: $v_gameInfoPlay

 -- States stored : 7162 states
 -- States explored : 0 states
 -- CPU user time used : 7828 ms
 -- Virtual memory used : 68060 KiB
 -- Resident memory used : 25168 KiB

Verifying formula 2 at car/shield/synthesis.q:2
 -- Formula is satisfied.
 -- Result: $v_gameInfoPlay

 -- States explored : 0 states
 -- CPU user time used : 6 ms
 -- Virtual memory used : 68060 KiB
 -- Resident memory used : 25296 KiB

Verifying formula 3 at car/shield/synthesis.q:3
 -- Formula is satisfied.
cps_dyn.x:
[0]: (0,0) (0,15) (1,18.60000000000003) (2,21.92692860137933) (3,25.52692860137938) (4,28.85385720275868) (46,180.0538572027569) (47,183.3807858041366) (50,194.1807858041363)
cps_dyn.y:
[0]: (0,0) (1,0) (2,-1.375334897879115) (3,-1.375334897879115) (4,-2.750669795758229) (46,-2.750669795758229) (47,-1.375334897879116) (50,-1.375334897879116)
i2d(cps_state.head):
[0]: (0,0) (1,0) (1,-0.392) (2,-0.392) (2,0) (3,0) (3,-0.392) (4,-0.392) (4,0) (46,0) (46,0.392) (47,0.392) (47,0) (50,0)
cps_dyn.vel:
[0]: (0,0) (0,3.6) (50,3.6)
i2d(cps_state.acc):
[0]: (0,0) (50,0)
 -- States explored : 0 states
 -- CPU user time used : 169 ms
 -- Virtual memory used : 68204 KiB
 -- Resident memory used : 25936 KiB
Options for the verification:
  Generating no trace
  Search order is breadth first
  Using conservative space optimisation
  Seed is 1758100232
  State space representation uses minimal constraint systems with future testing
  Using HashMap + Compress integers for discrete state storage

Verifying formula 1 at car/shield/synthesis.q:1
 -- Formula is satisfied.
 -- Result: $v_gameInfoPlay

 -- States stored : 7162 states
 -- States explored : 0 states
 -- CPU user time used : 7497 ms
 -- Virtual memory used : 68068 KiB
 -- Resident memory used : 25172 KiB

Verifying formula 2 at car/shield/synthesis.q:2
 -- Formula is satisfied.
 -- Result: $v_gameInfoPlay

 -- States explored : 0 states
 -- CPU user time used : 6 ms
 -- Virtual memory used : 68068 KiB
 -- Resident memory used : 25172 KiB

Verifying formula 3 at car/shield/synthesis.q:3
 -- Formula is satisfied.
cps_dyn.x:
[0]: (0,0) (0,15) (1,18.60000000000003) (2,21.92692860137933) (5,32.72692860137945) (6,36.05385720275874) (46,180.053857202757) (47,183.3807858041367) (50,194.1807858041364)
cps_dyn.y:
[0]: (0,0) (1,0) (2,-1.375334897879115) (5,-1.375334897879115) (6,-2.750669795758229) (46,-2.750669795758229) (47,-1.375334897879116) (50,-1.375334897879116)
i2d(cps_state.head):
[0]: (0,0) (1,0) (1,-0.392) (2,-0.392) (2,0) (5,0) (5,-0.392) (6,-0.392) (6,0) (46,0) (46,0.392) (47,0.392) (47,0) (50,0)
cps_dyn.vel:
[0]: (0,0) (0,3.6) (50,3.6)
i2d(cps_state.acc):
[0]: (0,0) (50,0)
 -- States explored : 0 states
 -- CPU user time used : 169 ms
 -- Virtual memory used : 68208 KiB
 -- Resident memory used : 25556 KiB
Options for the verification:
  Generating no trace
  Search order is breadth first
  Using conservative space optimisation
  Seed is 1758100312
  State space representation uses minimal constraint systems with future testing
  Using HashMap + Compress integers for discrete state storage

Verifying formula 1 at car/shield/synthesis.q:1
 -- Formula is satisfied.
 -- Result: $v_gameInfoPlay

 -- States stored : 7162 states
 -- States explored : 0 states
 -- CPU user time used : 7523 ms
 -- Virtual memory used : 68060 KiB
 -- Resident memory used : 25172 KiB

Verifying formula 2 at car/shield/synthesis.q:2
 -- Formula is satisfied.
 -- Result: $v_gameInfoPlay

 -- States explored : 0 states
 -- CPU user time used : 8 ms
 -- Virtual memory used : 68060 KiB
 -- Resident memory used : 25172 KiB

Verifying formula 3 at car/shield/synthesis.q:3
 -- Formula is satisfied.
cps_dyn.x:
[0]: (0,0) (0,15) (1,18.60000000000003) (3,25.25385720275863) (46,180.0538572027569) (47,183.3807858041366) (50,194.1807858041363)
cps_dyn.y:
[0]: (0,0) (1,0) (3,-2.750669795758229) (46,-2.750669795758229) (47,-1.375334897879116) (50,-1.375334897879116)
i2d(cps_state.head):
[0]: (0,0) (1,0) (1,-0.392) (3,-0.392) (3,0) (46,0) (46,0.392) (47,0.392) (47,0) (50,0)
cps_dyn.vel:
[0]: (0,0) (0,3.6) (50,3.6)
i2d(cps_state.acc):
[0]: (0,0) (50,0)
 -- States explored : 0 states
 -- CPU user time used : 160 ms
 -- Virtual memory used : 68208 KiB
 -- Resident memory used : 25684 KiB
Options for the verification:
  Generating no trace
  Search order is breadth first
  Using conservative space optimisation
  Seed is 1758100619
  State space representation uses minimal constraint systems with future testing
  Using HashMap + Compress integers for discrete state storage

Verifying formula 1 at car/shield/synthesis.q:1
 -- Formula is satisfied.
 -- Result: $v_gameInfoPlay

 -- States stored : 7162 states
 -- States explored : 0 states
 -- CPU user time used : 7625 ms
 -- Virtual memory used : 68060 KiB
 -- Resident memory used : 25172 KiB

Verifying formula 2 at car/shield/synthesis.q:2
 -- Formula is satisfied.
 -- Result: $v_gameInfoPlay

 -- States explored : 0 states
 -- CPU user time used : 7 ms
 -- Virtual memory used : 68060 KiB
 -- Resident memory used : 25172 KiB

Verifying formula 3 at car/shield/synthesis.q:3
 -- Formula is satisfied.
cps_dyn.x:
[0]: (0,0) (0,15) (1,18.60000000000003) (2,21.92692860137933) (5,32.72692860137945) (6,36.05385720275874) (46,180.053857202757) (47,183.3807858041367) (50,194.1807858041364)
cps_dyn.y:
[0]: (0,0) (1,0) (2,-1.375334897879115) (5,-1.375334897879115) (6,-2.750669795758229) (46,-2.750669795758229) (47,-1.375334897879116) (50,-1.375334897879116)
i2d(cps_state.head):
[0]: (0,0) (1,0) (1,-0.392) (2,-0.392) (2,0) (5,0) (5,-0.392) (6,-0.392) (6,0) (46,0) (46,0.392) (47,0.392) (47,0) (50,0)
cps_dyn.vel:
[0]: (0,0) (0,3.6) (50,3.6)
i2d(cps_state.acc):
[0]: (0,0) (50,0)
 -- States explored : 0 states
 -- CPU user time used : 168 ms
 -- Virtual memory used : 68204 KiB
 -- Resident memory used : 25556 KiB
Options for the verification:
  Generating no trace
  Search order is breadth first
  Using conservative space optimisation
  Seed is 1758100662
  State space representation uses minimal constraint systems with future testing
  Using HashMap + Compress integers for discrete state storage

Verifying formula 1 at car/shield/synthesis.q:1
 -- Formula is satisfied.
 -- Result: $v_gameInfoPlay

 -- States stored : 7162 states
 -- States explored : 0 states
 -- CPU user time used : 7391 ms
 -- Virtual memory used : 68064 KiB
 -- Resident memory used : 25172 KiB

Verifying formula 2 at car/shield/synthesis.q:2
 -- Formula is satisfied.
 -- Result: $v_gameInfoPlay

 -- States explored : 0 states
 -- CPU user time used : 11 ms
 -- Virtual memory used : 68064 KiB
 -- Resident memory used : 25172 KiB

Verifying formula 3 at car/shield/synthesis.q:3
 -- Formula is satisfied.
cps_dyn.x:
[0]: (0,0) (0,15) (1,18.60000000000003) (2,21.92692860137933) (3,25.52692860137938) (4,28.85385720275868) (46,180.0538572027569) (47,183.3807858041366) (50,194.1807858041363)
cps_dyn.y:
[0]: (0,0) (1,0) (2,-1.375334897879115) (3,-1.375334897879115) (4,-2.750669795758229) (46,-2.750669795758229) (47,-1.375334897879116) (50,-1.375334897879116)
i2d(cps_state.head):
[0]: (0,0) (1,0) (1,-0.392) (2,-0.392) (2,0) (3,0) (3,-0.392) (4,-0.392) (4,0) (46,0) (46,0.392) (47,0.392) (47,0) (50,0)
cps_dyn.vel:
[0]: (0,0) (0,3.6) (50,3.6)
i2d(cps_state.acc):
[0]: (0,0) (50,0)
 -- States explored : 0 states
 -- CPU user time used : 160 ms
 -- Virtual memory used : 68204 KiB
 -- Resident memory used : 25684 KiB
Options for the verification:
  Generating no trace
  Search order is breadth first
  Using conservative space optimisation
  Seed is 1758100713
  State space representation uses minimal constraint systems with future testing
  Using HashMap + Compress integers for discrete state storage

Verifying formula 1 at car/shield/synthesis.q:1
 -- Formula is satisfied.
 -- Result: $v_gameInfoPlay

 -- States stored : 7162 states
 -- States explored : 0 states
 -- CPU user time used : 7424 ms
 -- Virtual memory used : 68052 KiB
 -- Resident memory used : 25296 KiB

Verifying formula 2 at car/shield/synthesis.q:2
 -- Formula is satisfied.
 -- Result: $v_gameInfoPlay

 -- States explored : 0 states
 -- CPU user time used : 5 ms
 -- Virtual memory used : 68052 KiB
 -- Resident memory used : 25296 KiB

Verifying formula 3 at car/shield/synthesis.q:3
 -- Formula is satisfied.
cps_dyn.x:
[0]: (0,0) (0,15) (1,18.60000000000003) (3,25.25385720275863) (47,183.6538572027569) (48,186.9807858041366) (50,194.1807858041363)
cps_dyn.y:
[0]: (0,0) (1,0) (3,-2.750669795758229) (47,-2.750669795758229) (48,-1.375334897879116) (50,-1.375334897879116)
i2d(cps_state.head):
[0]: (0,0) (1,0) (1,-0.392) (3,-0.392) (3,0) (47,0) (47,0.392) (48,0.392) (48,0) (50,0)
cps_dyn.vel:
[0]: (0,0) (0,3.6) (50,3.6)
i2d(cps_state.acc):
[0]: (0,0) (50,0)
 -- States explored : 0 states
 -- CPU user time used : 160 ms
 -- Virtual memory used : 68204 KiB
 -- Resident memory used : 25808 KiB
Options for the verification:
  Generating no trace
  Search order is breadth first
  Using conservative space optimisation
  Seed is 1758100737
  State space representation uses minimal constraint systems with future testing
  Using HashMap + Compress integers for discrete state storage

Verifying formula 1 at car/shield/synthesis.q:1
 -- Formula is satisfied.
 -- Result: $v_gameInfoPlay

 -- States stored : 7162 states
 -- States explored : 0 states
 -- CPU user time used : 7523 ms
 -- Virtual memory used : 68056 KiB
 -- Resident memory used : 24916 KiB

Verifying formula 2 at car/shield/synthesis.q:2
 -- Formula is satisfied.
 -- Result: $v_gameInfoPlay

 -- States explored : 0 states
 -- CPU user time used : 7 ms
 -- Virtual memory used : 68056 KiB
 -- Resident memory used : 25044 KiB

Verifying formula 3 at car/shield/synthesis.q:3
 -- Formula is satisfied.
cps_dyn.x:
[0]: (0,0) (0,15) (3,25.80000000000013) (5,32.45385720275872) (46,180.053857202757) (47,183.3807858041367) (50,194.1807858041363)
cps_dyn.y:
[0]: (0,0) (3,0) (5,-2.750669795758229) (46,-2.750669795758229) (47,-1.375334897879116) (50,-1.375334897879116)
i2d(cps_state.head):
[0]: (0,0) (3,0) (3,-0.392) (5,-0.392) (5,0) (46,0) (46,0.392) (47,0.392) (47,0) (50,0)
cps_dyn.vel:
[0]: (0,0) (0,3.6) (50,3.6)
i2d(cps_state.acc):
[0]: (0,0) (50,0)
 -- States explored : 0 states
 -- CPU user time used : 164 ms
 -- Virtual memory used : 68212 KiB
 -- Resident memory used : 25428 KiB
Options for the verification:
  Generating no trace
  Search order is breadth first
  Using conservative space optimisation
  Seed is 1758100815
  State space representation uses minimal constraint systems with future testing
  Using HashMap + Compress integers for discrete state storage

Verifying formula 1 at car/shield/synthesis.q:1
 -- Formula is satisfied.
 -- Result: $v_gameInfoPlay

 -- States stored : 7162 states
 -- States explored : 0 states
 -- CPU user time used : 7424 ms
 -- Virtual memory used : 68064 KiB
 -- Resident memory used : 24660 KiB

Verifying formula 2 at car/shield/synthesis.q:2
 -- Formula is satisfied.
 -- Result: $v_gameInfoPlay

 -- States explored : 0 states
 -- CPU user time used : 9 ms
 -- Virtual memory used : 68064 KiB
 -- Resident memory used : 24916 KiB

Verifying formula 3 at car/shield/synthesis.q:3
 -- Formula is satisfied.
cps_dyn.x:
[0]: (0,0) (0,15) (1,18.60000000000003) (3,25.25385720275863) (46,180.0538572027569) (47,183.3807858041366) (50,194.1807858041363)
cps_dyn.y:
[0]: (0,0) (1,0) (3,-2.750669795758229) (46,-2.750669795758229) (47,-1.375334897879116) (50,-1.375334897879116)
i2d(cps_state.head):
[0]: (0,0) (1,0) (1,-0.392) (3,-0.392) (3,0) (46,0) (46,0.392) (47,0.392) (47,0) (50,0)
cps_dyn.vel:
[0]: (0,0) (0,3.6) (50,3.6)
i2d(cps_state.acc):
[0]: (0,0) (50,0)
 -- States explored : 0 states
 -- CPU user time used : 160 ms
 -- Virtual memory used : 68204 KiB
 -- Resident memory used : 25428 KiB
Options for the verification:
  Generating no trace
  Search order is breadth first
  Using conservative space optimisation
  Seed is 1758808443
  State space representation uses minimal constraint systems with future testing
  Using HashMap + Compress integers for discrete state storage

Verifying formula 1 at car/shield/synthesis.q:1
Options for the verification:
  Generating no trace
  Search order is breadth first
  Using conservative space optimisation
  Seed is 1758808457
  State space representation uses minimal constraint systems with future testing
  Using HashMap + Compress integers for discrete state storage

Verifying formula 1 at car/shield/synthesis.q:1
 -- Formula is satisfied.
 -- Result: $v_gameInfoPlay

 -- States stored : 7162 states
 -- States explored : 0 states
 -- CPU user time used : 8053 ms
 -- Virtual memory used : 68056 KiB
 -- Resident memory used : 24796 KiB

Verifying formula 2 at car/shield/synthesis.q:2
 -- Formula is satisfied.
 -- Result: $v_gameInfoPlay

 -- States explored : 0 states
 -- CPU user time used : 9 ms
 -- Virtual memory used : 68056 KiB
 -- Resident memory used : 24796 KiB

Verifying formula 3 at car/shield/synthesis.q:3
 -- Formula is satisfied.
cps_dyn.x:
[0]: (0,0) (0,15) (2,22.20000000000008) (3,25.52692860137938) (4,29.12692860137943) (5,32.45385720275872) (46,180.053857202757) (47,183.3807858041367) (50,194.1807858041363)
cps_dyn.y:
[0]: (0,0) (2,0) (3,-1.375334897879115) (4,-1.375334897879115) (5,-2.750669795758229) (46,-2.750669795758229) (47,-1.375334897879116) (50,-1.375334897879116)
i2d(cps_state.head):
[0]: (0,0) (2,0) (2,-0.392) (3,-0.392) (3,0) (4,0) (4,-0.392) (5,-0.392) (5,0) (46,0) (46,0.392) (47,0.392) (47,0) (50,0)
cps_dyn.vel:
[0]: (0,0) (0,3.6) (50,3.6)
i2d(cps_state.acc):
[0]: (0,0) (50,0)
 -- States explored : 0 states
 -- CPU user time used : 183 ms
 -- Virtual memory used : 68204 KiB
 -- Resident memory used : 25180 KiB
Options for the verification:
  Generating no trace
  Search order is breadth first
  Using conservative space optimisation
  Seed is 1758809489
  State space representation uses minimal constraint systems with future testing
  Using HashMap + Compress integers for discrete state storage

Verifying formula 1 at car/shield/synthesis.q:1
 -- Formula is satisfied.
 -- Result: $v_gameInfoPlay

 -- States stored : 7162 states
 -- States explored : 0 states
 -- CPU user time used : 7590 ms
 -- Virtual memory used : 68064 KiB
 -- Resident memory used : 24800 KiB

Verifying formula 2 at car/shield/synthesis.q:2
 -- Formula is satisfied.
 -- Result: $v_gameInfoPlay

 -- States explored : 0 states
 -- CPU user time used : 9 ms
 -- Virtual memory used : 68064 KiB
 -- Resident memory used : 24800 KiB

Verifying formula 3 at car/shield/synthesis.q:3
 -- Formula is satisfied.
cps_dyn.x:
[0]: (0,0) (0,15) (1,18.60000000000003) (2,21.92692860137933) (4,29.12692860137943) (5,32.45385720275872) (46,180.053857202757) (47,183.3807858041367) (50,194.1807858041363)
cps_dyn.y:
[0]: (0,0) (1,0) (2,-1.375334897879115) (4,-1.375334897879115) (5,-2.750669795758229) (46,-2.750669795758229) (47,-1.375334897879116) (50,-1.375334897879116)
i2d(cps_state.head):
[0]: (0,0) (1,0) (1,-0.392) (2,-0.392) (2,0) (4,0) (4,-0.392) (5,-0.392) (5,0) (46,0) (46,0.392) (47,0.392) (47,0) (50,0)
cps_dyn.vel:
[0]: (0,0) (0,3.6) (50,3.6)
i2d(cps_state.acc):
[0]: (0,0) (50,0)
 -- States explored : 0 states
 -- CPU user time used : 167 ms
 -- Virtual memory used : 68212 KiB
 -- Resident memory used : 25440 KiB
Options for the verification:
  Generating no trace
  Search order is breadth first
  Using conservative space optimisation
  Seed is 1758809536
  State space representation uses minimal constraint systems with future testing
  Using HashMap + Compress integers for discrete state storage

Verifying formula 1 at car/shield/simulate.q:1
 -- Formula is satisfied.
tp[0]:
[0]: (0,0) (0,-39.28095) (0.1,-39.28095) (0.1834023877495533,-39.27399404171767) (0.2,-39.27118097685034) (0.2881511581544831,-39.26263545945163) (0.3,-39.26152370222658) (0.3909401963991428,-39.25305600158273) (0.4000000000000001,-39.25224369270789) (0.4925476322084053,-39.24400476496857) (0.5000000000000001,-39.24336942260518) (0.5934642688861814,-39.23545696900647) (0.6000000000000001,-39.23493031737644) (0.6939838609885545,-39.2274116544682) (0.7000000000000001,-39.22695672666687) (0.7942773999001672,-39.2198826091194) (0.8,-39.2194800468511) (0.8944429182484911,-39.21289271948068) (0.9,-39.21253292631977) (0.9945361499886156,-39.20647077301973) (1,-39.20614953261768) (1.094588633282164,-39.20064981068333) (1.1,-39.20036588193823) (1.194618167938077,-39.19546642496617) (1.2,-39.19522024324306) (1.294634785234478,-39.19096064741968) (1.3,-39.19075363877365) (1.394640127128087,-39.18717636263495) (1.4,-39.18701046955648) (1.494640127128087,-39.18416151133862) (1.5,-39.18403933179727) (1.594640127128087,-39.18196939979057) (1.6,-39.18189407199412) (1.694640127128087,-39.18066011913469) (1.7,-39.18063520714462) (1.794640127128087,-39.18030226419059) (1.8,-39.18032689550849) (1.88489175784355,-39.1808186048789) (1.9,-39.18103903573297) (1.98489175784355,-39.18247988485482) (2,-39.18286633050397) (2.075981867218093,-39.18500815312672) (2.1,-39.18591347506522) (2.175981867218093,-39.18909300887581) (2.2,-39.19032725945833) (2.268060731773837,-39.194148065224) (2.3,-39.19629000812041) (2.368060731773837,-39.20133924939511) (2.4,-39.20407942861743) (2.461128324471759,-39.20987163979299) (2.5,-39.21411869890738) (2.561128324471759,-39.22170920078243) (2.600000000000001,-39.22732105423385) (2.654930637693977,-39.23671718604831) (2.700000000000001,-39.24596061359) (2.754930637693977,-39.25990823144928) (2.800000000000001,-39.27382762943692) (2.854930637693977,-39.28723356115066) (2.900000000000001,-39.29575714012118) (2.954930637693977,-39.30367000806553) (3,-39.30768665080544) (3.054930637693976,-39.31010645498039) (3.1,-39.30961616148971) (3.154930637693976,-39.30654290189526) (3.2,-39.30154567217397) (3.254930637693976,-39.29297934881013) (3.3,-39.28347518285823) (3.354930637693976,-39.26941579572499) (3.4,-39.25540469354249) (3.454930637693976,-39.23585224263986) (3.5,-39.21733420422676) (3.554930637693976,-39.19228868955472) (3.600000000000001,-39.16926371491103) (3.654930637693977,-39.13872513646959) (3.700000000000001,-39.11119322559529) (3.754930637693977,-39.07516158338446) (3.800000000000001,-39.04312273627955) (3.854930637693977,-39.00159803029932) (3.900000000000001,-38.96505224696381) (3.954930637693977,-38.91803447721419) (4,-38.87698175764807) (4.054930637693976,-38.82447092412905) (4.1,-38.77891126833234) (4.154930637693975,-38.72090737104391) (4.199999999999999,-38.6708407790166) (4.254930637693975,-38.60734381795878) (4.299999999999999,-38.55277028970086) (4.354930637693974,-38.48378026487364) (4.399999999999999,-38.42469980038513) (4.454930637693974,-38.35021671178851) (4.499999999999998,-38.28662931106939) (4.554930637693974,-38.20665315870338) (4.599999999999998,-38.13855882175365) (4.654930637693973,-38.05308960561824) (4.699999999999998,-37.98048833243791) (4.754930637693973,-37.88952605253311) (4.799999999999997,-37.81241784312218) (4.854930637693973,-37.71596249944797) (4.899999999999997,-37.63434735380644) (4.954930637693972,-37.53239894636284) (5,-37.44627686449071) (5.054930637693976,-37.33883539327771) (5.1,-37.24820637517497) (5.154930637693975,-37.13527184019257) (5.199999999999999,-37.04013588585923) (5.254930637693975,-36.92170828710744) (5.299999999999999,-36.82206539654349) (5.354930637693974,-36.6981447340223) (5.399999999999999,-36.59399490722776) (5.454930637693974,-36.46458118093717) (5.499999999999998,-36.35592441791202) (5.554930637693974,-36.22101762785204) (5.599999999999998,-36.10785392859628) (5.654930637693973,-35.9674540747669) (5.699999999999998,-35.84978343928055) (5.754930637693973,-35.70389052168176) (5.799999999999997,-35.58171294996481) (5.849299458664926,-35.44612381928552) (5.898598917329855,-35.30810425198158) (5.899999999999997,-35.30411268550489) (5.949299458664925,-35.1635936089591) (5.998598917329854,-35.02064409578867) (6,-35.01651242104496) (6.049299458664929,-34.87106339863269) (6.098598917329857,-34.72318393959576) (6.1,-34.71891923011199) (6.144250843693148,-34.58416354250167) (6.188501687386296,-34.44744971772379) (6.199999999999999,-34.41141665177231) (6.244250843693147,-34.27223587979267) (6.288501687386296,-34.13109697064547) (6.299999999999999,-34.09391407343261) (6.344250843693147,-33.95030821708366) (6.388501687386295,-33.80474422356716) (6.399999999999999,-33.76641149509292) (6.43980032761041,-33.63344585634707) (6.479600655220821,-33.49889615152333) (6.499999999999998,-33.42912185830907) (6.53980032761041,-33.29217618680219) (6.579600655220821,-33.1536464492174) (6.599999999999998,-33.08183222152523) (6.639800327610409,-32.9409065172573) (6.67960065522082,-32.79839674691148) (6.699999999999998,-32.72454258474139) (6.739800327610409,-32.57963684771242) (6.77960065522082,-32.43314704460555) (6.799999999999997,-32.35733528191714) (6.835764219564775,-32.22369220477731) (6.871528439129552,-32.08877004823641) (6.899999999999997,-31.98034151751653) (6.935764219564774,-31.84312201842022) (6.971528439129552,-31.70462343992284) (7,-31.59334775311592) (7.035764219564777,-31.45255183206314) (7.071528439129555,-31.31047683160928) (7.1,-31.19635398871531) (7.135764219564777,-31.05198164570605) (7.171528439129554,-30.90633022329571) (7.199999999999999,-30.78946269080688) (7.232165312829523,-30.65651757691753) (7.264330625659047,-30.52253785567875) (7.296495938488571,-30.38752352709055) (7.299999999999998,-30.37270247303719) (7.332165312829522,-30.23654082786489) (7.364330625659046,-30.09934457534316) (7.39649593848857,-29.96111371547201) (7.399999999999997,-29.9459422552675) (7.432165312829521,-29.80660959248154) (7.464330625659045,-29.66628783601546) (7.496495938488569,-29.52497698586925) (7.499999999999996,-29.50947495239354) (7.53216531282952,-29.36712500230366) (7.564330625659044,-29.22384370328482) (7.596495938488568,-29.07963105533701) (7.599999999999994,-29.06381919316841) (7.632165312829518,-28.91863077617045) (7.661101308616477,-28.78731134886953) (7.690037304403435,-28.6552843569545) (7.699999999999993,-28.60958370121831) (7.728935995786951,-28.47665123201244) (7.75787199157391,-28.34305690080091) (7.786807987360868,-28.2088007075837) (7.799999999999993,-28.14729113649963) (7.828935995786951,-28.01211668616949) (7.857871991573909,-27.8763257237228) (7.886807987360868,-27.73991824915956) (7.899999999999992,-27.67744857721699) (7.928935995786951,-27.54018862103705) (7.957871991573909,-27.40235725307791) (7.986807987360868,-27.26395447333957) (8,-27.20059569680015) (8.028935995786959,-27.06140594835341) (8.057871991573919,-26.92168973964834) (8.086807987360878,-26.78144707068494) (8.100000000000001,-26.71726997632939) (8.128935995786961,-26.57630573422796) (8.15787199157392,-26.43485993389702) (8.186807987360879,-26.29293257533656) (8.200000000000003,-26.22800789660601) (8.228935995786962,-26.08542438732672) (8.257871991573921,-25.94240427125917) (8.286807987360881,-25.79894754840337) (8.300000000000004,-25.73334612112483) (8.328935995786964,-25.58929884137621) (8.357871991573923,-25.44486005516011) (8.386807987360882,-25.30002976247653) (8.400000000000006,-25.23384059543241) (8.426031889573872,-25.10310518391947) (8.452063779147739,-24.97208961188975) (8.478095668721606,-24.84079387934323) (8.500000000000004,-24.73008036614505) (8.52603188957387,-24.59830572336346) (8.552063779147737,-24.46628790923751) (8.578095668721604,-24.33402692376718) (8.600000000000001,-24.22253233024572) (8.626031889573868,-24.08986092005352) (8.652063779147735,-23.95698369977832) (8.678095668721602,-23.82390066942013) (8.699999999999999,-23.71174580995621) (8.726031889573866,-23.5783216162998) (8.752063779147733,-23.44472943664089) (8.778095668721599,-23.31096927097946) (8.799999999999997,-23.19827646805303) (8.826031889573864,-23.06424534846675) (8.852063779147731,-22.93008462547259) (8.878095668721597,-22.79579429907056) (8.899999999999995,-22.6826876932431) (8.926031889573862,-22.54819775258646) (8.952063779147728,-22.41361725145605) (8.978095668721595,-22.27894618985189) (9,-22.16555206971962) (9.026031889573867,-22.03075405878317) (9.052063779147733,-21.89590529992166) (9.0780956687216,-21.76100579313508) (9.099999999999998,-21.64745294953838) (9.126031889573865,-21.51250069378113) (9.152063779147731,-21.37753839050058) (9.178095668721598,-21.24256603969672) (9.199999999999996,-21.12898614910441) (9.226031889573862,-20.99403701358075) (9.252063779147729,-20.85911954774771) (9.278095668721596,-20.72423375160531) (9.299999999999994,-20.6107617943862) (9.32603188957386,-20.47597719191763) (9.352063779147727,-20.34126713490772) (9.378095668721594,-20.20663162335646) (9.399999999999991,-20.09340634364444) (9.426031889573858,-19.95895229454047) (9.452063779147725,-19.82461698218664) (9.478095668721592,-19.69040040658294) (9.499999999999989,-19.57756482168886) (9.526031889573856,-19.443612574889) (9.552063779147723,-19.30982474677687) (9.578095668721589,-19.17620133735247) (9.599999999999987,-19.06390330624406) (9.626031889573854,-18.93063003372862) (9.652063779147721,-18.79756854929447) (9.678095668721587,-18.66471885294162) (9.699999999999985,-18.5531117152957) (9.726031889573852,-18.42070129411413) (9.752063779147718,-18.2885519406679) (9.778095668721585,-18.15666365495702) (9.799999999999983,-18.04590695481011) (9.82603188957385,-17.9145508542643) (9.852063779147716,-17.78350726546551) (9.878095668721583,-17.65277618841374) (9.899999999999981,-17.54303649966841) (9.926031889573848,-17.41293479528222) (9.952063779147714,-17.28319950297952) (9.978095668721581,-17.15383062276031) (10,-17.04528249797829) (10.02603188957387,-16.91664503918728) (10.05206377914773,-16.78843068722292) (10.0780956687216,-16.66063944208522) (10.1,-16.55346651143947) (10.12603188957386,-16.42651427686767) (10.15206377914773,-16.30004503290898) (10.1780956687216,-16.17405877956339) (10.2,-16.06845503398775) (10.22603188957386,-15.94342171733895) (10.25206377914773,-15.81893492868719) (10.2780956687216,-15.69499466803246) (10.29999999999999,-15.5911659701524) (10.32603188957386,-15.46829985198867) (10.35206377914773,-15.34604800457801) (10.37809566872159,-15.22441042792041) (10.39999999999999,-15.12257630721944) (10.42603188957386,-15.00213326319044) (10.45206377914772,-14.88236787843622) (10.47809566872159,-14.76328015295679) (10.49999999999999,-14.66364492250286) (10.52603188957386,-14.54580506743124) (10.55206377914772,-14.42864287163441) (10.57809566872159,-14.31215833511236) (10.59999999999999,-14.21471353778627) (10.62603188957385,-14.09947687167204) (10.65206377914772,-13.9849178648326) (10.67809566872159,-13.87103651726794) (10.69999999999999,-13.77578215306968) (10.72603188957385,-13.66314867591284) (10.75206377914772,-13.55119285803078) (10.77809566872159,-13.43991469942351) (10.79999999999998,-13.3468507683531) (10.82603188957385,-13.23682048015364) (10.85206377914772,-13.12746785122897) (10.87809566872158,-13.01879288157909) (10.89999999999998,-12.92791938363651) (10.92603188957385,-12.82049228439444) (10.95206377914771,-12.71374284442716) (10.97809566872158,-12.60767106373466) (11,-12.51898799891993) (11.02603188957387,-12.41416408863525) (11.05206377914773,-12.31001783762535) (11.0780956687216,-12.20654924589024) (11.1,-12.12005661420334) (11.12603188957386,-12.01783589287605) (11.15206377914773,-11.91629283082354) (11.1780956687216,-11.81542742804581) (11.2,-11.73112522948676) (11.22603188957386,-11.63150769711685) (11.25206377914773,-11.53256782402173) (11.2780956687216,-11.43430561020139) (11.29999999999999,-11.35219384477018) (11.32603188957386,-11.25517950135765) (11.35206377914773,-11.15884281721992) (11.37809566872159,-11.06318379235697) (11.39999999999999,-10.98326246005359) (11.42603188957386,-10.88885130559845) (11.45206377914772,-10.7951178104181) (11.47809566872159,-10.70206197451254) (11.49999999999999,-10.62433176839081) (11.52613437580638,-10.53216503799038) (11.55236199414559,-10.44035736201094) (11.57870798488465,-10.34882944416084) (11.59999999999999,-10.27542331070478) (11.62663797625964,-10.18415777156128) (11.65343268194314,-10.09307321111523) (11.68039721373,-10.00213843842067) (11.69999999999999,-9.936562427154191) (11.72733553762035,-9.845659564405693) (11.75485420242453,-9.754904998951874) (11.782567102664,-9.664277863925715) (11.79999999999999,-9.60775521675966) (11.8281293581399,-9.517047811968254) (11.85645648613929,-9.426505094287529) (11.88499408883607,-9.336104025760974) (11.89999999999999,-9.289000041313473) (11.92899062741845,-9.198439373876289) (11.95819014676786,-9.1080787835892) (11.98761443786204,-9.017888405432235) (12,-8.980291973925649) (12.02991337830373,-8.88986776580006) (12.06004597555414,-8.79968886104945) (12.09036869733972,-8.709860431238493) (12.1,-8.681621861151017) (12.13054517948881,-8.592361617572816) (12.16115289610957,-8.503855458011147) (12.1917990441299,-8.41617735549028) (12.2,-8.392966055797752) (12.23067306920356,-8.30640331789588) (12.26134744548935,-8.220777808626298) (12.29202182177513,-8.136093216717239) (12.3,-8.114312106825091) (12.33067437628579,-8.030813157917498) (12.36134875257157,-7.948255126370428) (12.39202312885736,-7.866638012183879) (12.4,-7.845658168278858) (12.43067437628579,-7.765226656999844) (12.46134875257157,-7.685736063081352) (12.49202312885736,-7.607186386523382) (12.5,-7.587004229732624) (12.53067437628579,-7.509640156082189) (12.56134875257157,-7.433216999792275) (12.59202312885736,-7.357734760862884) (12.6,-7.338350291186391) (12.63067437628579,-7.264053655164534) (12.66134875257157,-7.190697936503199) (12.69202312885736,-7.118283135202386) (12.7,-7.099696352640158) (12.73067437628579,-7.028467154246879) (12.76134875257157,-6.958178873214123) (12.79202312885736,-6.888831509541889) (12.8,-6.871042414093925) (12.83067437628579,-6.802880653329225) (12.86134875257157,-6.735659809925047) (12.89202312885736,-6.669379883881391) (12.9,-6.652388475547691) (12.93067437628579,-6.58729415241157) (12.96134875257157,-6.523140746635971) (12.99202312885736,-6.459928258220894) (13,-6.443734537001458) (13.03067437628579,-6.381707651493916) (13.06134875257157,-6.320621683346896) (13.09202312885736,-6.260476632560397) (13.1,-6.245080598455225) (13.13067964255398,-6.186111189810036) (13.16136406293646,-6.128074131344357) (13.19206063646798,-6.070956365823008) (13.2,-6.056427275482344) (13.23073616012462,-6.00042458743548) (13.26148997290629,-5.945335532441575) (13.2922671238033,-5.89115190508858) (13.3,-5.877776272264533) (13.33083567578082,-5.824678898355926) (13.36169610577248,-5.772491265167949) (13.39258675573151,-5.721206759678887) (13.4,-5.709128582603085) (13.43096253438701,-5.658912946305666) (13.46195507532121,-5.609609182403994) (13.49298336283279,-5.561211306515884) (13.5,-5.55048476216057) (13.53111184371199,-5.503142802775629) (13.56225835289763,-5.456718199013673) (13.59344573137325,-5.411205331190913) (13.6,-5.401845159568378) (13.63128219600236,-5.357377528806829) (13.66260353375283,-5.313835284262403) (13.69397077854389,-5.271213124791409) (13.7,-5.263209979927526) (13.73147336301281,-5.221623958296961) (13.7629903034565,-5.18097367497211) (13.79455822194082,-5.141254174078866) (13.8,-5.1345792941837) (13.83168556507592,-5.095888168416278) (13.86341915898921,-5.058145415796679) (13.89520888986288,-5.021346482959897) (13.9,-5.015953030261924) (13.93191924057438,-4.980175947013587) (13.96389100594089,-4.945362184470382) (13.99592419005902,-4.911507668495701) (14,-4.90733095688545) (14.03217497548921,-4.874492955746957) (14.06440703623953,-4.842635598738801) (14.09670594981264,-4.811755385902456) (14.1,-4.808712663120594) (14.13245348497707,-4.778844800385639) (14.1649686973236,-4.749977367235686) (14.19755637746613,-4.722107553120432) (14.2,-4.720097534186185) (14.23275561268871,-4.693237072395837) (14.26557769276919,-4.667399394541193) (14.29847806613285,-4.64258251845609) (14.3,-4.641484723224924) (14.33308233701878,-4.617675381418163) (14.36623599548609,-4.59491387466947) (14.39947401468945,-4.573199216327815) (14.4,-4.572873118388061) (14.43343478098566,-4.552165384815753) (14.46694586774967,-4.532533384419464) (14.5,-4.514279762455918) (14.53370364184424,-4.496784936473663) (14.56751621303847,-4.480376857610471) (14.6,-4.465715781521207) (14.63405547132417,-4.451455857374476) (14.66823907322423,-4.438310800214694) (14.7,-4.427187364140595) (14.73445998414512,-4.416217997725542) (14.76906186614131,-4.406400752359597) (14.8,-4.398698108115178) (14.83490537389399,-4.3910930482898) (14.86996439486231,-4.384683647332718) (14.9,-4.380250475435658) (14.93538780831174,-4.376096157627757) (14.97094048419792,-4.373186478111784) (15,-4.371846393604493) (15.03590700505241,-4.371240468498536) (15.07199024372659,-4.371933569590936) (15.1,-4.373487493530771) (15.13646437065714,-4.376538924018944) (15.17311681747417,-4.38094949505212) (15.2,-4.385175190740202) (15.2370622310054,-4.392005032828807) (15.27432504635324,-4.400260356084315) (15.3,-4.406910696040379) (15.33770353130478,-4.417653249609544) (15.37562095494086,-4.429894476756775) (15.4,-4.438694990617045) (15.43839174212637,-4.45349922619632) (15.47701160155213,-4.469882919605109) (15.5,-4.480528778662674) (15.53913086040548,-4.499560033937335) (15.57850509754876,-4.520259985798446) (15.6,-4.532412420989711) (15.63992545959135,-4.555854399489727) (15.68011000429319,-4.581063295789868) (15.7,-4.594345830324039) (15.74078202397385,-4.622403869954888) (15.78184319509944,-4.652339982649194) (15.8,-4.66632860263637) (15.84171118899496,-4.699235783441648) (15.88372193977389,-4.734144200508456) (15.9,-4.74835964032702) (15.94271742123948,-4.786375393043473) (15.9857560088478,-4.826529283159495) (16,-4.840436811768646) (16.04380779960447,-4.883851478016681) (16.08796005391446,-4.929556929377376) (16.1,-4.942556794445176) (16.14499138820476,-4.991696817825644) (16.1903525678706,-5.043298367588108) (16.2,-5.054714796523449) (16.24627914987642,-5.109948836989011) (16.2929558071587,-5.167836011805595) (16.3,-5.176904162759759) (16.34768414269159,-5.235197503453558) (16.39572282088652,-5.292727472420382) (16.4,-5.297741898756517) (16.44935569499227,-5.355470062015878) (16.49930517823833,-5.412592454982808) (16.5,-5.413368680607749) (16.5517084683377,-5.471083819199709) (16.6,-5.523658875832085) (16.65340421433903,-5.580415963959567) (16.7,-5.628600636161324) (16.75583884272706,-5.684928978369594) (16.8,-5.728141062565569) (16.858889522854,-5.784332325295334) (16.9,-5.822237419092892) (16.96252830518021,-5.878453108703687) (17,-5.91085389903371) (17.06679157790531,-5.967181717543086) (17.1,-5.993960551635053) (17.17176907685377,-6.050443786430217) (17.2,-6.071533961254596) (17.27760541191193,-6.128185523102121) (17.3,-6.143559854328094) (17.38391572916438,-6.199992215477682) (17.4,-6.210055673555509) (17.48845594411508,-6.264519239419193) (17.5,-6.271062710725794) (17.59111692925552,-6.322064941891538) (17.6,-6.326591514791677) (17.69264875865652,-6.37330353170362) (17.70000000000001,-6.376635080960213) (17.79352170219208,-6.418605895247175) (17.8,-6.421179386841897) (17.89401634245636,-6.458164311237003) (17.9,-6.460207526795354) (17.99429572640551,-6.49207166465595) (18,-6.493701347911283) (18.09445324456708,-6.520367214549122) (18.1,-6.521642120569428) (18.19454196413781,-6.543061825904822) (18.2,-6.544010822880247) (18.2945919055127,-6.560151516188317) (18.3,-6.560788260829074) (18.39462000912852,-6.57176499755959) (18.4,-6.572111474205773) (18.49463582108158,-6.573856438070401) (18.5,-6.573447675947094) (18.59464471646633,-6.565727490283472) (18.59999999999999,-6.564783794287715) (18.69464972048767,-6.551642513076238) (18.7,-6.550621905326633) (18.79465253536596,-6.53228050665192) (18.79999999999999,-6.530966223732313) (18.89465411877178,-6.521305846333006) (18.9,-6.521266259332798) (18.99465500944918,-6.504739817901537) (19,-6.503390317255977) (19.09465551045892,-6.481471552342381) (19.1,-6.479953008147554) (19.19465579227807,-6.452759573969798) (19.2,-6.450942310847872) (19.2946559508017,-6.418455266975537) (19.3,-6.416338181403806) (19.39465603997137,-6.392527928149782) (19.4,-6.39168951998972) (19.49465606863306,-6.363313216439348) (19.5,-6.361424855693422) (19.59465606863306,-6.327659215840925) (19.6,-6.325464836454623) (19.69465606863306,-6.286276228521462) (19.70000000000001,-6.283773888873146) (19.79465606863306,-6.239127787638332) (19.80000000000001,-6.236315490543071) (19.89465606863306,-6.200337417208044) (19.90000000000001,-6.198812063856101) (19.99465606863307,-6.158079177269795) (20,-6.155514536895192) (20.08446228404722,-6.114675810481306) (20.1,-6.10638541487267) (20.18446228404722,-6.060501251957182) (20.2,-6.05136020904046) (20.27532607873033,-6.015413136993592) (20.3,-6.005496850876517) (20.37532607873034,-5.967929855641836) (20.40000000000001,-5.954602254024386) (20.46756983854355,-5.917046099530898) (20.50000000000001,-5.897660216056463) (20.56756983854356,-5.863308947216013) (20.60000000000001,-5.848794117539562) (20.66080977044003,-5.817481387411982) (20.70000000000001,-5.795773645292551) (20.76080977044003,-5.760522894028187) (20.80000000000001,-5.736251266458955) (20.86080977044003,-5.703144858371506) (20.90000000000001,-5.683950201833462) (20.95464412111221,-5.654315568576862) (21,-5.628036115964562) (21.0546441211122,-5.599705438107867) (21.1,-5.578668755216762) (21.1546441211122,-5.550688639490949) (21.2,-5.52569831799407) (21.24916416119286,-5.497166600244936) (21.29832832238571,-5.466866368228965) (21.29999999999999,-5.46577596814935) (21.34916416119285,-5.437832717936019) (21.39832832238571,-5.412306582468486) (21.39999999999999,-5.411520830577452) (21.44916416119285,-5.384196201351691) (21.49832832238571,-5.354990891740012) (21.49999999999999,-5.353933907295737) (21.54916416119285,-5.327081765619323) (21.59832832238571,-5.302646738688708) (21.59999999999999,-5.301889791647764) (21.64420209577693,-5.278357923867952) (21.68840419155386,-5.253189132783993) (21.69999999999999,-5.246157024377314) (21.74420209577692,-5.222512634376678) (21.78840419155386,-5.200822069647117) (21.79999999999998,-5.195644409038749) (21.84420209577692,-5.176420228615808) (21.88840419155386,-5.159149873463941) (21.89999999999998,-5.155131793700185) (21.94420209577692,-5.136484900175636) (21.98840419155386,-5.115948909242857) (22,-5.110065997489037) (22.04420209577694,-5.09098825325132) (22.08840419155388,-5.073864334284677) (22.1,-5.069884670028683) (22.14420209577694,-5.051319484826513) (22.18396496038994,-5.033037721939793) (22.2,-5.025027696450385) (22.239762864613,-5.007689419856818) (22.27952572922599,-4.991932228665481) (22.3,-4.984632819247375) (22.339762864613,-4.971270829115108) (22.379525729226,-4.959489924385072) (22.4,-4.954237942044366) (22.439762864613,-4.941690067568935) (22.479525729226,-4.927561107691272) (22.5,-4.919471858486946) (22.539762864613,-4.906109868354679) (22.579525729226,-4.894328963624643) (22.6,-4.889076981283937) (22.639762864613,-4.879691277612969) (22.679525729226,-4.871886659344233) (22.7,-4.868682104080928) (22.739762864613,-4.860110516066796) (22.779525729226,-4.849957842650433) (22.8,-4.843916020523507) (22.839762864613,-4.83453031685254) (22.879525729226,-4.826725698583804) (22.90000000000001,-4.823521143320498) (22.93976286461301,-4.81811172611083) (22.979525729226,-4.814283394303394) (23,-4.813126266117489) (23.039762864613,-4.808530964564657) (23.079525729226,-4.802354577609593) (23.1,-4.798360182560068) (23.139762864613,-4.7929507653504) (23.179525729226,-4.789122433542964) (23.2,-4.787965305357059) (23.239762864613,-4.78653217460869) (23.279525729226,-4.786680129262554) (23.3,-4.787570428154049) (23.339762864613,-4.786951413062517) (23.379525729226,-4.784751312568754) (23.40000000000001,-4.782804344596629) (23.43976286461301,-4.781371213848261) (23.479525729226,-4.781519168502125) (23.50000000000001,-4.782409467393619) (23.53976286461301,-4.784952623106551) (23.57952572922601,-4.789076864221714) (23.60000000000001,-4.792014590190609) (23.63976286461301,-4.798534032364841) (23.67952572922601,-4.806634559941304) (23.70000000000001,-4.811619712987599) (23.73976286461301,-4.82211544162313) (23.77952572922601,-4.834192255660893) (23.80000000000001,-4.841224835784589) (23.83976286461301,-4.85569685088142) (23.87952572922601,-4.871749951380483) (23.90000000000001,-4.880829958581579) (23.93976286461301,-4.896116089335247) (23.97952572922601,-4.909821134686683) (24,-4.916063875024159) (24.039762864613,-4.930535890120991) (24.079525729226,-4.946588990620054) (24.1,-4.955668997821149) (24.139762864613,-4.974117299379281) (24.179525729226,-4.994146686339644) (24.2,-5.00527412061814) (24.239762864613,-5.027698708637572) (24.279525729226,-5.051704382059235) (24.3,-5.064879243415131) (24.339762864613,-5.091280117895862) (24.379525729226,-5.119262077778825) (24.40000000000001,-5.134484366212122) (24.43976286461301,-5.164861527154152) (24.479525729226,-5.196819773498415) (24.50000000000001,-5.214089489009112) (24.53976286461301,-5.248442936412443) (24.57952572922601,-5.284377469218005) (24.60000000000001,-5.303694611806102) (24.63976286461301,-5.342024345670732) (24.67952572922601,-5.381935164937595) (24.70000000000001,-5.403299734603092) (24.73976286461301,-5.442443584124559) (24.77952572922601,-5.480006348243795) (24.80000000000001,-5.498533651045673) (24.83976286461301,-5.536863384910303) (24.87952572922601,-5.576774204177165) (24.90000000000001,-5.598138773842662) (24.93976286461301,-5.640444794168593) (24.97952572922601,-5.684331899896755) (25,-5.707743896639652) (25.039762864613,-5.754026203426883) (25.079525729226,-5.801889595616345) (25.1,-5.827349019436642) (25.139762864613,-5.877607612685173) (25.179525729226,-5.929447291335935) (25.2,-5.956954142233633) (25.239762864613,-6.008093850773999) (25.279525729226,-6.057719473547134) (25.3,-6.082492553796747) (25.339762864613,-6.132919645053789) (25.379525729226,-6.184927821713063) (25.40000000000001,-6.212521433810808) (25.43976286461301,-6.26692481152915) (25.479525729226,-6.322909274649724) (25.50000000000001,-6.352550313824869) (25.53976286461301,-6.410929978004511) (25.57952572922601,-6.470890727586384) (25.60000000000001,-6.50257919383893) (25.63976286461301,-6.561956321594664) (25.67952572922601,-6.619935711867423) (25.70000000000001,-6.64907013393016) (25.73976286461301,-6.707910901506252) (25.77952572922601,-6.768332754484574) (25.80000000000001,-6.800258647187292) (25.83976286461301,-6.860168596668661) (25.87952572922601,-6.918752526996241) (25.90000000000001,-6.948235160823954) (25.93976286461301,-7.007717396893133) (25.97952572922601,-7.068780718364544) (26,-7.101036909192115) (26.039762864613,-7.164495431722594) (26.079525729226,-7.229535039655305) (26.1,-7.263838657560276) (26.139762864613,-7.328361192411147) (26.179525729226,-7.39155253852334) (26.2,-7.423404911950525) (26.239762864613,-7.487491901936724) (26.279525729226,-7.553159977325155) (26.3,-7.587787198999278) (26.33982460041096,-7.653048069462145) (26.37972082408468,-7.717097000139659) (26.4,-7.748973473712248) (26.44046335934292,-7.814884870290375) (26.48130744689961,-7.883084680477192) (26.5,-7.915068204479312) (26.54173670937735,-7.984088753590352) (26.58385818466767,-8.052268848566046) (26.6,-8.077824299688405) (26.64320256740941,-8.14562237214286) (26.68693245645597,-8.212658376349463) (26.7,-8.232208504496004) (26.74507736857823,-8.3028524581237) (26.79080401590251,-8.3766048689759) (26.8,-8.391864086292973) (26.84720530277196,-8.466581387832466) (26.8950047363005,-8.540337994024238) (26.9,-8.547844108204293) (26.94943872976435,-8.62188955011764) (26.999584622929,-8.694900304663459) (27,-8.695487429597348) (27.05207677083708,-8.769079318913004) (27.1,-8.834734856129153) (27.15388731720603,-8.911682662128415) (27.2,-8.980068734558014) (27.25642934620631,-9.060582297437671) (27.29999999999999,-9.12063951434317) (27.35944136619193,-9.200316178820527) (27.4,-9.252601049656556) (27.46295948108602,-9.331514389128754) (27.5,-9.375922243737854) (27.56680942194792,-9.453813672085642) (27.6,-9.490583936836558) (27.67109921888136,-9.567212111320769) (27.7,-9.596569407330483) (27.7759462479454,-9.671677808487058) (27.8,-9.693868026204035) (27.88149024242476,-9.767157775758562) (27.9,-9.782480087443226) (27.98675060778978,-9.852730673813364) (28,-9.862460021729206) (28.09012461471348,-9.92749686101083) (28.1,-9.93385458751175) (28.19207983862111,-9.992277439904703) (28.2,-9.996674780389357) (28.29319823424502,-10.04773383860388) (28.3,-10.05091495272056) (28.39383329076899,-10.09421494430086) (28.4,-10.09656267652022) (28.49419240982448,-10.13189540373034) (28.5,-10.1336026224989) (28.59439501795038,-10.16085639224173) (28.6,-10.16201813458517) (28.69450917647952,-10.18113010453749) (28.7,-10.18179190113678) (28.79457345131232,-10.19272348776826) (28.8,-10.19290625314118) (28.89460962511356,-10.19577233018286) (28.9,-10.19550112972345) (28.99462997895681,-10.19028872244984) (29,-10.18955909051047) (29.09464142991788,-10.17624953453678) (29.1,-10.17506207721369) (29.19464787169239,-10.15363767252732) (29.2,-10.15199186999298) (29.29465149538323,-10.13842520328062) (29.3,-10.13812720052373) (29.39465353377031,-10.11728683013497) (29.4,-10.11567236192055) (29.49465468038233,-10.08662111307366) (29.5,-10.0845415621595) (29.59465532535769,-10.04724616900747) (29.6,-10.0446995942708) (29.69465568815826,-10.0156067255064) (29.7,-10.014452136439) (29.79465589223419,-9.977947709187891) (29.8,-9.975440739676207) (29.89465595783012,-9.930542132412112) (29.9,-9.927558534023611) (29.99465595783012,-9.891170943470657) (30,-9.889622435188466) (30.09465595783012,-9.845660230908626) (30.1,-9.84272203035141) (30.19465595783011,-9.790154385780951) (30.2,-9.786726460212268) (30.29465595783011,-9.742658480124449) (30.29999999999999,-9.740624567564581) (30.38496508985031,-9.694814176764449) (30.39999999999999,-9.685520813530172) (30.48496508985031,-9.631740562668419) (30.49999999999999,-9.621148618941422) (30.57612109424862,-9.577685447632176) (30.59999999999999,-9.56586889996516) (30.67612109424863,-9.518630950579094) (30.69999999999999,-9.50223809686112) (30.76831725354812,-9.453700189963541) (30.79999999999999,-9.429071727594968) (30.86831725354812,-9.383082500365793) (30.89999999999999,-9.363701936425922) (30.96146429372839,-9.320495424586522) (31,-9.291038062925878) (31.0614642937284,-9.249240840520699) (31.1,-9.225404188110129) (31.1614642937284,-9.182197676270729) (31.2,-9.152981648985891) (31.25520167655704,-9.115097452397276) (31.3,-9.086825885044693) (31.35520167655704,-9.048367405922367) (31.40000000000001,-9.014683900670097) (31.45520167655704,-8.976799704081481) (31.50000000000001,-8.948279448426021) (31.54965039062123,-8.913964120538663) (31.59930078124246,-8.877183631362467) (31.6,-8.876630940948278) (31.64965039062123,-8.842280896576479) (31.69930078124246,-8.810396013493522) (31.7,-8.809981700110228) (31.74965039062123,-8.77566637222287) (31.79930078124246,-8.738885883046674) (31.8,-8.738333192632485) (31.84965039062123,-8.703983148260686) (31.89431751615856,-8.675075869890684) (31.9,-8.671652150078696) (31.94466712553733,-8.641003539824036) (31.98933425107466,-8.608359777465608) (32,-8.600088594570904) (32.04466712553733,-8.568963575970045) (32.08933425107466,-8.539833709472955) (32.09999999999999,-8.533354401762903) (32.14466712553732,-8.506696095715778) (32.18933425107465,-8.48203294177242) (32.19999999999999,-8.476620208954902) (32.24466712553732,-8.450438311253974) (32.28933425107465,-8.422261261449279) (32.29999999999998,-8.415056653447108) (32.34466712553731,-8.388398347399983) (32.38933425107464,-8.363735193456625) (32.39999999999998,-8.358322460639107) (32.44466712553731,-8.332140562938179) (32.48483250874011,-8.306984129911054) (32.49999999999997,-8.296875199722292) (32.54016538320277,-8.272722816604318) (32.58033076640557,-8.250183691494172) (32.59999999999997,-8.239936166501751) (32.64016538320276,-8.219800321704058) (32.68033076640556,-8.201277734914193) (32.69999999999996,-8.192997133281212) (32.74016538320276,-8.173651310788143) (32.78033076640556,-8.152692230287247) (32.79999999999995,-8.141638418185959) (32.84016538320275,-8.121502573388266) (32.88033076640555,-8.102979986598401) (32.89999999999995,-8.09469938496542) (32.94016538320275,-8.078580078488006) (32.98033076640554,-8.064074030018419) (33,-8.057760351744879) (33.0401653832028,-8.042431067572089) (33.08033076640559,-8.025488525391472) (33.09999999999999,-8.016401636649624) (33.14016538320279,-8.00028233017221) (33.18033076640559,-7.985776281702624) (33.19999999999999,-7.979462603429083) (33.24016538320279,-7.967359835271949) (33.28033076640558,-7.956870325122644) (33.29999999999998,-7.952523570208543) (33.34016538320278,-7.941210824356034) (33.38033076640558,-7.928284820495697) (33.39999999999998,-7.921164855113289) (33.44016538320277,-7.909062086956155) (33.48033076640557,-7.898572576806849) (33.49999999999997,-7.894225821892748) (33.54016538320277,-7.886139592055895) (33.58033076640557,-7.879666620226869) (33.59999999999997,-7.877286788672208) (33.64016538320276,-7.869990581139979) (33.68033076640556,-7.861081115599922) (33.69999999999996,-7.855928073576954) (33.74016538320276,-7.847841843740101) (33.78033076640556,-7.841368871911075) (33.79999999999995,-7.838989040356414) (33.84016538320275,-7.834919348839841) (33.88033076640555,-7.832462915331095) (33.89999999999995,-7.832050007135874) (33.94016538320275,-7.831996853939581) (33.98033076640554,-7.833556958751115) (34,-7.835110973915334) (34.0401653832028,-7.83907435903932) (34.08033076640559,-7.844651002171134) (34.09999999999999,-7.848171940694793) (34.14016538320279,-7.85615186413906) (34.18033076640559,-7.865745045591154) (34.19999999999999,-7.871232907474252) (34.24016538320279,-7.883229369238799) (34.28033076640558,-7.896839089011173) (34.29999999999998,-7.904293874253711) (34.34016538320278,-7.920306874338538) (34.38033076640558,-7.937933132431191) (34.39999999999998,-7.94735484103317) (34.44016538320277,-7.967384379438276) (34.48033076640557,-7.989027175851211) (34.49999999999997,-8.00041580781263) (34.54016538320277,-8.024461884538017) (34.58033076640557,-8.050121219271231) (34.59999999999997,-8.06347677459209) (34.64016538320276,-8.091539389637756) (34.68033076640556,-8.121215262691249) (34.69999999999996,-8.136537741371548) (34.74016538320276,-8.168616894737495) (34.78033076640556,-8.202309306111269) (34.79999999999995,-8.219598708151008) (34.84016538320275,-8.252467883821579) (34.88033076640555,-8.283723801484323) (34.89999999999995,-8.298239993055756) (34.94016538320275,-8.330319146421703) (34.98033076640554,-8.364011557795477) (35,-8.381300959835215) (35.0401653832028,-8.417396651521441) (35.08033076640559,-8.455105601215495) (35.09999999999999,-8.474361926614673) (35.14016538320279,-8.51447415662118) (35.18033076640559,-8.556199644635514) (35.19999999999999,-8.577422893394132) (35.24016538320279,-8.621551661720918) (35.28033076640558,-8.667293688055533) (35.29999999999998,-8.690483860173591) (35.34016538320278,-8.738629166820658) (35.38033076640558,-8.788387731475552) (35.39999999999998,-8.81354482695305) (35.44016538320277,-8.865706671920396) (35.48033076640557,-8.919481774895571) (35.49999999999997,-8.946605793732509) (35.54016538320277,-9.002784177020136) (35.58033076640557,-9.06057581831559) (35.59999999999997,-9.089666760511969) (35.64016538320276,-9.149861682119877) (35.68033076640556,-9.211669861735611) (35.69999999999996,-9.242727727291431) (35.74016538320276,-9.306939187219617) (35.78033076640556,-9.372763905155631) (35.79999999999995,-9.405788694070891) (35.84016538320275,-9.474016692319358) (35.88033076640555,-9.543857948575653) (35.89999999999995,-9.578849660850352) (35.94016538320275,-9.647867681403444) (35.98033076640554,-9.715272443948708) (36,-9.7474909457551) (36.0401653832028,-9.815718944003567) (36.08033076640559,-9.885560200259862) (36.09999999999999,-9.920551912534561) (36.14016538320279,-9.992796449103308) (36.18033076640559,-10.06665424367988) (36.19999999999999,-10.10361287931402) (36.24016538320279,-10.17987395420305) (36.28033076640558,-10.2577482870999) (36.29999999999998,-10.29667384609348) (36.34016538320278,-10.37372494328713) (36.38033076640558,-10.44916278247296) (36.39999999999998,-10.48531513099823) (36.44016538320277,-10.56157620588726) (36.48033076640557,-10.63945053878411) (36.49999999999997,-10.67837609777769) (36.54016538320277,-10.758653710987) (36.58033076640557,-10.84054458220413) (36.59999999999997,-10.88143706455715) (36.64016538320276,-10.96250470007108) (36.68033076640556,-11.04195907757718) (36.69999999999996,-11.0800783494619) (36.74016538320276,-11.1603559626712) (36.78033076640556,-11.24224683388834) (36.79999999999995,-11.28314173841048) (36.84054793853701,-11.36825426171439) (36.88136869047068,-11.45560577027593) (36.89999999999995,-11.49624232874614) (36.94169370736256,-11.58797703072729) (36.98394364090176,-11.68272060118835) (37,-11.71940997654205) (37.04262824461915,-11.81750351418042) (37.08525648923829,-11.91741421905811) (37.1,-11.95259807405197) (37.14262824461915,-12.05495443615225) (37.18525648923829,-12.15912796549185) (37.2,-12.19578617156188) (37.24262824461915,-12.30240535812409) (37.28525648923829,-12.4108417119256) (37.3,-12.4489742690718) (37.34262824461915,-12.55985628009592) (37.38525648923829,-12.67255545835934) (37.40000000000001,-12.71216236658172) (37.44262824461915,-12.82730720206775) (37.4852564892383,-12.94426920479309) (37.50000000000001,-12.98535046409163) (37.54262824461915,-13.10475812403958) (37.5852564892383,-13.22598295122683) (37.60000000000001,-13.26853856160155) (37.64262824461915,-13.39220904601141) (37.6852564892383,-13.51769669766058) (37.70000000000001,-13.56172665911147) (37.74262824461915,-13.68965996798324) (37.7852564892383,-13.81941044409433) (37.80000000000001,-13.86491475662138) (37.84262824461916,-13.99711088995507) (37.8852564892383,-14.13112419052807) (37.90000000000001,-14.1781028541313) (37.94262824461916,-14.31456181192691) (37.9852564892383,-14.45283793696182) (38,-14.50129095164122) (38.04262824461915,-14.64201273389874) (38.08525648923829,-14.78455168339556) (38.1,-14.83447904915114) (38.14262824461915,-14.97946365587057) (38.18525648923829,-15.12626542982931) (38.2,-15.17760329385439) (38.23829733540117,-15.31152174540568) (38.27659467080234,-15.4469068828558) (38.3,-15.53054356262036) (38.33829733540117,-15.66827277428522) (38.37659467080234,-15.80744969842237) (38.40000000000001,-15.89339212440758) (38.43829733540117,-16.03475625530247) (38.47659467080234,-16.17742282677901) (38.50000000000001,-16.26540916019327) (38.53829733540118,-16.41003578615415) (38.57659467080234,-16.55582648300795) (38.60000000000001,-16.64556577249704) (38.63443316112058,-16.77811986761581) (38.66886632224116,-16.91150790248976) (38.70000000000002,-17.03286834603509) (38.73443316112059,-17.1677413721827) (38.76886632224117,-17.30334536032629) (38.80000000000003,-17.42661630806333) (38.8344331611206,-17.56351269547961) (38.86886632224117,-17.70104056302853) (38.90000000000003,-17.82596108934995) (38.93443316112061,-17.96459489191999) (38.96886632224118,-18.10376365959955) (39,-18.23008058365814) (39.03443316112057,-18.37017399990575) (39.06886632224115,-18.51070836148911) (39.10000000000001,-18.63817501383064) (39.13443316112058,-18.77945706333886) (39.16886632224116,-18.92108810807148) (39.20000000000002,-19.04946321707564) (39.23443316112059,-19.19166854104452) (39.26886632224117,-19.33413259073954) (39.30000000000003,-19.46317926418475) (39.3344331611206,-19.60604702413591) (39.36886632224117,-19.74908456045148) (39.40000000000003,-19.87856934141822) (39.43443316112061,-20.02184219403441) (39.46886632224118,-20.16519685504056) (39.50000000000004,-20.29488883427564) (39.53443316112062,-20.43713182197457) (39.56886632224119,-20.57818916708876) (39.60000000000005,-20.70465796554979) (39.63443316112063,-20.84461624376272) (39.6688663222412,-20.98454748601694) (39.70000000000006,-21.11104567364081) (39.73443316112063,-21.25088782397825) (39.76886632224121,-21.39066532769522) (39.80000000000007,-21.51699050174416) (39.83443316112064,-21.65660726610249) (39.86886632224122,-21.79612174309974) (39.90000000000008,-21.92217506049894) (39.93443316112065,-22.0614570343859) (39.96886632224123,-22.20059899105799) (40,-22.32628136961636) (40.03443316112057,-22.46511883004334) (40.06886632224115,-22.60377839459261) (40.10000000000001,-22.72899035619066) (40.13443316112058,-22.86727308721477) (40.16886632224116,-23.00533983410283) (40.20000000000002,-23.12998134497967) (40.23443316112059,-23.26759845963185) (40.26886632224117,-23.40496122997044) (40.30000000000003,-23.52893153693524) (40.3344331611206,-23.66577129421201) (40.36886632224117,-23.80231801074557) (40.40000000000003,-23.92551547207251) (40.43443316112061,-24.06146508758786) (40.46886632224118,-24.19708256283135) (40.50000000000004,-24.31940447250897) (40.53443316112062,-24.4543499212974) (40.56886632224119,-24.5889236572778) (40.60000000000005,-24.71026606117167) (40.63443316112063,-24.84409187099996) (40.6688663222412,-24.97750584890646) (40.70000000000006,-25.09776335125496) (40.73443316112063,-25.23035238463514) (40.76886632224121,-25.36248884250559) (40.80000000000007,-25.48155440099724) (40.83443316112064,-25.61278762389109) (40.86886632224122,-25.74352682024647) (40.90000000000008,-25.86129152771923) (40.93443316112065,-25.99104776267917) (40.96886632224123,-26.12026772375515) (41,-26.23662057430608) (41.03443316112057,-26.36477623549996) (41.06886632224115,-26.49235248340796) (41.10000000000001,-26.60718012039647) (41.13443316112058,-26.73360892760458) (41.16886632224116,-26.85941418637085) (41.20000000000002,-26.97260062943067) (41.23443316112059,-27.09717329766881) (41.26886632224117,-27.22107717363676) (41.30000000000003,-27.33250352136583) (41.3344331611206,-27.45508742226215) (41.36886632224117,-27.57695605478089) (41.40000000000003,-27.68650015923777) (41.43443316112061,-27.80695894965212) (41.46886632224118,-27.92665462729083) (41.50000000000004,-28.03419073576821) (41.53443316112062,-28.15238394836427) (41.56886632224119,-28.2697646850583) (41.60000000000005,-28.37516304380035) (41.63443316112063,-28.49094563332757) (41.6688663222412,-28.6058646978399) (41.70000000000006,-28.70899111138329) (41.73443316112063,-28.82221294925349) (41.76886632224121,-28.93451834007527) (41.80000000000007,-29.03523367867562) (41.83443316112064,-29.14573898696904) (41.86886632224122,-29.2552728432217) (41.90000000000008,-29.35343248931474) (41.93443316112065,-29.46105920354529) (41.96886632224123,-29.56765714049896) (42,-29.66311036325541) (42.03443316112057,-29.76768941096319) (42.06886632224115,-29.8711797663394) (42.10000000000001,-29.96376901099336) (42.13443316112058,-30.06512349037732) (42.16886632224116,-30.16532646450723) (42.20000000000002,-30.25488654011934) (42.23443316112059,-30.35523399208611) (42.26886632224117,-30.45676708663763) (42.30000000000003,-30.54964302244263) (42.3344331611206,-30.65343379052146) (42.36886632224117,-30.75841020118504) (42.40000000000003,-30.85439950476593) (42.43443316112061,-30.96163358895681) (42.46886632224118,-31.07005331573245) (42.50000000000004,-31.16915598708922) (42.53443316112062,-31.27983338739216) (42.56886632224119,-31.39169643027986) (42.60000000000005,-31.49391246941252) (42.63443316112063,-31.60803318582752) (42.6688663222412,-31.72333954482727) (42.70000000000006,-31.82866895173581) (42.73443316112063,-31.94623298426287) (42.76886632224121,-32.06498265937468) (42.80000000000007,-32.17342543405911) (42.83443316112064,-32.29443278269822) (42.86886632224122,-32.41662577392209) (42.90000000000008,-32.5281819163824) (42.93443316112065,-32.65263258113357) (42.96886632224123,-32.7782688884695) (43,-32.8929383987057) (43.03443316112057,-33.02083237956893) (43.06886632224115,-33.14991200301691) (43.10000000000001,-33.26769488102899) (43.13443316112058,-33.39903217800428) (43.16886632224116,-33.53155511756432) (43.20000000000002,-33.65245136335229) (43.23443316112059,-33.78723197643964) (43.26886632224117,-33.92319823211173) (43.30000000000003,-34.04720784567559) (43.3344331611206,-34.18543177487498) (43.36886632224117,-34.32484134665914) (43.40000000000003,-34.45196432799889) (43.43443316112061,-34.59363157331034) (43.46886632224118,-34.73648446120655) (43.50000000000004,-34.86672081032218) (43.53443316112062,-35.01183137174569) (43.56542180093052,-35.14338609379442) (43.59641044074041,-35.27590111164042) (43.60000000000005,-35.29136218224435) (43.63098863980995,-35.42494873144658) (43.66197727961985,-35.55949557644608) (43.69296591942975,-35.69500271724285) (43.70000000000005,-35.72597932512609) (43.73098863980995,-35.86266473830931) (43.76197727961985,-36.00031044728981) (43.79296591942975,-36.13891645206756) (43.80000000000005,-36.17059646800783) (43.83098863980995,-36.31038074517204) (43.86197727961985,-36.45112531813352) (43.89296591942975,-36.59283018689227) (43.90000000000006,-36.62521361088957) (43.93098863980995,-36.76809675203478) (43.96197727961985,-36.91194018897725) (43.99296591942975,-37.05674392171699) (44,-37.08983075377132) (44.02788616394621,-37.22111102729333) (44.05577232789243,-37.35316893895498) (44.08365849183864,-37.48600448875627) (44.09999999999999,-37.56430285225338) (44.12788616394621,-37.69837174217002) (44.15577232789242,-37.83321827022629) (44.18365849183864,-37.96884243642219) (44.19999999999999,-38.04877495073544) (44.2278861639462,-38.1856324570467) (44.25577232789242,-38.32326760149759) (44.28365849183863,-38.46168038408812) (44.29999999999998,-38.54324704921751) (44.3278861639462,-38.68255185815834) (44.35577232789241,-38.82229299147377) (44.38365849183862,-38.9624704491638) (44.39999999999998,-39.04487121506476) (44.42788616394619,-39.18452672407972) (44.4557723278924,-39.32340459495506) (44.48365849183862,-39.46150482769075) (44.49999999999997,-39.54197693223184) (44.52788616394619,-39.67947103702418) (44.5557723278924,-39.81681471584888) (44.58365849183861,-39.95400796870594) (44.59999999999997,-40.03431612720302) (44.62788616394618,-40.17113226015343) (44.65577232789239,-40.30765942397986) (44.68365849183861,-40.44389761868233) (44.69999999999996,-40.52356491833694) (44.72788616394617,-40.65917627760537) (44.75577232789239,-40.79433013958563) (44.7836584918386,-40.92902650427771) (44.79999999999995,-41.0076915207885) (44.82788616394617,-41.14145118222626) (44.85577232789238,-41.27454223736569) (44.8836584918386,-41.40696468620681) (44.89999999999995,-41.48417345889263) (44.92788616394616,-41.6154264611223) (44.95577232789238,-41.74590182521233) (44.98365849183859,-41.87559955116272) (45,-41.9511477216169) (45.02788616394621,-42.07961210745194) (45.05577232789243,-42.20729885514735) (45.08365849183864,-42.33420796470313) (45.09999999999999,-42.40812198434117) (45.12788616394621,-42.53379775378159) (45.15577232789242,-42.65869588508238) (45.18365849183864,-42.78281637824353) (45.19999999999999,-42.85509624706544) (45.2278861639462,-42.97798340011124) (45.25577232789242,-43.10009291501741) (45.28365849183863,-43.22142479178394) (45.29999999999998,-43.29207050978971) (45.3278861639462,-43.41216904644089) (45.35577232789241,-43.53148994495243) (45.38365849183862,-43.65003320532434) (45.39999999999998,-43.71904477251398) (45.42788616394619,-43.83635469277054) (45.4557723278924,-43.95288697488746) (45.48365849183862,-44.06864161886475) (45.49999999999997,-44.13601903523826) (45.52788616394619,-44.25054033910019) (45.5557723278924,-44.36428400482249) (45.58365849183861,-44.47725003240516) (45.59999999999997,-44.54299329796252) (45.62788616394618,-44.65472598542984) (45.65577232789239,-44.76568103475752) (45.68365849183861,-44.87585844594557) (45.69999999999996,-44.9399675606868) (45.72788616394617,-45.04891163175949) (45.75577232789239,-45.15707806469256) (45.7836584918386,-45.26446685948598) (45.79999999999995,-45.32694182341108) (45.82788616394617,-45.43309727808915) (45.85577232789238,-45.53847509462759) (45.8836584918386,-45.64307527302639) (45.89999999999995,-45.70391608613535) (45.92788616394616,-45.8072829244188) (45.95577232789238,-45.90987212456262) (45.98365849183859,-46.0116836865668) (46,-46.07089034885963) (46.02788616394621,-46.17146857074846) (46.05577232789243,-46.27126915449765) (46.08365849183864,-46.37029210010721) (46.09999999999999,-46.4278646115839) (46.12788616394621,-46.52565421707811) (46.15577232789242,-46.62266618443267) (46.18365849183864,-46.71890051364761) (46.19999999999999,-46.77483887430817) (46.2278861639462,-46.86983986340775) (46.25577232789242,-46.96406321436771) (46.28365849183863,-47.05750892718802) (46.29999999999998,-47.11181313703243) (46.3279363349636,-47.20419001079517) (46.35594430056886,-47.29601929893745) (46.38406475001729,-47.38742662645749) (46.39999999999998,-47.43877477619432) (46.42843385826843,-47.52993927428318) (46.45702994458814,-47.62080617100817) (46.48581114062431,-47.71143291494705) (46.49999999999998,-47.75570046098182) (46.52906116485656,-47.84595187965672) (46.55821812051293,-47.93565065509469) (46.58745413103414,-48.02473789146731) (46.59999999999998,-48.06259972275229) (46.62935955371956,-48.15083309234508) (46.65876453573193,-48.23833833323081) (46.68821150405357,-48.3251013957387) (46.69999999999998,-48.35948762609757) (46.72952393635668,-48.44525776294813) (46.75907875309056,-48.53024412334646) (46.78866543767047,-48.61444674943274) (46.79999999999998,-48.64636877869292) (46.82965257005424,-48.72954353862378) (46.85933297402489,-48.81191544565407) (46.88904376534002,-48.89348895543998) (46.89999999999998,-48.92324435880259) (46.92977696147351,-49.00378663358607) (46.95958237568848,-49.08351750610856) (46.98941945718868,-49.16244283866288) (47,-49.19011453791764) (47.02990719532063,-49.26801446152607) (47.05984462806388,-49.34509689532909) (47.08981589827683,-49.42136817628193) (47.1,-49.44697920869092) (47.13004654302385,-49.52223325308048) (47.16012548118242,-49.59666369123521) (47.19024072646245,-49.6702770434913) (47.2,-49.69383821083878) (47.23019612697263,-49.76644277100832) (47.26042693071948,-49.83821680765836) (47.29069662737884,-49.90916692940569) (47.3,-49.93069140353731) (47.33035640600842,-50.00064083779218) (47.36074981830097,-50.06975178510238) (47.39118477183694,-50.13803090578422) (47.4,-50.15753869063889) (47.43052764853103,-50.22482472185997) (47.46109465970955,-50.29126317017298) (47.49170591076579,-50.35686072668794) (47.5,-50.37438003160917) (47.53071008351512,-50.43899155707916) (47.56146190935943,-50.50274523023215) (47.59226072504774,-50.56564775413527) (47.59999999999999,-50.58121544842311) (47.6309039491459,-50.64313846533173) (47.66185204561905,-50.70419215667032) (47.692849938614,-50.76438321606913) (47.7,-50.77804503163738) (47.73110950900924,-50.83726258822516) (47.76226559939724,-50.89559811140681) (47.79347435662162,-50.95305825951756) (47.8,-50.96486894668568) (47.83132705811133,-51.02136109124387) (47.86270316498521,-51.07695722544801) (47.89413488026048,-51.13166394088976) (47.90000000000001,-51.14168744078024) (47.9315569258324,-51.19543115974311) (47.96316540559334,-51.24826358276895) (47.99483251463813,-51.30019119671272) (48,-51.30850085060541) (48.03179947808996,-51.35946999269918) (48.06365305756932,-51.40951119957112) (48.09556837501868,-51.45863080782045) (48.1,-51.46530961093906) (48.1320551194507,-51.51347479599206) (48.16416693459593,-51.56069400184256) (48.19634369313929,-51.60697336070572) (48.2,-51.61211426433312) (48.23232429544337,-51.65744277573187) (48.26470793231567,-51.70180580195822) (48.297159824204,-51.74520920688148) (48.3,-51.74891547199639) (48.33260749517277,-51.79137113175542) (48.36527703356411,-51.83284027438021) (48.39801825480574,-51.87332842020322) (48.4,-51.87571402604233) (48.43290525429076,-51.91525705130608) (48.4658753143169,-51.95379093030242) (48.49892061192779,-51.99132075180864) (48.5,-51.99251086328811) (48.53321815836922,-52.02909770287724) (48.56650395043924,-52.0646510910036) (48.59986867315594,-52.09917558220848) (48.63354684672262,-52.13289023019377) (48.66716422533076,-52.16541385963399) (48.7,-52.19607474417247) (48.7337923885351,-52.22651616477292) (48.76768306280485,-52.25589754695856) (48.8,-52.28281593876125) (48.83410684018286,-52.31011921994646) (48.86832692650888,-52.33634214287004) (48.90000000000001,-52.35952568019398) (48.93446104215897,-52.38365419752311) (48.96904498655002,-52.40667271784679) (49,-52.42620138312876) (49.03484311744196,-52.44709979288832) (49.06981667305237,-52.46685328802714) (49.1,-52.48284149766233) (49.13524856811507,-52.50044394264236) (49.170634356962,-52.51686275891768) (49.2,-52.52944494000696) (49.23567608982811,-52.54367801967655) (49.27149602490842,-52.55668541907819) (49.3,-52.56601085915344) (49.33612579694655,-52.57679452506155) (49.37240217313892,-52.5863071638864) (49.40000000000001,-52.59253854583624) (49.43659847170076,-52.59978616032627) (49.47335449479987,-52.60571396956804) (49.5,-52.60902740243988) (49.53709525023656,-52.61264544109538) (49.57435533277626,-52.61489124271175) (49.6,-52.61547693989574) (49.63761749596451,-52.61536451995958) (49.67540746100686,-52.61382350314145) (49.7,-52.61188678759851) (49.73816675395202,-52.60793508741448) (49.77651400821481,-52.60249418672321) (49.8,-52.59825671081381) (49.83874474118278,-52.59034829904305) (49.87767844498678,-52.58088548373389) (49.90000000000001,-52.57458663365656) (49.93935335359566,-52.56259470820974) (49.97890460084498,-52.54897817858719) (50,-52.54087666731596)
tp[Y]:
[0]: (0,0) (0,-0.40495) (0.1,-0.40495) (0.1834023877495533,-0.4035406973276081) (0.2,-0.4029707600631454) (0.2881511581544831,-0.3934141585685205) (0.3,-0.3910663606318737) (0.3909401963991428,-0.3718597399219421) (0.4000000000000001,-0.369114113491901) (0.4925476322084053,-0.3401644738346022) (0.5000000000000001,-0.3371397193356929) (0.5934642688861814,-0.2984712487277297) (0.6000000000000001,-0.2951544602057455) (0.6939838609885545,-0.2468238021736727) (0.7000000000000001,-0.2431636089882191) (0.7942773999001672,-0.185226586189803) (0.8,-0.1811697793948247) (0.8944429182484911,-0.1136711154595696) (0.9,-0.109174327865642) (0.9945361499886156,-0.03214660213080614) (1,-0.02717798098445182) (1.094588633282164,0.0593563356063877) (1.1,0.06481886414131503) (1.194618167938077,0.1608448117914297) (1.2,0.166815987821049) (1.294634785234478,0.2723238511063127) (1.3,0.2788132676462616) (1.394640127128087,0.3937916048531118) (1.4,0.4008105761033449) (1.494640127128087,0.5252529260230038) (1.5,0.5328078845604282) (1.594640127128087,0.6667142471928957) (1.6,0.6748051930175115) (1.694640127128087,0.8181755683627877) (1.7,0.8268025014745948) (1.794640127128087,0.9796368895326797) (1.8,0.9887475599116045) (1.88489175784355,1.133500921175388) (1.9,1.160545337624833) (1.98489175784355,1.313787874672971) (2,1.342208502552904) (2.075981867218093,1.486288528202262) (2.1,1.533657668544862) (2.175981867218093,1.685335880916029) (2.2,1.734916583653935) (2.268060731773837,1.877049245811336) (2.3,1.945922503493398) (2.368060731773837,2.094861238828183) (2.4,2.166707007316588) (2.461128324471759,2.306164475491582) (2.5,2.397222036852501) (2.561128324471759,2.542792337474672) (2.600000000000001,2.637737066388415) (2.654930637693977,2.773700886687509) (2.700000000000001,2.887731855664029) (2.754930637693977,3.025373596621249) (2.800000000000001,3.137651022272711) (2.854930637693977,3.274623574015561) (2.900000000000001,3.386994485461074) (2.954930637693977,3.523899322047823) (3,3.636180980530039) (3.054930637693976,3.772943390164138) (3.1,3.885074536478725) (3.154930637693976,4.021619851616262) (3.2,4.133539226069938) (3.254930637693976,4.269792741774435) (3.3,4.38143901719741) (3.354930637693976,4.517325909274711) (3.4,4.628637623671335) (3.454930637693976,4.764082866179626) (3.5,4.874998354682909) (3.554930637693976,5.009926636405826) (3.600000000000001,5.12038396219361) (3.654930637693977,5.254719601652631) (3.700000000000001,5.364656485471476) (3.754930637693977,5.49832334403726) (3.800000000000001,5.607677091964274) (3.854930637693977,5.740598484604849) (3.900000000000001,5.849305913657442) (3.954930637693977,5.981404516833823) (4,6.089401878012326) (4.054930637693976,6.220599634198626) (4.1,6.32782253251629) (4.154930637693975,6.458040550781011) (4.199999999999999,6.564423861799566) (4.254930637693975,6.693582313836648) (4.299999999999999,6.799060096182399) (4.354930637693974,6.927078107123741) (4.399999999999999,7.031583510408375) (4.454930637693974,7.158379043682554) (4.499999999999998,7.261844211193038) (4.554930637693974,7.387333946616418) (4.599999999999998,7.489689912068339) (4.654930637693973,7.613789116262659) (4.699999999999998,7.714965693829304) (4.754930637693973,7.837588081951964) (4.799999999999997,7.937513748685299) (4.854930637693973,8.058571336332108) (4.899999999999997,8.157173105979062) (4.954930637693972,8.276576049970757) (5,8.373779337055776) (5.054930637693976,8.491435763645041) (5.1,8.587164236533907) (5.154930637693975,8.702980055363813) (5.199999999999999,8.79715547683969) (5.254930637693975,8.911034178741124) (5.299999999999999,9.003576232405772) (5.354930637693974,9.115418668832769) (5.399999999999999,9.206244769386936) (5.454930637693974,9.315948910945179) (5.499999999999998,9.404973996093222) (5.554930637693974,9.512434667206209) (5.599999999999998,9.599570968560048) (5.654930637693973,9.704679554824315) (5.699999999999998,9.789836344736692) (5.754930637693973,9.892480468922676) (5.799999999999997,9.975563779641542) (5.849299458664926,10.06550216780164) (5.898598917329855,10.15427497750122) (5.899999999999997,10.15676476089422) (5.949299458664925,10.24428438000079) (5.998598917329854,10.33058393406635) (6,10.33300187943299) (6.049299458664929,10.41798991416966) (6.098598917329857,10.50170110362928) (6.1,10.504047590528) (6.144250843693148,10.57807708346012) (6.188501687386296,10.65103007227206) (6.199999999999999,10.66970673968864) (6.244250843693147,10.74125346389334) (6.288501687386296,10.81167364653945) (6.299999999999999,10.82967917775352) (6.344250843693147,10.89862755824608) (6.388501687386295,10.96639686155781) (6.399999999999999,10.98369992683674) (6.43980032761041,11.04337920880345) (6.479600655220821,11.10205991028063) (6.499999999999998,11.13162442756651) (6.53980032761041,11.18874747869719) (6.579600655220821,11.24482469405472) (6.599999999999998,11.27303059468961) (6.639800327610409,11.32747587431369) (6.67960065522082,11.38082525310153) (6.699999999999998,11.40760736211027) (6.739800327610409,11.45924591843491) (6.77960065522082,11.50973534764775) (6.799999999999997,11.53508405871763) (6.835764219564775,11.57895041677584) (6.871528439129552,11.62184303055934) (6.899999999999997,11.65521425071634) (6.935764219564774,11.69630879167134) (6.971528439129552,11.73638044851235) (7,11.76746681145113) (7.035764219564777,11.80564839222503) (7.071528439129555,11.84275420541302) (7.1,11.87143738790683) (7.135764219564777,11.90655383725378) (7.171528439129554,11.94053733127851) (7.199999999999999,11.96678009860774) (7.232165312829523,11.99556600336401) (7.264330625659047,12.02338520808525) (7.296495938488571,12.05023771277146) (7.299999999999998,12.0530576900635) (7.332165312829522,12.07878319307637) (7.364330625659046,12.10348700588618) (7.39649593848857,12.12716912849293) (7.399999999999997,12.12963773650675) (7.432165312829521,12.15217394971221) (7.464330625659045,12.17367555556824) (7.496495938488569,12.19414255407485) (7.499999999999996,12.196259502052) (7.53216531282952,12.21557918397451) (7.564330625659044,12.23386425854759) (7.596495938488568,12.25111472577125) (7.599999999999994,12.25288126759725) (7.632165312829518,12.2689844182368) (7.661101308616477,12.28263356093392) (7.690037304403435,12.29544541177886) (7.699999999999993,12.29956826578486) (7.728935995786951,12.3112545442598) (7.75787199157391,12.32210353088257) (7.786807987360868,12.33211522565315) (7.799999999999993,12.3362978651637) (7.828935995786951,12.34509054405995) (7.857871991573909,12.35304593110402) (7.886807987360868,12.3601640262959) (7.899999999999992,12.36302746454255) (7.928935995786951,12.3689265438601) (7.957871991573909,12.37398833132547) (7.986807987360868,12.37821282693866) (8,12.3797570639214) (8.028935995786959,12.38276254366026) (8.057871991573919,12.38493073154693) (8.086807987360878,12.38626162758142) (8.100000000000001,12.38648666330024) (8.128935995786961,12.38659854346041) (8.15787199157392,12.38587313176838) (8.186807987360879,12.38431042822418) (8.200000000000003,12.38321626267909) (8.228935995786962,12.38043454326056) (8.257871991573921,12.37681553198984) (8.286807987360881,12.37235922886694) (8.300000000000004,12.36994586205794) (8.328935995786964,12.36427054306071) (8.357871991573923,12.35775793221129) (8.386807987360882,12.3504080295097) (8.400000000000006,12.34671377244265) (8.426031889573872,12.3390804564633) (8.452063779147739,12.33076948120916) (8.478095668721606,12.32178084668024) (8.500000000000004,12.31364721884235) (8.52603188957387,12.30341071390562) (8.552063779147737,12.29249654969409) (8.578095668721604,12.28090472620778) (8.600000000000001,12.27058066524206) (8.626031889573868,12.25774097134793) (8.652063779147735,12.24422361817902) (8.678095668721602,12.23002860573532) (8.699999999999999,12.21751411164176) (8.726031889573866,12.20207122879025) (8.752063779147733,12.18595068666395) (8.778095668721599,12.16915248526286) (8.799999999999997,12.15444755804146) (8.826031889573864,12.13640148623256) (8.852063779147731,12.11767775514888) (8.878095668721597,12.0982763647904) (8.899999999999995,12.08138100444116) (8.926031889573862,12.06073174367487) (8.952063779147728,12.0394048236338) (8.978095668721595,12.01740024431795) (9,11.99831445084086) (9.026031889573867,11.97506200111719) (9.052063779147733,11.95113189211873) (9.0780956687216,11.92652412384549) (9.099999999999998,11.90524789724056) (9.126031889573865,11.8793922585595) (9.152063779147731,11.85285896060366) (9.178095668721598,11.82564800337303) (9.199999999999996,11.80218134364026) (9.226031889573862,11.77372251600182) (9.252063779147729,11.74458602908859) (9.278095668721596,11.71477188290057) (9.299999999999994,11.68911479003996) (9.32603188957386,11.65805277344413) (9.352063779147727,11.62631309757351) (9.378095668721594,11.59389576242811) (9.399999999999991,11.56604823643966) (9.426031889573858,11.53238303088645) (9.452063779147725,11.49804016605844) (9.478095668721592,11.46301964195565) (9.499999999999989,11.43298168283937) (9.526031889573856,11.39671328832876) (9.552063779147723,11.35976723454337) (9.578095668721589,11.32214352148319) (9.599999999999987,11.28991512923907) (9.626031889573854,11.25104354577107) (9.652063779147721,11.2114943030283) (9.678095668721587,11.17126740101073) (9.699999999999985,11.13684857563877) (9.726031889573852,11.09537380321339) (9.752063779147718,11.05322137151322) (9.778095668721585,11.01039128053827) (9.799999999999983,10.97378202203847) (9.82603188957385,10.92970406065571) (9.852063779147716,10.88494843999815) (9.878095668721583,10.83951516006582) (9.899999999999981,10.80071546843817) (9.926031889573848,10.75403431809802) (9.952063779147714,10.70667550848308) (9.978095668721581,10.65863903959336) (10,10.61764891483787) (10.02603188957387,10.56836457554033) (10.05206377914773,10.51840257696801) (10.0780956687216,10.4677629191209) (10.1,10.42458236123758) (10.12603188957386,10.37269483298265) (10.15206377914773,10.32012964545294) (10.1780956687216,10.26688679864844) (10.2,10.22151580763728) (10.22603188957386,10.16702509042497) (10.25206377914773,10.11185671393787) (10.2780956687216,10.05601067817598) (10.29999999999999,10.00844925403698) (10.32603188957386,9.951355347867281) (10.35206377914773,9.893583782422796) (10.37809566872159,9.835134557703526) (10.39999999999999,9.785382700436683) (10.42603188957386,9.725694702802645) (10.45206377914772,9.665338143386871) (10.47809566872159,9.604313022189359) (10.49999999999999,9.552401351854119) (10.52603188957386,9.490213506852077) (10.55206377914772,9.427425494163673) (10.57809566872159,9.364037313788907) (10.59999999999999,9.310194815344405) (10.62603188957385,9.245761399980738) (10.65206377914772,9.180787756066039) (10.67809566872159,9.115273883600306) (10.69999999999999,9.059693173377084) (10.72603188957385,8.993237601868431) (10.75206377914772,8.926294902434883) (10.77809566872159,8.858865075076437) (10.79999999999998,8.801716880600384) (10.82603188957385,8.733437523111235) (10.85206377914772,8.664718525500003) (10.87809566872158,8.59555988776669) (10.89999999999998,8.536996957472109) (10.92603188957385,8.46707156974418) (10.95206377914771,8.396749363787441) (10.97809566872158,8.326030339601893) (11,8.266190466396905) (11.02603188957387,8.194779623967968) (11.05206377914773,8.123010862911974) (11.0780956687216,8.050884183228924) (11.1,7.989892581007314) (11.12603188957386,7.91714238463455) (11.15206377914773,7.844069839420665) (11.1780956687216,7.770674945365658) (11.2,7.708646143931746) (11.22603188957386,7.63469038124992) (11.25206377914773,7.560444987869785) (11.2780956687216,7.485909963791338) (11.29999999999999,7.422949339232327) (11.32603188957386,7.347911233858725) (11.35206377914773,7.272613754691348) (11.37809566872159,7.197056901730195) (11.39999999999999,7.133261926632218) (11.42603188957386,7.057255569566167) (11.45206377914772,6.981017956459298) (11.47809566872159,6.90454908731161) (11.49999999999999,6.840010126232876) (11.52613437580638,6.762838221743923) (11.55236199414559,6.685182878801805) (11.57870798488465,6.606967069780342) (11.59999999999999,6.543584877268056) (11.62663797625964,6.464141731948359) (11.65343268194314,6.384040032520617) (11.68039721373,6.30323707844841) (11.69999999999999,6.244352951290087) (11.72733553762035,6.162122164666458) (11.75485420242453,6.079164757147571) (11.782567102664,5.995443582893433) (11.79999999999999,5.942665544552618) (11.8281293581399,5.857414338925016) (11.85645648613929,5.771403418980015) (11.88499408883607,5.684590697546126) (11.89999999999999,5.63885578296069) (11.92899062741845,5.550435755097817) (11.95819014676786,5.461234300717632) (11.98761443786204,5.371199645850378) (12,5.333239187276862) (12.02991337830373,5.241519792472558) (12.06004597555414,5.149000906921566) (12.09036869733972,5.055769323677541) (12.1,5.026115359418789) (12.13054517948881,4.932053512172033) (12.16115289610957,4.837693625281676) (12.1917990441299,4.74310953332693) (12.2,4.717770375227516) (12.23067306920356,4.622993834602386) (12.26134744548935,4.528132204493623) (12.29202182177513,4.433189523647108) (12.3,4.408474554413232) (12.33067437628579,4.313453565446035) (12.36134875257157,4.21837534905512) (12.39202312885736,4.123239905240488) (12.4,4.098485052358797) (12.43067437628579,4.003300374780182) (12.46134875257157,3.908081345428358) (12.49202312885736,3.812827964303324) (12.5,3.78804839063825) (12.53067437628579,3.69277374026194) (12.56134875257157,3.59748675381252) (12.59202312885736,3.502187431289989) (12.6,3.477401635747627) (12.63067437628579,3.382108003088207) (12.66134875257157,3.286823268287547) (12.69202312885736,3.191547431345647) (12.7,3.166773265111912) (12.73067437628579,3.071529162071961) (12.76134875257157,2.976314479045906) (12.79202312885736,2.881129216033747) (12.8,2.856383940335399) (12.83067437628579,2.761255621313853) (12.86134875257157,2.666176595608701) (12.89202312885736,2.571146863219941) (12.9,2.546447201310175) (12.93067437628579,2.451498862217359) (12.96134875257157,2.356619097694218) (12.99202312885736,2.261807907740752) (13,2.237170091878017) (13.03067437628579,2.142464049999205) (13.06134875257157,2.047845323379119) (13.09202312885736,1.953313912017761) (13.1,1.928753726090096) (13.13067964255398,1.834334394007882) (13.16136406293646,1.74000598910883) (13.19206063646798,1.645745938715707) (13.2,1.621393871814887) (13.23073616012462,1.527163495903268) (13.26148997290629,1.433002998823755) (13.2922671238033,1.33889523256505) (13.3,1.315281528733211) (13.33083567578082,1.221168298416934) (13.36169610577248,1.127121971250792) (13.39258675573151,1.033126283891707) (13.4,1.010603168002157) (13.43096253438701,0.9165838099016377) (13.46195507532121,0.8226343764047009) (13.49298336283279,0.7287379950540508) (13.5,0.707541117844397) (13.53111184371199,0.6136079110377746) (13.56225835289763,0.5197498707677444) (13.59344573137325,0.4259489746105544) (13.6,0.4062739383939635) (13.63128219600236,0.3124242800589716) (13.66260353375283,0.2186560988840455) (13.69397077854389,0.1249499733534008) (13.7,0.1069767576574482) (13.73147336301281,0.0132098538032146) (13.7629903034565,-0.0804685109850649) (13.79455822194082,-0.1740793247631413) (13.8,-0.1901784217605989) (13.83168556507592,-0.2838626084894166) (13.86341915898921,-0.3774504922015137) (13.89520888986288,-0.4709647805929028) (13.9,-0.4850224396909277) (13.93191924057438,-0.5786235252249928) (13.96389100594089,-0.6721198015295849) (13.99592419005902,-0.765535856915335) (14,-0.7773887158475545) (14.03217497548921,-0.8709060007237693) (14.06440703623953,-0.9643091540427493) (14.09670594981264,-1.05762482166564) (14.1,-1.067113005397479) (14.13245348497707,-1.160545506224927) (14.1649686973236,-1.253853646295418) (14.19755637746613,-1.347066325724285) (14.2,-1.354033170936433) (14.23275561268871,-1.447379626306838) (14.26557769276919,-1.540590481384499) (14.29847806613285,-1.633697109689354) (14.3,-1.637988969539719) (14.33308233701878,-1.731247835873404) (14.36623599548609,-1.824358735926305) (14.39947401468945,-1.91735576080408) (14.4,-1.9188218538682) (14.43343478098566,-2.011991296013234) (14.46694586774967,-2.104999149209035) (14.5,-2.196368635679684) (14.53370364184424,-2.289143420148445) (14.56751621303847,-2.381819232987187) (14.6,-2.470468542669265) (14.63405547132417,-2.563001662172097) (14.66823907322423,-2.65545718967653) (14.7,-2.740963037397277) (14.73445998414512,-2.833316339367015) (14.76906186614131,-2.925595222843389) (14.8,-3.007695038997467) (14.83490537389399,-3.099891701908009) (14.86996439486231,-3.192008481456551) (14.9,-3.270508316236511) (14.93538780831174,-3.362554852266852) (14.97094048419792,-3.454511318919657) (15,-3.529247120335517) (15.03590700505241,-3.621142611015715) (15.07199024372659,-3.712934644222275) (15.1,-3.783755927586715) (15.13646437065714,-3.87549588022409) (15.17311681747417,-3.967116269414285) (15.2,-4.033879233353688) (15.2370622310054,-4.125457161391502) (15.27432504635324,-4.216896722346101) (15.3,-4.279461371658464) (15.33770353130478,-4.370869405499899) (15.37562095494086,-4.462117363249818) (15.4,-4.520346349393626) (15.43839174212637,-4.611575427454673) (15.47701160155213,-4.702619472863699) (15.5,-4.756377691093403) (15.53913086040548,-4.847417561204701) (15.57850509754876,-4.938243749519311) (15.6,-4.987398293650001) (15.63992545959135,-5.078227869963034) (15.68011000429319,-5.168799552355426) (15.7,-5.213207099085276) (15.74078202397385,-5.303800536868187) (15.78184319509944,-5.394102445737667) (15.8,-5.43362680116468) (15.84171118899496,-5.523979955565038) (15.88372193977389,-5.613999260732907) (15.9,-5.648495524213298) (15.94271742123948,-5.738596036763467) (15.9857560088478,-5.828312346111954) (16,-5.85765039385694) (16.04380779960447,-5.947480990647961) (16.08796005391446,-6.036868501263104) (16.1,-6.060927463000629) (16.14499138820476,-6.150467098021076) (16.1903525678706,-6.239495080993118) (16.2,-6.258161715572609) (16.24627914987642,-6.347385743813839) (16.2929558071587,-6.436018219293308) (16.3,-6.449187156060976) (16.34768414269159,-6.537249574003584) (16.39572282088652,-6.623659028627819) (16.4,-6.631144687796929) (16.44935569499227,-6.717276035380476) (16.49930517823833,-6.801948660682475) (16.5,-6.803091241273756) (16.5517084683377,-6.888035943007534) (16.6,-6.964834774267796) (16.65340421433903,-7.04713420150916) (16.7,-7.116400707861744) (16.75583884272706,-7.196732227407041) (16.8,-7.257735050389117) (16.858889522854,-7.336386769159572) (16.9,-7.38880243233719) (16.96252830518021,-7.465833681676517) (17,-7.509579825103869) (17.06679157790531,-7.58489927094047) (17.1,-7.620054436730611) (17.17176907685377,-7.693452764374819) (17.2,-7.720224915054704) (17.27760541191193,-7.791378597727639) (17.3,-7.810106102847447) (17.38391572916438,-7.878124386488176) (17.4,-7.889770586089982) (17.48845594411508,-7.952221758614011) (17.5,-7.959333446328732) (17.59111692925552,-8.014309159026331) (17.6,-8.018851644349898) (17.69264875865652,-8.065344793627773) (17.70000000000001,-8.068349062401323) (17.79352170219208,-8.105846464225497) (17.8,-8.10783623862633) (17.89401634245636,-8.136083827290969) (17.9,-8.137318125026122) (17.99429572640551,-8.156193738370291) (18,-8.156797187416716) (18.09445324456708,-8.166244129344454) (18.1,-8.166274709679362) (18.19454196413781,-8.166267940947202) (18.2,-8.165751381004954) (18.2945919055127,-8.156280694096155) (18.3,-8.155227578560275) (18.39462000912852,-8.136289417797046) (18.4,-8.134703511166945) (18.49463582108158,-8.109115310275387) (18.5,-8.107316991566007) (18.59464471646633,-8.075278210617178) (18.59999999999999,-8.073120179287885) (18.69464972048767,-8.031775946521433) (18.7,-8.028932463561221) (18.79465253536596,-7.978121481247247) (18.79999999999999,-7.974744721489203) (18.89465411877178,-7.916490745195682) (18.9,-7.912808940418517) (18.99465500944918,-7.84520311050458) (19,-7.840879604642247) (19.09465551045892,-7.763807818420874) (19.1,-7.758950264179991) (19.19465579227807,-7.672412642588116) (19.2,-7.667020921082025) (19.2946559508017,-7.571017544476945) (19.3,-7.56509157650152) (19.39465603997137,-7.461987756472028) (19.4,-7.45579455968535) (19.49465606863306,-7.34335863345314) (19.5,-7.336505081585012) (19.59465606863306,-7.214603548489497) (19.6,-7.207215603484675) (19.69465606863306,-7.075848463525854) (19.70000000000001,-7.067926125384338) (19.79465606863306,-6.927093378562211) (19.80000000000001,-6.918636647284001) (19.89465606863306,-6.771209044336147) (19.90000000000001,-6.76254206384851) (19.99465606863307,-6.605810926000985) (20,-6.596511105281547) (20.08446228404722,-6.449073556888359) (20.1,-6.420638534843962) (20.18446228404722,-6.264754758046053) (20.2,-6.234907920169478) (20.27532607873033,-6.091181463074406) (20.3,-6.042944582840648) (20.37532607873034,-5.892386477304137) (20.40000000000001,-5.84140222967514) (20.46756983854355,-5.700114024135888) (20.50000000000001,-5.630111412631184) (20.56756983854356,-5.484007424808245) (20.60000000000001,-5.412751177101742) (20.66080977044003,-5.276432827823526) (20.70000000000001,-5.186196240889704) (20.76080977044003,-5.043796914567486) (20.80000000000001,-4.949641304677667) (20.86080977044003,-4.802926387850215) (20.90000000000001,-4.707253516117349) (20.95464412111221,-4.571309267718081) (21,-4.455993978834043) (21.0546441211122,-4.316119939691341) (21.1,-4.198816605068686) (21.1546441211122,-4.054751924889846) (21.2,-3.932696490628509) (21.24916416119286,-3.798432270483954) (21.29832832238571,-3.661750935593601) (21.29999999999999,-3.657021316318183) (21.34916416119285,-3.519223149652165) (21.39832832238571,-3.380390337838175) (21.39999999999999,-3.375634570809991) (21.44916416119285,-3.234349464292066) (21.49832832238571,-3.090647243028343) (21.49999999999999,-3.085678899887858) (21.54916416119285,-2.940957178766636) (21.59832832238571,-2.795298144415606) (21.59999999999999,-2.79031679858921) (21.64420209577693,-2.657376434078241) (21.68840419155386,-2.522482244296198) (21.69999999999999,-2.486582060359321) (21.74420209577692,-2.350498469395394) (21.78840419155386,-2.213738036285129) (21.79999999999998,-2.177683268084216) (21.84420209577692,-2.040108654449928) (21.88840419155386,-1.901897420466971) (21.89999999999998,-1.865472606356141) (21.94420209577692,-1.725140538559046) (21.98840419155386,-1.582854645490878) (22,-1.545015350435177) (22.04420209577694,-1.401662854071195) (22.08840419155388,-1.257756313446946) (22.1,-1.219859077108005) (22.14420209577694,-1.074018101293095) (22.18396496038994,-0.9413762062578774) (22.2,-0.8873023053635917) (22.239762864613,-0.753696676198327) (22.27952572922599,-0.6197111531202356) (22.3,-0.5505251435882546) (22.339762864613,-0.4159982352772176) (22.379525729226,-0.2811255526609767) (22.4,-0.2115003048928013) (22.439762864613,-0.07531266349954788) (22.479525729226,0.06201189424796139) (22.5,0.1333070018846562) (22.539762864613,0.2714933578770506) (22.579525729226,0.4099561032532991) (22.6,0.4813941809591129) (22.639762864613,0.6202410148530459) (22.679525729226,0.7593296217866625) (22.7,0.8310721371809239) (22.739762864613,0.9710811787382962) (22.779525729226,1.111886163720702) (22.8,1.184797805733442) (22.839762864613,1.326184379141783) (22.879525729226,1.467742702264399) (22.90000000000001,1.540720841951372) (22.93976286461301,1.682504390208855) (22.979525729226,1.824424728067458) (23,1.897571271237703) (23.039762864613,2.039995751282707) (23.079525729226,2.182853939269506) (23.1,2.256636276269521) (23.139762864613,2.399784233747577) (23.179525729226,2.542998640442468) (23.2,2.616775292834572) (23.239762864613,2.760055221474803) (23.279525729226,2.903366456737324) (23.3,2.977174871813735) (23.339762864613,3.12056272841386) (23.379525729226,3.264011086279055) (23.40000000000001,3.337905139660227) (23.43976286461301,3.481345629583979) (23.479525729226,3.624747098899214) (23.50000000000001,3.698565764184356) (23.53976286461301,3.841872961279604) (23.57952572922601,3.985105978231037) (23.60000000000001,4.058819801845551) (23.63976286461301,4.201904167406684) (23.67952572922601,4.344878077627154) (23.70000000000001,4.418439806325203) (23.73976286461301,4.561210681164622) (23.77952572922601,4.70383539511066) (23.80000000000001,4.777198934259057) (23.83976286461301,4.919566383260901) (23.87952572922601,5.061751826929164) (23.90000000000001,5.134870725066931) (23.93976286461301,5.276322573322843) (23.97952572922601,5.417134542414423) (24,5.489310462134001) (24.039762864613,5.629539662734373) (24.079525729226,5.769515574608153) (24.1,5.841460059680144) (24.139762864613,5.981016435678995) (24.179525729226,6.120283696536502) (24.2,6.191844843218355) (24.239762864613,6.330638062523454) (24.279525729226,6.469106108365663) (24.3,6.54023716499653) (24.339762864613,6.678176263796429) (24.379525729226,6.815753850410447) (24.40000000000001,6.886407690110642) (24.43976286461301,7.023400949236605) (24.479525729226,7.159996026879182) (24.50000000000001,7.230125082159327) (24.53976286461301,7.366079898898454) (24.57952572922601,7.501599482102945) (24.60000000000001,7.571155676793366) (24.63976286461301,7.705978431301063) (24.67952572922601,7.840328462928407) (24.70000000000001,7.909263140961754) (24.73976286461301,8.042001828409596) (24.77952572922601,8.173372581109012) (24.80000000000001,8.240312247604814) (24.83976286461301,8.370431599227233) (24.87952572922601,8.500003912164876) (24.90000000000001,8.566440232270436) (24.93976286461301,8.695146120935457) (24.97952572922601,8.823267260661483) (25,8.888936940749348) (25.039762864613,9.016133970372753) (25.079525729226,9.142707982589656) (25.1,9.207561327465621) (25.139762864613,9.333152633433736) (25.179525729226,9.458082030640915) (25.2,9.522068522349107) (25.239762864613,9.64507601114417) (25.279525729226,9.766502414536999) (25.3,9.828211889330065) (25.339762864613,9.94808507848477) (25.379525729226,10.06721916905818) (25.40000000000001,10.12818185743402) (25.43976286461301,10.24615687256358) (25.479525729226,10.36335338101939) (25.50000000000001,10.42329809865111) (25.53976286461301,10.53927505372342) (25.57952572922601,10.6544333157776) (25.60000000000001,10.71330782895495) (25.63976286461301,10.82646345291706) (25.67952572922601,10.93803799147693) (25.70000000000001,10.99467464895207) (25.73976286461301,11.10453630588174) (25.77952572922601,11.21349919683803) (25.80000000000001,11.26914242519671) (25.83976286461301,11.37606144774758) (25.87952572922601,11.48139938489621) (25.90000000000001,11.53482475799218) (25.93976286461301,11.63836970172316) (25.97952572922601,11.74093576769332) (26,11.7932439607476) (26.039762864613,11.89428596104656) (26.079525729226,11.99430792898593) (26.1,12.045284951289) (26.139762864613,12.14320060962684) (26.179525729226,12.23953518256244) (26.2,12.28832463924321) (26.239762864613,12.38274294067541) (26.279525729226,12.47605908626105) (26.3,12.52354093178311) (26.33982460041096,12.61484756969152) (26.37972082408468,12.70472671098763) (26.4,12.74959850659768) (26.44046335934292,12.83870814239347) (26.48130744689961,12.92740643980615) (26.5,12.96742182576565) (26.54173670937735,13.0557321415346) (26.58385818466767,13.14308236124489) (26.6,13.17586886266527) (26.64320256740941,13.26289718825966) (26.68693245645597,13.34907546047056) (26.7,13.37424793958606) (26.74507736857823,13.4608144198531) (26.79080401590251,13.54690086805804) (26.8,13.56386083207185) (26.84720530277196,13.65014417916692) (26.8950047363005,13.73522871142552) (26.9,13.74387791914791) (26.94943872976435,13.82918930404798) (26.999584622929,13.91320635826332) (27,13.91388110533919) (27.05207677083708,13.99839963151829) (27.1,14.07364331580651) (27.15388731720603,14.15583850382242) (27.2,14.22383132783492) (27.25642934620631,14.30431871911449) (27.29999999999999,14.36394583850506) (27.35944136619193,14.44260621690624) (27.4,14.49379957935297) (27.46295948108602,14.57059812819094) (27.5,14.61338154765707) (27.56680942194792,14.68793813492822) (27.6,14.72269439948812) (27.67109921888136,14.79462330189854) (27.7,14.82174314908738) (27.7759462479454,14.89061290390156) (27.8,14.91053952061292) (27.88149024242476,14.9758358878165) (27.9,14.98910763166368) (27.98675060778978,15.04948761508946) (28,15.05753470172531) (28.09012461471348,15.11094651211367) (28.1,15.11589810175334) (28.19207983862111,15.16108064325674) (28.2,15.1642326416688) (28.29319823424502,15.20053991140824) (28.3,15.20255330049272) (28.39383329076899,15.22966505091095) (28.4,15.23086692385861) (28.49419240982448,15.2486293691787) (28.5,15.24917683939496) (28.59439501795038,15.25751886478981) (28.6,15.25748474918423) (28.69450917647952,15.25637515650012) (28.7,15.25579155619004) (28.79457345131232,15.24521778505802) (28.8,15.24409775096218) (28.89460962511356,15.22405555052238) (28.9,15.22240360391537) (28.99462997895681,15.19289216771701) (29,15.19070926540714) (29.09464142991788,15.1517290313691) (29.1,15.14901481945886) (29.19464787169239,15.1005665353594) (29.2,15.09732031315691) (29.29465149538323,15.03940468163913) (29.3,15.03562577293176) (29.39465353377031,14.9682433478422) (29.4,14.96393121363295) (29.49465468038233,14.88708239571714) (29.5,14.88223664360779) (29.59465532535769,14.79592170845934) (29.6,14.79054206754988) (29.69465568815826,14.69476119841144) (29.7,14.6888474880988) (29.79465589223419,14.58360080391815) (29.8,14.57715290673914) (29.89465595783012,14.46244054763115) (29.9,14.45545832502893) (29.99465595783012,14.33135106368531) (30,14.32384241923313) (30.09465595783012,14.19027355329001) (30.1,14.18222673876972) (30.19465595783011,14.03919227704358) (30.2,14.0306110583063) (30.29465595783011,13.87866062512432) (30.29999999999999,13.86965567455491) (30.38496508985031,13.72561664232795) (30.39999999999999,13.69885092092782) (30.48496508985031,13.54631537971583) (30.49999999999999,13.51817913597997) (30.57612109424862,13.37529462299499) (30.59999999999999,13.32887811101839) (30.67612109424863,13.1786050083687) (30.69999999999999,13.12983355055553) (30.76831725354812,12.98866767266325) (30.79999999999999,12.92103623719893) (30.86831725354812,12.77393417658219) (30.89999999999999,12.70414055841704) (30.96146429372839,12.56648684307001) (31,12.47784235451865) (31.0614642937284,12.33497824516706) (31.1,12.24360904125609) (31.1614642937284,12.09535626871244) (31.2,12.00038631694434) (31.25520167655704,11.86305652462285) (31.3,11.74985405610906) (31.35520167655704,11.60800596367602) (31.40000000000001,11.49064730940417) (31.45520167655704,11.34455220490346) (31.50000000000001,11.22452778880866) (31.54965039062123,11.08954388786764) (31.59930078124246,10.95244183780904) (31.6,10.95048122131691) (31.64965039062123,10.81185897315426) (31.69930078124246,10.67174635645337) (31.7,10.66975218355433) (31.74965039062123,10.52763071248427) (31.79930078124246,10.38352137567422) (31.8,10.3814639114092) (31.84965039062123,10.23596941931751) (31.89431751615856,10.10397938218185) (31.9,10.08704807299602) (31.94466712553733,9.953424744887037) (31.98933425107466,9.818307863018298) (32,9.785687617379775) (32.04466712553733,9.649225213329046) (32.08933425107466,9.511773922299879) (32.09999999999999,9.478716765340584) (32.14466712553732,9.340094587741943) (32.18933425107465,9.200537652944158) (32.19999999999999,9.166990629380201) (32.24466712553732,9.025911206318657) (32.28933425107465,8.883532499094184) (32.29999999999998,8.849224641496452) (32.34466712553731,8.705710703573745) (32.38933425107464,8.561371781884919) (32.39999999999998,8.526709113312037) (32.44466712553731,8.381015551813356) (32.48483250874011,8.249069544091453) (32.49999999999997,8.198889825679625) (32.54016538320277,8.066012849856886) (32.58033076640557,7.932558386940858) (32.59999999999997,7.86692212198765) (32.64016538320276,7.732651722408553) (32.68033076640556,7.59784818512484) (32.69999999999996,7.53157298837658) (32.74016538320276,7.395759032666139) (32.78033076640556,7.259195739320782) (32.79999999999995,7.191952904848726) (32.84016538320275,7.054578879308174) (32.88033076640555,6.916761076791247) (32.89999999999995,6.849053536433588) (32.94016538320275,6.710618954132786) (32.98033076640554,6.571784912345243) (33,6.50360141595228) (33.0401653832028,6.364024951251263) (33.08033076640559,6.223901681388419) (33.09999999999999,6.155014686051373) (33.14016538320279,6.014313234716119) (33.18033076640559,5.873301375737583) (33.19999999999999,5.804094998190043) (33.24016538320279,5.662664957116167) (33.28033076640558,5.520968742466685) (33.29999999999998,5.451448893458411) (33.34016538320278,5.309290432418527) (33.38033076640558,5.16680007181473) (33.39999999999998,5.096859138261705) (33.44016538320277,4.954028700164121) (33.48033076640557,4.811020717817348) (33.49999999999997,4.740901890474583) (33.54016538320277,4.597673509952236) (33.58033076640557,4.45431167575807) (33.59999999999997,4.384041156428505) (33.64016538320276,4.240505381449499) (33.68033076640556,4.096861018764246) (33.69999999999996,4.026464320521429) (33.74016538320276,3.882721407432898) (33.78033076640556,3.73893312000439) (33.79999999999995,3.668496896907058) (33.84016538320275,3.524684895740944) (33.88033076640555,3.380871400928782) (33.89999999999995,3.3104443222656) (33.94016538320275,3.166672446124301) (33.98033076640554,3.022942920101462) (34,2.952578432026919) (34.0401653832028,2.808957325989181) (34.08033076640559,2.665423900824744) (34.09999999999999,2.595177643286531) (34.14016538320279,2.451819431331928) (34.18033076640559,2.308593494727709) (34.19999999999999,2.238519654404348) (34.24016538320279,2.095535532472879) (34.28033076640558,1.95272844916678) (34.29999999999998,1.882881644712307) (34.34016538320278,1.740383299720419) (34.38033076640558,1.598106996146062) (34.39999999999998,1.528542155911999) (34.44016538320277,1.386641943556204) (34.48033076640557,1.245009087379968) (34.49999999999997,1.175781538184572) (34.54016538320277,1.034592665599938) (34.58033076640557,0.8937168506520347) (34.59999999999997,0.8248824094550768) (34.64016538320276,0.6845191241080033) (34.68033076640556,0.5445150621240412) (34.69999999999996,0.476130131318892) (34.74016538320276,0.3367079176159522) (34.78033076640556,0.1976916383180005) (34.79999999999995,0.1298133054129139) (34.84016538320275,-0.008260282799864009) (34.88033076640555,-0.145589968486148) (34.89999999999995,-0.2124768611389404) (34.94016538320275,-0.3489427035359134) (34.98033076640554,-0.4849089962565902) (35,-0.5512478881267097) (35.0401653832028,-0.6864223933448156) (35.08033076640559,-0.8210497435894484) (35.09999999999999,-0.8867096345421964) (35.14016538320279,-1.020473545175333) (35.18033076640559,-1.153641961331001) (35.19999999999999,-1.218563731194728) (35.24016538320279,-1.35079586394435) (35.28033076640558,-1.482383330572452) (35.29999999999998,-1.546506820137199) (35.34016538320278,-1.67708381505871) (35.38033076640558,-1.806966035212721) (35.39999999999998,-1.870229916648663) (35.44016538320277,-1.999025968027626) (35.48033076640557,-2.127076086080768) (35.49999999999997,-2.189417723263798) (35.54016538320277,-2.316304289170786) (35.58033076640557,-2.442392591039474) (35.59999999999997,-2.503747888179159) (35.64016538320276,-2.628593375312258) (35.68033076640556,-2.752586962487304) (35.69999999999996,-2.812890199203608) (35.74016538320276,-2.935559619095097) (35.78033076640556,-3.057322052318222) (35.79999999999995,-3.116505703011623) (35.84016538320275,-3.236860295028749) (35.88033076640555,-3.356251202753727) (35.89999999999995,-3.414245737746092) (35.94016538320275,-3.531942619706099) (35.98033076640554,-3.648417397987816) (36,-3.704857337019599) (36.0401653832028,-3.81965473599841) (36.08033076640559,-3.933373227313524) (36.09999999999999,-3.988533519738202) (36.14016538320279,-4.100584662653334) (36.18033076640559,-4.211496804844314) (36.19999999999999,-4.265253383015132) (36.24016538320279,-4.374406550410457) (36.28033076640558,-4.482358518624875) (36.29999999999998,-4.534635022546182) (36.34016538320278,-4.640692994825034) (36.38033076640558,-4.745445205747421) (36.39999999999998,-4.79610356423363) (36.44016538320277,-4.898888034023313) (36.48033076640557,-5.000344201995714) (36.49999999999997,-5.049377429906671) (36.54016538320277,-5.148787945962487) (36.58033076640557,-5.246803287618542) (36.59999999999997,-5.294118773944128) (36.64016538320276,-5.390107554049739) (36.68033076640556,-5.48475299803401) (36.69999999999996,-5.530443610398886) (36.74016538320276,-5.622898858888971) (36.78033076640556,-5.71382175179226) (36.79999999999995,-5.757594543456929) (36.84054793853701,-5.846990179071182) (36.88136869047068,-5.935329497475085) (36.89999999999995,-5.974885262626391) (36.94169370736256,-6.063882987198449) (36.98394364090176,-6.153597796228793) (37,-6.187512261509429) (37.04262824461915,-6.277314987487388) (37.08525648923829,-6.36658260972769) (37.1,-6.397271859382363) (37.14262824461915,-6.485759758806968) (37.18525648923829,-6.573653007726154) (37.2,-6.603846318210667) (37.24262824461915,-6.690876169971471) (37.28525648923829,-6.777248291877447) (37.3,-6.806893684807187) (37.34262824461915,-6.892313489770717) (37.38525648923829,-6.977008461876111) (37.40000000000001,-7.006050583190633) (37.44262824461915,-7.089698320772446) (37.4852564892383,-7.172549516326696) (37.50000000000001,-7.200929142983333) (37.54262824461915,-7.282631290034644) (37.5852564892383,-7.363459882590814) (37.60000000000001,-7.391113331017737) (37.64262824461915,-7.470683081192564) (37.6852564892383,-7.549296118717525) (37.70000000000001,-7.576154528481755) (37.74262824461915,-7.653389629778534) (37.7852564892383,-7.729577685864935) (37.80000000000001,-7.755566142870244) (37.84262824461916,-7.830246242136814) (37.8852564892383,-7.903780518245521) (37.90000000000001,-7.928816968717259) (37.94262824461916,-8.000700310332713) (37.9852564892383,-8.071329014703602) (38,-8.09532290219296) (38.04262824461915,-8.1641421670905) (38.08525648923829,-8.231585924474183) (38.1,-8.254436453780889) (38.14262824461915,-8.31989343322604) (38.18525648923829,-8.383839371184269) (38.2,-8.405486355803669) (38.23829733540117,-8.461122452177445) (38.27659467080234,-8.515414950208564) (38.3,-8.547774549509167) (38.33829733540117,-8.599779224578267) (38.37659467080234,-8.650317213748536) (38.40000000000001,-8.6803070288413) (38.43829733540117,-8.728481970370282) (38.47659467080234,-8.775190226000435) (38.50000000000001,-8.802839508173431) (38.53829733540118,-8.847184716162296) (38.57659467080234,-8.890063238252333) (38.60000000000001,-8.915462429776678) (38.63443316112058,-8.952022977006314) (38.66886632224116,-8.987397881651194) (38.70000000000002,-9.018311031450766) (38.73443316112059,-9.051428262568345) (38.76886632224117,-9.083359851101168) (38.80000000000003,-9.111159633124853) (38.8344331611206,-9.140833548130374) (38.86886632224117,-9.16932182055114) (38.90000000000003,-9.19400823479894) (38.93443316112061,-9.220238833692404) (38.96886632224118,-9.245283790001114) (39,-9.266856836473028) (39.03443316112057,-9.289644119254435) (39.06886632224115,-9.311245759451086) (39.10000000000001,-9.329705438147116) (39.13443316112058,-9.349049404816466) (39.16886632224116,-9.367207728901061) (39.20000000000002,-9.382554039821205) (39.23443316112059,-9.398454690378497) (39.26886632224117,-9.413169698351034) (39.30000000000003,-9.425402641495291) (39.3344331611206,-9.437859975940526) (39.36886632224117,-9.449131667801007) (39.40000000000003,-9.458251243169379) (39.43443316112061,-9.467265261502558) (39.46886632224118,-9.47509363725098) (39.50000000000004,-9.481099844843467) (39.53443316112062,-9.487103235653983) (39.56886632224119,-9.49235367246914) (39.60000000000005,-9.496420193702763) (39.63443316112063,-9.499804184129625) (39.6688663222412,-9.502002531971732) (39.70000000000006,-9.502918196933095) (39.73443316112063,-9.5028588712479) (39.76886632224121,-9.501613902977951) (39.80000000000007,-9.499416200163429) (39.83443316112064,-9.495913558366176) (39.86886632224122,-9.491225273984169) (39.90000000000008,-9.485914203393762) (39.93443316112065,-9.478968245484452) (39.96886632224123,-9.470836644990388) (40,-9.462412206624094) (40.03443316112057,-9.452022932602727) (40.06886632224115,-9.440448015996605) (40.10000000000001,-9.428910209854426) (40.13443316112058,-9.415077619721002) (40.16886632224116,-9.400059387002823) (40.20000000000002,-9.385408213084759) (40.23443316112059,-9.368132306839279) (40.26886632224117,-9.349670758009042) (40.30000000000003,-9.331906216315092) (40.3344331611206,-9.311186993957554) (40.36886632224117,-9.289282129015261) (40.40000000000003,-9.268404219545426) (40.43443316112061,-9.244241681075831) (40.46886632224118,-9.21889350002148) (40.50000000000004,-9.194902222775758) (40.53443316112062,-9.167296368194105) (40.56886632224119,-9.138504871027697) (40.60000000000005,-9.11140022600609) (40.63443316112063,-9.080351055312381) (40.6688663222412,-9.048116242033915) (40.70000000000006,-9.017898229236422) (40.73443316112063,-8.983405742430655) (40.76886632224121,-8.947727613040133) (40.80000000000007,-8.914396232466755) (40.83443316112064,-8.876460429548931) (40.86886632224122,-8.837338984046351) (40.90000000000008,-8.800894235697088) (40.93443316112065,-8.759515116667206) (40.96886632224123,-8.716950355052569) (41,-8.677392238927419) (41.03443316112057,-8.632569803785481) (41.06886632224115,-8.586561726058788) (41.10000000000001,-8.543890242157753) (41.13443316112058,-8.495624490903756) (41.16886632224116,-8.446173097065005) (41.20000000000002,-8.400388245388084) (41.23443316112059,-8.348679178022032) (41.26886632224117,-8.295784468071224) (41.30000000000003,-8.246886248618418) (41.3344331611206,-8.191733865140309) (41.36886632224117,-8.135395839077443) (41.40000000000003,-8.083384251848752) (41.43443316112061,-8.024788552258585) (41.46886632224118,-7.965007210083662) (41.50000000000004,-7.909882255079085) (41.53443316112062,-7.84784323937686) (41.56886632224119,-7.78461858108988) (41.60000000000005,-7.726380258309417) (41.63443316112063,-7.660897926495135) (41.6688663222412,-7.594229952096098) (41.70000000000006,-7.53287826153975) (41.73443316112063,-7.463952613613411) (41.76886632224121,-7.393841323102317) (41.80000000000007,-7.329376264770083) (41.83443316112064,-7.257007300731686) (41.86886632224122,-7.183452694108535) (41.90000000000008,-7.115874268000415) (41.93443316112065,-7.040061987849962) (41.96886632224123,-6.963064065114754) (42,-6.892372271230749) (42.03443316112057,-6.813116674968239) (42.06886632224115,-6.732675436120973) (42.10000000000001,-6.658870274461082) (42.13443316112058,-6.576171362086514) (42.16886632224116,-6.492286807127191) (42.20000000000002,-6.415368277691415) (42.23443316112059,-6.330117442464591) (42.26886632224117,-6.244572357912813) (42.30000000000003,-6.166958392973755) (42.3344331611206,-6.080877843951308) (42.36886632224117,-5.994527883976537) (42.40000000000003,-5.916208627354241) (42.43443316112061,-5.829372389936562) (42.46886632224118,-5.74229347030515) (42.50000000000004,-5.663339272527192) (42.53443316112062,-5.575827160634749) (42.56886632224119,-5.488101284195557) (42.60000000000005,-5.408588269543818) (42.63443316112063,-5.320486818891636) (42.6688663222412,-5.232203075046798) (42.70000000000006,-5.152214105109246) (42.73443316112063,-5.063617718575594) (42.76886632224121,-4.974873514693962) (42.80000000000007,-4.894499379580279) (42.83443316112064,-4.805511749961392) (42.86886632224122,-4.716414347674829) (42.90000000000008,-4.635755257762117) (42.93443316112065,-4.54649115911037) (42.96886632224123,-4.45715961803211) (43,-4.376327099209317) (43.03443316112057,-4.286914676781167) (43.06886632224115,-4.197482352904651) (43.10000000000001,-4.116601694044275) (43.13443316112058,-4.027185442608226) (43.16886632224116,-3.937803258047663) (43.20000000000002,-3.857016730937156) (43.23443316112059,-3.767761445801983) (43.26886632224117,-3.678602257601546) (43.30000000000003,-3.598073444868831) (43.3344331611206,-3.509169585033384) (43.36886632224117,-3.420434164909597) (43.40000000000003,-3.340353924278462) (43.43443316112061,-3.252025091400416) (43.46886632224118,-3.163950546428348) (43.50000000000004,-3.084545475989956) (43.53443316112062,-2.997059184883108) (43.56542180093052,-2.918614811793182) (43.59641044074041,-2.840460665492812) (43.60000000000005,-2.831441323082622) (43.63098863980995,-2.753715854818158) (43.66197727961985,-2.676385446261522) (43.69296591942975,-2.599450097412714) (43.70000000000005,-2.582076293205905) (43.73098863980995,-2.505760508784119) (43.76197727961985,-2.429974614578678) (43.79296591942975,-2.35471861058958) (43.80000000000005,-2.337756604247636) (43.83098863980995,-2.263331980129209) (43.86197727961985,-2.189618456627569) (43.89296591942975,-2.116616033742716) (43.90000000000006,-2.100206698306012) (43.93098863980995,-2.026727661449064) (43.96197727961985,-1.952610598597333) (43.99296591942975,-1.877855509750818) (44,-1.860742101498838) (44.02788616394621,-1.792792999065614) (44.05577232789243,-1.724295986595426) (44.08365849183864,-1.655251064088274) (44.09999999999999,-1.614469124945093) (44.12788616394621,-1.544499946245149) (44.15577232789242,-1.473927590879808) (44.18365849183864,-1.402752058849071) (44.19999999999999,-1.360689179342532) (44.2278861639462,-1.288429519398738) (44.25577232789242,-1.215439197741806) (44.28365849183863,-1.141718214371734) (44.29999999999998,-1.098088973429881) (44.3278861639462,-1.023162178494403) (44.35577232789241,-0.9474577454192896) (44.38365849183862,-0.8709756742045414) (44.39999999999998,-0.8257008858401932) (44.42788616394619,-0.7483420455661844) (44.4557723278924,-0.6705621382086311) (44.48365849183862,-0.5923611637675331) (44.49999999999997,-0.5462880381947507) (44.52788616394619,-0.4670626770402268) (44.5557723278924,-0.3870596777460677) (44.58365849183861,-0.3062790403122734) (44.59999999999997,-0.2584852588341308) (44.62788616394618,-0.1764712812849853) (44.65577232789239,-0.09367966559620465) (44.68365849183861,-0.01011041176778873) (44.69999999999996,0.03931752052648913) (44.72788616394617,0.1241201144702562) (44.75577232789239,0.2097003465536585) (44.7836584918386,0.296058216776696) (44.79999999999995,0.3471202998871092) (44.82788616394617,0.4347115102254978) (44.85577232789238,0.5230803587035217) (44.8836584918386,0.6122268453211808) (44.89999999999995,0.6649230792477293) (44.92788616394616,0.7546110675039992) (44.95577232789238,0.8443848554231641) (44.98365849183859,0.9342444430052239) (45,0.9869531369143038) (45.02788616394621,1.076935236594179) (45.05577232789243,1.166989569104555) (45.08365849183864,1.257116134445432) (45.09999999999999,1.309973329121067) (45.12788616394621,1.400201454531258) (45.15577232789242,1.49048881101236) (45.18365849183864,1.580835398564374) (45.19999999999999,1.63381390882881) (45.2278861639462,1.724241954818946) (45.25577232789242,1.814716749380671) (45.28365849183863,1.905238292513985) (45.29999999999998,1.958312013263458) (45.3278861639462,2.048895695662027) (45.35577232789241,2.139514122300647) (45.38365849183862,2.230167293179318) (45.39999999999998,2.283311114176248) (45.42788616394619,2.374007826545872) (45.4557723278924,2.464727720012545) (45.48365849183862,2.55547079457627) (45.49999999999997,2.6086605237379) (45.52788616394619,2.69942920836529) (45.5557723278924,2.790209918753845) (45.58365849183861,2.881002654903565) (45.59999999999997,2.934214949026143) (45.62788616394618,3.025015980374165) (45.65577232789239,3.115818259731259) (45.68365849183861,3.206621787097425) (45.69999999999996,3.259834089110218) (45.72788616394617,3.350629168218153) (45.75577232789239,3.441415067724869) (45.7836584918386,3.532191787630367) (45.79999999999995,3.585382269603045) (45.82788616394617,3.676134328136601) (45.85577232789238,3.766867104615663) (45.8836584918386,3.857580599040231) (45.89999999999995,3.910728110275249) (45.92788616394616,4.001401223108203) (45.95577232789238,4.092045253782896) (45.98365849183859,4.182660202299324) (46,4.235744221931795) (46.02788616394621,4.326303527292732) (46.05577232789243,4.416824231868278) (46.08365849183864,4.50730633565843) (46.09999999999999,4.560306929262636) (46.12788616394621,4.650718555608256) (46.15577232789242,4.741082324868698) (46.18365849183864,4.831398237043962) (46.19999999999999,4.884296016810631) (46.2278861639462,4.974527015695583) (46.25577232789242,5.064701145912978) (46.28365849183863,5.154818407462816) (46.29999999999998,5.207594495566544) (46.3279363349636,5.297774616730531) (46.35594430056886,5.388119739263317) (46.38406475001729,5.478760940693189) (46.39999999999998,5.530087322274497) (46.42843385826843,5.621623322257758) (46.45702994458814,5.713603528101724) (46.48581114062431,5.80610008289597) (46.49999999999998,5.851660827433675) (46.52906116485656,5.944928087417086) (46.55821812051293,6.038412482573945) (46.58745413103414,6.132059566448674) (46.59999999999998,6.172206717505989) (46.62935955371956,6.266109786528816) (46.65876453573193,6.3600572205191) (46.68821150405357,6.454037578141068) (46.69999999999998,6.491620130527147) (46.72952393635668,6.585694777820127) (46.75907875309056,6.679756862894819) (46.78866543767047,6.773809173150065) (46.79999999999998,6.809797659595208) (46.82965257005424,6.903896152178549) (46.85933297402489,6.997962180947596) (46.88904376534002,7.092003477736258) (46.89999999999998,7.126637726778686) (46.92977696147351,7.220713384393089) (46.95958237568848,7.314748336166113) (46.98941945718868,7.408752321531373) (47,7.442040660219718) (47.02990719532063,7.536078851979483) (47.05984462806388,7.630071663065328) (47.08981589827683,7.724029936781034) (47.1,7.755908639105764) (47.13004654302385,7.849904843628957) (47.16012548118242,7.943851977282083) (47.19024072646245,8.037761733245141) (47.2,8.068145599875628) (47.23019612697263,8.162098445275998) (47.26042693071948,8.255998681893548) (47.29069662737884,8.349858808165033) (47.3,8.378657133891679) (47.33035640600842,8.472566191835266) (47.36074981830097,8.566418977885263) (47.39118477183694,8.660228820699427) (47.4,8.687350386496608) (47.43052764853103,8.781215473682265) (47.46109465970955,8.875020398493682) (47.49170591076579,8.968779370120972) (47.5,8.994133960497727) (47.53071008351512,9.087954917859077) (47.56146190935943,9.181711547560827) (47.59226072504774,9.275419001122533) (47.59999999999999,9.298917824798295) (47.6309039491459,9.392694447909051) (47.66185204561905,9.486402272178552) (47.692849938614,9.58005746055291) (47.7,9.601613228136911) (47.73110950900924,9.695345245274082) (47.76226559939724,9.789003659419411) (47.79347435662162,9.882605720260997) (47.8,9.902132617671143) (47.83132705811133,9.99581968269675) (47.86270316498521,10.0894279804954) (47.89413488026048,10.18297592896866) (47.90000000000001,10.20038956209544) (47.9315569258324,10.29403125173989) (47.96316540559334,10.3875886212267) (47.99483251463813,10.48108134459575) (48,10.49629867899524) (48.03179947808996,10.58989449123589) (48.06365305756932,10.68340001094559) (48.09556837501868,10.77683626313147) (48.1,10.78977556616863) (48.1320551194507,10.88332491864966) (48.16416693459593,10.97677755349872) (48.19634369313929,11.07015594896597) (48.2,11.08073673668127) (48.23232429544337,11.17423896483266) (48.26470793231567,11.2676375613517) (48.297159824204,11.36095656807362) (48.3,11.36909955745512) (48.33260749517277,11.46255391219029) (48.36527703356411,11.55589719297737) (48.39801825480574,11.64915512434183) (48.4,11.65478219122671) (48.43290525429076,11.74818783616539) (48.4658753143169,11.84147439347371) (48.49892061192779,11.93466939901614) (48.5,11.93770354174562) (48.53321815836922,12.03105954992522) (48.56650395043924,12.12428783830271) (48.59986867315594,12.21741789314735) (48.6,12.21778320212019) (48.63354684672262,12.31108855215999) (48.66716422533076,12.4042568800501) (48.7,12.49493279444642) (48.7337923885351,12.58791325939667) (48.76768306280485,12.68081639725973) (48.8,12.76907286918512) (48.83410684018286,12.86187343844053) (48.86832692650888,12.95461832612674) (48.90000000000001,13.04012228302653) (48.93446104215897,13.13280282449903) (48.96904498655002,13.22543290677168) (49,13.30800093759388) (49.03484311744196,13.40058538135613) (49.06981667305237,13.49311721298812) (49.1,13.5726293570849) (49.13524856811507,13.66512635570679) (49.170634356962,13.75756498973357) (49.2,13.83392847821879) (49.23567608982811,13.92634010856396) (49.27149602490842,14.01868557274596) (49.3,14.0918195334044) (49.33612579694655,14.1841449609793) (49.37240217313892,14.27639497712862) (49.40000000000001,14.34622397514651) (49.43659847170076,14.4384609914345) (49.47335449479987,14.53061210716928) (49.5,14.5970634191649) (49.53709525023656,14.68920907916975) (49.57435533277626,14.78125712698249) (49.6,14.8442595965445) (49.63761749596451,14.93631047454594) (49.67540746100686,15.02825074413385) (49.7,15.08773431082992) (49.73816675395202,15.17968659298288) (49.77651400821481,15.2715138794752) (49.8,15.32740939843162) (49.83874474118278,15.4192589043473) (49.87767844498678,15.51096750068021) (49.90000000000001,15.56320669181479) (49.93935335359566,15.65494886376188) (49.97890460084498,15.74653252549055) (50,15.79504798547301)
tv[0]:
[0]: (0,0) (0.1,0) (0.2,0.1) (0.3,0.09653054473338522) (0.4000000000000001,0.0927723637367628) (0.5000000000000001,0.08872178279909851) (0.6000000000000001,0.08437332031659488) (0.7000000000000001,0.07971953252144012) (0.8,0.07475079529556319) (0.9,0.06945500806057775) (1,0.0638171984696185) (1.1,0.05781899710394988) (1.2,0.05143793738439371) (1.3,0.04464651468869481) (1.4,0.03741090554212848) (1.5,0.02968919447746609) (1.6,0.02142886756842329) (1.7,0.01256317893440365) (1.8,0.003005721738530827) (1.9,-0.007357962648646293) (2,-0.01868393527928373) (2.1,-0.03119306039134606) (2.2,-0.04521337232246739) (2.3,-0.06126493342329978) (2.4,-0.0802514424804444) (2.5,-0.1039777676108391) (2.600000000000001,-0.1370155922116731) (2.700000000000001,-0.1989826326559118) (2.800000000000001,-0.2989826326559118) (7.399999999999997,4.301017367344086) (7.499999999999996,4.396618242466008) (7.599999999999994,4.486637797177739) (7.699999999999993,4.571144126990921) (7.799999999999993,4.650192072333599) (7.899999999999992,4.723823759413895) (8,4.792068992866635) (8.100000000000001,4.854945546240348) (8.200000000000003,4.912459330502493) (8.300000000000004,4.96460444419518) (8.400000000000006,5.011363106238099) (8.500000000000004,5.052705492776044) (8.600000000000001,5.088589506087303) (8.699999999999999,5.118960238202081) (8.799999999999997,5.143749392392295) (8.899999999999995,5.162874550520915) (9,5.176238268413917) (9.099999999999998,5.183726976523687) (9.199999999999996,5.185209657227579) (9.299999999999994,5.180536262822758) (9.399999999999991,5.169535829208557) (9.499999999999989,5.152014228817999) (9.599999999999987,5.127751491798879) (9.699999999999985,5.096498605698577) (9.799999999999983,5.057973679521478) (9.899999999999981,5.011857325972277) (10,4.957787073099478) (10.1,4.895350559293829) (10.2,4.824077187692686) (10.29999999999999,4.743427808665801) (10.39999999999999,4.652781848974168) (16.3,-1.247218151025844) (16.4,-1.195357861010217) (16.5,-1.143241163696269) (16.6,-1.090876406211241) (16.7,-1.038271077696093) (16.8,-0.9854318955289521) (16.9,-0.932364877329487) (17,-0.8790754029995722) (17.1,-0.8255682681373417) (17.2,-0.7718477300073403) (17.3,-0.7179175471025647) (17.4,-0.6637810132183214) (17.5,-0.6094409874552097) (17.6,-0.5548999203843866) (17.70000000000001,-0.5001598751084189) (17.8,-0.4452225441529387) (17.9,-0.3900892628817618) (18,-0.3347610198213721) (18.1,-0.2792384641320574) (18.2,-0.2235219103769097) (18.3,-0.1676113406787289) (18.4,-0.1130745459183757) (18.59999999999999,0.0869254540816243) (18.7,0.1417758543704398) (18.79999999999999,0.1967138867423503) (18.9,0.09671388674235026) (19,0.1789944749645126) (19.1,0.2345317204957376) (19.2,0.2902661509318212) (19.3,0.3462010365846526) (19.4,0.2462010365846525) (19.5,0.3028082997346868) (19.6,0.3597628409024575) (19.70000000000001,0.4170731402894104) (19.80000000000001,0.4747486908451549) (19.90000000000001,0.3747486908451548) (20,0.4334627873584545) (20.1,0.4927218563246675) (20.2,0.5525455577312161) (20.3,0.4525455577312161) (20.40000000000001,0.5138515465390929) (20.50000000000001,0.5759515304475471) (20.60000000000001,0.4759515304475471) (20.70000000000001,0.5400493387959194) (20.80000000000001,0.6052355731998493) (20.90000000000001,0.5052355731998494) (21,0.5731020499811478) (21.1,0.4731020499811478) (21.2,0.5443640821474228) (21.29999999999999,0.6175304169236363) (21.39999999999999,0.5175304169236364) (21.49999999999999,0.5953372479476179) (21.59999999999999,0.4953372479476179) (21.69999999999999,0.5791176825842509) (21.89999999999998,0.3791176825842509) (22,0.4758048038021485) (22.1,0.3758048038021485) (22.2,0.4758048038021485) (22.4,0.2758048038021486) (22.5,0.3758048038021485) (22.7,0.1758048038021486) (22.8,0.2758048038021485) (23,0.07580480380214849) (23.1,0.1758048038021485) (23.3,-0.0241951961978515) (23.40000000000001,0.0758048038021485) (23.90000000000001,-0.4241951961978515) (24,-0.3241951961978515) (24.70000000000001,-1.024195196197852) (24.80000000000001,-0.9241951961978518) (25.2,-1.324195196197852) (25.3,-1.228432768368564) (25.60000000000001,-1.528432768368564) (25.70000000000001,-1.440029100799265) (25.80000000000001,-1.540029100799265) (25.90000000000001,-1.45616145190957) (26.1,-1.65616145190957) (26.2,-1.571966838715495) (26.3,-1.671966838715495) (26.4,-1.588452223754027) (26.5,-1.688452223754027) (26.6,-1.605218593195392) (26.7,-1.522093827431102) (26.8,-1.622093827431102) (26.9,-1.538887126410008) (27,-1.455620910125893) (27.1,-1.374051759906751) (27.2,-1.474051759906751) (27.29999999999999,-1.390321006107798) (27.4,-1.306378637647248) (27.5,-1.22222957222503) (27.6,-1.137878192792417) (27.7,-1.053328389348076) (27.8,-0.9685835947732497) (27.9,-0.8836468155515368) (28,-0.7985206580939744) (28.1,-0.7132073519958947) (28.2,-0.6277087694260205) (28.3,-0.5420264405306733) (28.4,-0.4561615655483178) (28.5,-0.3701150240529491) (28.6,-0.2838873815649854) (28.7,-0.1974788936733772) (28.8,-0.1108895077507259) (28.9,-0.02570177720110781) (29,0.05966626908011204) (29.1,0.1452156129486625) (29.2,0.2309475587321746) (29.3,0.138381954548894) (29.4,0.2247953659148013) (29.5,0.3115558764821715) (29.6,0.3986685112411689) (29.7,0.3021990514517063) (29.8,0.3903657641529654) (29.9,0.4790754004843086) (30,0.3790754004843085) (30.1,0.4692616092405879) (30.2,0.5602154545382887) (30.29999999999999,0.4602154545382887) (30.39999999999999,0.5531380417042531) (30.49999999999999,0.6470951683638085) (30.59999999999999,0.5470951683638086) (30.69999999999999,0.6436098420835836) (30.79999999999999,0.7414887415789703) (30.89999999999999,0.6414887415789703) (31,0.7414887415789703) (31.1,0.6414887415789703) (31.2,0.7414887415789703) (31.3,0.6414887415789703) (31.40000000000001,0.7414887415789703) (31.50000000000001,0.6414887415789703) (31.6,0.7414887415789703) (31.7,0.6414887415789703) (31.8,0.7414887415789703) (31.9,0.6414887415789703) (32,0.7414887415789702) (32.19999999999999,0.5414887415789704) (32.29999999999998,0.6414887415789703) (32.39999999999998,0.5414887415789704) (32.49999999999997,0.6414887415789704) (32.69999999999996,0.4414887415789704) (32.79999999999995,0.5414887415789704) (33,0.3414887415789705) (33.09999999999999,0.4414887415789704) (33.29999999999998,0.2414887415789705) (33.39999999999998,0.3414887415789705) (33.59999999999997,0.1414887415789705) (33.69999999999996,0.2414887415789705) (34.79999999999995,-0.8585112584210294) (34.89999999999995,-0.7585112584210294) (35.89999999999995,-1.758511258421032) (36,-1.658511258421031) (36.29999999999998,-1.958511258421032) (36.39999999999998,-1.858511258421032) (36.59999999999997,-2.058511258421032) (36.69999999999996,-1.958511258421032) (38.3,-3.558511258421028) (38.40000000000001,-3.65721763266509) (38.50000000000001,-3.746019235154855) (38.60000000000001,-3.825386664394759) (38.70000000000002,-3.895723186201713) (38.80000000000003,-3.957374311538858) (38.90000000000003,-4.010634892827713) (39,-4.055755160638281) (39.10000000000001,-4.092945570414988) (39.20000000000002,-4.12238068255425) (39.30000000000003,-4.14420224408364) (39.40000000000003,-4.158521598548713) (39.50000000000004,-4.16542151856056) (39.60000000000005,-4.06542151856056) (39.70000000000006,-4.063141239574694) (39.80000000000007,-4.057688785242802) (39.90000000000008,-4.049061618642106) (40,-4.037252223747763) (40.10000000000001,-4.022248049639827) (40.20000000000002,-4.004031418521489) (40.30000000000003,-3.982579396059498) (40.40000000000003,-3.957863621931383) (40.50000000000004,-3.929850097777169) (40.60000000000005,-3.898498928984261) (40.70000000000006,-3.863764015858173) (40.80000000000007,-3.825592688718698) (40.90000000000008,-3.783925280274349) (41,-3.738694627221848) (41.10000000000001,-3.689825491335308) (41.20000000000002,-3.637233888279302) (41.30000000000003,-3.580826309909181) (41.40000000000003,-3.52049882279223) (41.50000000000004,-3.456136021940349) (41.60000000000005,-3.387609814087191) (41.70000000000006,-3.314777999003734) (41.80000000000007,-3.237482609971142) (41.90000000000008,-3.15554796514189) (42,-3.06877836947254) (42.10000000000001,-2.976955391318313) (42.20000000000002,-2.879834617413892) (44.29999999999998,-4.979834617413879) (44.39999999999998,-5.03594353907754) (44.49999999999997,-4.935943539077542) (44.59999999999997,-4.916599584611725) (44.69999999999996,-4.879439740046247) (44.79999999999995,-4.820608097813367) (44.89999999999995,-4.734628994649453) (50,0.3653710053505361)
tv[Y]:
[0]: (0,0) (0.1,0) (0.2,0.02026036694286316) (2.700000000000001,2.520260366942864) (2.800000000000001,2.4938212214919) (2.900000000000001,2.49333608959161) (3,2.491489955096974) (3.1,2.48828444007559) (3.2,2.483719680251096) (3.3,2.47779432502369) (3.4,2.470505530165075) (3.5,2.461848943103386) (3.600000000000001,2.451818680631552) (3.700000000000001,2.440407298787179) (3.800000000000001,2.427605754561675) (3.900000000000001,2.413403358999146) (4,2.397787721139494) (4.1,2.380744682142814) (4.199999999999999,2.362258238800879) (4.299999999999999,2.34231045549312) (4.399999999999999,2.320881363475165) (4.499999999999998,2.297948846193408) (4.599999999999998,2.273488509093633) (4.699999999999998,2.247473532129027) (4.799999999999997,2.21987450286488) (4.899999999999997,2.190659227714056) (5,2.159792518406819) (5.1,2.127235950285604) (5.199999999999999,2.092947588400945) (5.299999999999999,2.056881676645244) (5.399999999999999,2.018988284266188) (5.499999999999998,1.979212903013171) (5.599999999999998,1.937495986838865) (5.699999999999998,1.893772424440835) (5.799999999999997,1.84797093290268) (5.899999999999997,1.80001335817305) (6,1.749813940149554) (6.1,1.697278306671376) (6.199999999999999,1.642302376588057) (6.299999999999999,1.58477108729674) (6.399999999999999,1.524556859184112) (6.499999999999998,1.46151779134123) (6.599999999999998,1.395495559835715) (6.699999999999998,1.326312786999197) (6.799999999999997,1.253769909663541) (6.899999999999997,1.1776413852038) (7,1.09767104769886) (7.1,1.01356621534863) (7.199999999999999,0.9249903754702359) (7.299999999999998,0.8315539586913703) (7.399999999999997,0.7328024658053224) (10.39999999999999,-2.267197534194676) (10.49999999999999,-2.365855046400722) (10.59999999999999,-2.454419861890246) (10.69999999999999,-2.53413965192832) (10.79999999999998,-2.606023553325549) (10.89999999999998,-2.670899832370184) (11,-2.729457022328831) (11.1,-2.782273923148102) (11.2,-2.829841905040392) (11.29999999999999,-2.872581775811374) (11.39999999999999,-2.910856732478646) (11.49999999999999,-2.944982442761553) (11.59999999999999,-2.975234989294761) (11.69999999999999,-3.001857193180165) (11.79999999999999,-3.025063704329035) (11.89999999999999,-3.045045143398992) (12,-3.061971497338698) (12.1,-3.075994923641939) (12.2,-3.087252083128331) (12.3,-3.095866095490392) (12.4,-3.101948183686336) (12.5,-3.105599064693654) (12.6,-3.106910133404773) (12.7,-3.105964475567752) (12.8,-3.102837738286552) (12.9,-3.097598881139134) (13,-3.090310826677368) (13.1,-3.081031025667155) (13.2,-3.069811949707953) (13.3,-3.056701521608575) (13.4,-3.041743492162708) (13.5,-3.024977770802777) (13.6,-3.006440716153683) (13.7,-2.98616539155534) (13.8,-2.964181789847051) (13.9,-2.940517031048186) (14,-2.915195536014799) (14.1,-2.888239178683697) (14.2,-2.859667419118941) (14.3,-2.829497419237899) (14.4,-2.797744142804086) (14.5,-2.764420441023578) (14.6,-2.729537123123404) (14.7,-2.693103015160333) (14.8,-2.655125007665258) (14.9,-2.615608092467536) (15,-2.574555389001353) (15.1,-2.531968160349519) (15.2,-2.487845819189627) (15.3,-2.442185923699995) (15.4,-2.394984163368216) (15.5,-2.346234334525904) (15.6,-2.295928305309082) (15.7,-2.243456896435617) (15.8,-2.189387061691406) (15.9,-2.133704216197439) (16,-2.076391534366822) (16.1,-2.017429848930628) (16.2,-1.956797533796228) (16.3,-1.894470369135304) (18.4,0.2055296308646962) (18.5,0.2740622076322602) (18.59999999999999,0.3421633261164332) (18.79999999999999,0.5421633261164331) (18.9,0.6195790317003668) (19.3,1.019579031700367) (19.4,1.093180357027916) (19.80000000000001,1.493180357027916) (19.90000000000001,1.561139910546139) (20.2,1.861139910546139) (20.3,1.923425324160473) (20.50000000000001,2.123425324160473) (20.60000000000001,2.180908103050014) (20.80000000000001,2.380908103050015) (20.90000000000001,2.433166930329907) (21,2.533166930329907) (21.1,2.581772701898616) (21.29999999999999,2.781772701898616) (21.39999999999999,2.824577668016679) (21.49999999999999,2.924577668016679) (21.59999999999999,2.963355853100276) (21.69999999999999,3.063355853100276) (21.79999999999998,3.097997750528792) (21.89999999999998,3.130581030011032) (22,3.230581030011032) (22.1,3.258937929088441) (22.2,3.350506472536325) (22.3,3.374533885115714) (22.4,3.396403311315968) (22.5,3.468310644888913) (22.6,3.485791635065913) (22.7,3.501083221424388) (22.8,3.551424804738575) (22.90000000000001,3.562287577491579) (23,3.570939203831674) (23.1,3.598370229453905) (23.2,3.602572988946922) (23.3,3.604553060500594) (23.40000000000001,3.608379625781917) (23.50000000000001,3.605911662415583) (23.60000000000001,3.601219939646478) (23.70000000000001,3.594233894458388) (23.80000000000001,3.584989555526719) (23.90000000000001,3.573478138539184) (24,3.533007259266668) (24.1,3.516987332308048) (24.2,3.498701467361296) (24.3,3.47813499685756) (24.40000000000001,3.455270186052856) (24.50000000000001,3.430086126872688) (24.60000000000001,3.40255861102677) (24.70000000000001,3.372659980650068) (24.80000000000001,3.286141267208322) (24.90000000000001,3.251542333842535) (25,3.21455831399334) (25.1,3.175153901959518) (25.2,3.133289701581632) (25.3,3.033289701581632) (25.40000000000001,2.986543423344789) (25.50000000000001,2.937304674277633) (25.60000000000001,2.885524231743267) (25.70000000000001,2.785524231743267) (25.80000000000001,2.728679359726809) (25.90000000000001,2.628679359726809) (26,2.566767602181106) (26.1,2.502252911314106) (26.2,2.402252911314106) (26.3,2.332544099569549) (26.4,2.232544099569549) (26.5,2.157627422526632) (26.7,1.957627422526631) (26.8,1.875036966343602) (27.1,1.575036966343602) (27.2,1.482768595030815) (29.9,-1.217231404969185) (30,-1.316442392501287) (30.2,-1.516442392501288) (30.29999999999999,-1.610308021502947) (30.49999999999999,-1.810308021502947) (30.59999999999999,-1.89801109779333) (30.79999999999999,-2.09801109779333) (30.89999999999999,-2.178823285257118) (31,-2.277659175132292) (31.1,-2.353612155155646) (31.2,-2.448630612250148) (31.3,-2.519556690542175) (31.40000000000001,-2.610273288388223) (31.50000000000001,-2.676026314415854) (31.6,-2.761949662602976) (31.7,-2.822406905096112) (31.8,-2.903045269368063) (31.9,-2.958098887263183) (32,-3.03295802992889) (32.09999999999999,-3.082522520604592) (32.19999999999999,-3.129373945986099) (32.29999999999998,-3.194496006628745) (32.39999999999998,-3.235845423776424) (32.49999999999997,-3.293868455367556) (32.59999999999997,-3.329664781217799) (32.69999999999996,-3.362712049666455) (32.79999999999995,-3.409160765946131) (32.89999999999995,-3.436668887661391) (33,-3.461429929280469) (33.09999999999999,-3.495324393722804) (33.19999999999999,-3.514565435253436) (33.29999999999998,-3.531064567711738) (33.39999999999998,-3.551637815282946) (33.49999999999997,-3.562643137948482) (33.59999999999997,-3.570915445984281) (33.69999999999996,-3.577646403197684) (33.79999999999995,-3.580458993605216) (33.89999999999995,-3.580551579294616) (34,-3.577926449386411) (34.09999999999999,-3.57249143075482) (34.19999999999999,-3.564292162581852) (34.29999999999998,-3.553318181699071) (34.39999999999998,-3.53955464130724) (34.49999999999997,-3.522982203528407) (34.59999999999997,-3.503576898536218) (34.69999999999996,-3.481309947969822) (34.79999999999995,-3.456147549703804) (34.89999999999995,-3.410035736039507) (35,-3.379070467379918) (35.09999999999999,-3.345154319385099) (35.19999999999999,-3.308241781243112) (35.29999999999998,-3.268281271616442) (35.39999999999998,-3.225214709161618) (35.49999999999997,-3.178977013628645) (35.59999999999997,-3.129495527441914) (35.69999999999996,-3.076689345546613) (35.79999999999995,-3.020468538709616) (35.89999999999995,-2.96073325225999) (36,-2.884979487371867) (36.09999999999999,-2.81810192293628) (36.19999999999999,-2.747499408110703) (36.29999999999998,-2.67304143703112) (36.39999999999998,-2.592102036753538) (36.49999999999997,-2.509765435240534) (36.59999999999997,-2.423283645409521) (36.69999999999996,-2.340015122034915) (36.79999999999995,-2.245029969048862) (36.89999999999995,-2.14554292773936) (37,-2.119201260167425) (37.1,-2.089754122552244) (37.2,-2.057030084139333) (37.3,-2.020834744459019) (37.40000000000001,-1.980946678987884) (37.50000000000001,-1.937112407142505) (37.60000000000001,-1.889040084670278) (37.70000000000001,-1.836391510055291) (37.80000000000001,-1.778771870666677) (37.90000000000001,-1.715716410878712) (38,-1.646672834843224) (38.1,-1.570977682294701) (38.2,-1.487823999230427) (38.3,-1.396216222559935) (39.50000000000004,-0.1962162225599349) (39.60000000000005,-0.1327102381223858) (42.20000000000002,2.467289761877614) (42.30000000000003,2.492107470750208) (42.40000000000003,2.514830250429997) (42.50000000000004,2.535298662821247) (42.60000000000005,2.553328088340963) (42.70000000000006,2.568703142762869) (42.80000000000007,2.581170419991226) (42.90000000000008,2.590428915686842) (43,2.596117175148872) (43.10000000000001,2.597795712055409) (43.20000000000002,2.59492242832522) (43.30000000000003,2.586817377446398) (43.40000000000003,2.572610759547719) (43.50000000000004,2.551163494642791) (43.60000000000005,2.520940849663983) (43.70000000000005,2.479801472718656) (43.80000000000005,2.424621577331016) (43.90000000000006,2.350571412911811) (44,2.417011982223798) (44.09999999999999,2.487470208105149) (44.19999999999999,2.565035419307322) (44.29999999999998,2.658994508490123) (44.39999999999998,2.758994508490124) (44.49999999999997,2.813141426199449) (44.89999999999995,3.213141426199451) (45,3.224174792301479) (45.09999999999999,3.233463538161407) (45.19999999999999,3.241080329042985) (45.29999999999998,3.247091938968747) (45.39999999999998,3.251559857693458) (45.49999999999997,3.254540819643343) (45.59999999999997,3.256087266576947) (45.69999999999996,3.25624775369924) (45.79999999999995,3.255067307325699) (45.89999999999995,3.252587740865196) (46,3.248847934806213) (46.09999999999999,3.243884085500844) (46.19999999999999,3.23772992680698) (46.29999999999998,3.230416928040829) (46.39999999999998,3.22197447118563) (46.49999999999998,3.212430009359446) (46.59999999999998,3.201809208881422) (46.69999999999998,3.190136078540119) (46.79999999999998,3.177433086423942) (46.89999999999998,3.16372126511694) (47,3.149020306798957) (47.1,3.133348649416763) (47.2,3.116723554884045) (47.3,3.099161180131611) (47.4,3.080676641723569) (47.5,3.061284074667473) (47.59999999999999,3.040996685971312) (47.7,3.01982680343526) (47.8,2.997785920109393) (47.90000000000001,2.974884734799077) (48,2.951133188956186) (48.1,2.926540500256082) (48.2,2.901115193126426) (48.3,2.874865126463948) (48.4,2.847797518748701) (48.5,2.819918970741567) (48.6,2.791235485929518) (48.7,2.761752488864064) (48.8,2.731474840779181) (48.90000000000001,2.700406854120209) (49,2.668552305116748) (49.1,2.635914444726036) (49.2,2.602496007982436) (49.3,2.568299221798814) (49.40000000000001,2.53332581126385) (49.5,2.49757700447301) (49.6,2.461053535922829) (49.7,2.423755648489578) (49.8,2.385683094004651) (49.90000000000001,2.346835132430308) (50,2.307210529630651)
ta[0]:
[0]: (0,0) (0.1,0) (0.1,1) (0.2,1) (0.2,-0.03469455266614783) (0.3,-0.03469455266614783) (0.3,-0.03758180996622427) (0.4000000000000001,-0.03758180996622427) (0.4000000000000001,-0.04050580937664294) (0.5000000000000001,-0.04050580937664294) (0.5000000000000001,-0.04348462482503631) (0.6000000000000001,-0.04348462482503631) (0.6000000000000001,-0.04653787795154758) (0.7000000000000001,-0.04653787795154758) (0.7000000000000001,-0.04968737225876921) (0.8,-0.04968737225876921) (0.8,-0.05295787234985454) (0.9,-0.05295787234985454) (0.9,-0.05637809590959255) (1,-0.05637809590959255) (1,-0.05998201365668621) (1.1,-0.05998201365668621) (1.1,-0.06381059719556165) (1.2,-0.06381059719556165) (1.2,-0.06791422695698901) (1.3,-0.06791422695698901) (1.3,-0.07235609146566342) (1.4,-0.07235609146566342) (1.4,-0.0772171106466238) (1.5,-0.0772171106466238) (1.5,-0.08260326909042801) (1.6,-0.08260326909042801) (1.6,-0.08865688634019642) (1.7,-0.08865688634019642) (1.7,-0.09557457195872822) (1.8,-0.09557457195872822) (1.8,-0.1036368438717712) (1.9,-0.1036368438717712) (1.9,-0.1132597263063744) (2,-0.1132597263063744) (2,-0.1250912511206233) (2.1,-0.1250912511206233) (2.1,-0.1402031193112133) (2.2,-0.1402031193112133) (2.2,-0.1605156110083239) (2.3,-0.1605156110083239) (2.3,-0.1898650905714462) (2.4,-0.1898650905714462) (2.4,-0.2372632513039473) (2.5,-0.2372632513039473) (2.5,-0.3303782460083397) (2.600000000000001,-0.3303782460083397) (2.600000000000001,-0.6196704044423873) (2.700000000000001,-0.6196704044423873) (2.700000000000001,-1) (2.800000000000001,-1) (2.800000000000001,0.9999999999999999) (7.399999999999997,0.9999999999999999) (7.399999999999997,0.9560087512192251) (7.499999999999996,0.9560087512192251) (7.499999999999996,0.9001955471173017) (7.599999999999994,0.9001955471173017) (7.599999999999994,0.8450632981318152) (7.699999999999993,0.8450632981318152) (7.699999999999993,0.7904794534267745) (7.799999999999993,0.7904794534267745) (7.799999999999993,0.7363168708029416) (7.899999999999992,0.7363168708029416) (7.899999999999992,0.6824523345273906) (8,0.6824523345273906) (8,0.6287655337371365) (8.100000000000001,0.6287655337371365) (8.100000000000001,0.5751378426214603) (8.200000000000003,0.5751378426214603) (8.200000000000003,0.521451136926863) (8.300000000000004,0.521451136926863) (8.300000000000004,0.4675866204291889) (8.400000000000006,0.4675866204291889) (8.400000000000006,0.4134238653794609) (8.500000000000004,0.4134238653794609) (8.500000000000004,0.3588401331125993) (8.600000000000001,0.3588401331125993) (8.600000000000001,0.3037073211477752) (8.699999999999999,0.3037073211477752) (8.699999999999999,0.2478915419021587) (8.799999999999997,0.2478915419021587) (8.799999999999997,0.1912515812861868) (8.899999999999995,0.1912515812861868) (8.899999999999995,0.1336371789300069) (9,0.1336371789300069) (9,0.0748870810976982) (9.099999999999998,0.0748870810976982) (9.099999999999998,0.01482680703892394) (9.199999999999996,0.01482680703892394) (9.199999999999996,-0.04673394404820828) (9.299999999999994,-0.04673394404820828) (9.299999999999994,-0.1100043361420022) (9.399999999999991,-0.1100043361420022) (9.399999999999991,-0.1752160039055698) (9.499999999999989,-0.1752160039055698) (9.499999999999989,-0.2426273701911936) (9.599999999999987,-0.2426273701911936) (9.599999999999987,-0.3125288610030225) (9.699999999999985,-0.3125288610030225) (9.699999999999985,-0.3852492617709861) (9.799999999999983,-0.3852492617709861) (9.799999999999983,-0.4611635354919986) (9.899999999999981,-0.4611635354919986) (9.899999999999981,-0.5407025287279851) (10,-0.5407025287279851) (10,-0.6243651380564905) (10.1,-0.6243651380564905) (10.1,-0.7127337160114386) (10.2,-0.7127337160114386) (10.2,-0.8064937902688666) (10.29999999999999,-0.8064937902688666) (10.29999999999999,-0.906459596916327) (10.39999999999999,-0.906459596916327) (10.39999999999999,-1) (16.3,-0.9999999999999999) (16.3,0.518602900156269) (16.4,0.518602900156269) (16.4,0.521166973139481) (16.5,0.521166973139481) (16.5,0.5236475748502831) (16.6,0.5236475748502831) (16.6,0.5260532851514776) (16.7,0.5260532851514776) (16.7,0.5283918216714115) (16.8,0.5283918216714115) (16.8,0.5306701819946505) (16.9,0.5306701819946505) (16.9,0.5328947432991477) (17,0.5328947432991477) (17,0.5350713486223047) (17.1,0.5350713486223047) (17.1,0.5372053813000137) (17.2,0.5372053813000137) (17.2,0.5393018290477553) (17.3,0.5393018290477553) (17.3,0.5413653388424328) (17.4,0.5413653388424328) (17.4,0.5434002576311167) (17.5,0.5434002576311167) (17.5,0.5454106707082302) (17.6,0.5454106707082302) (17.6,0.5474004527596774) (17.70000000000001,0.5474004527596774) (17.70000000000001,0.5493733095548016) (17.8,0.5493733095548016) (17.8,0.5513328127117693) (17.9,0.5513328127117693) (17.9,0.5532824306038965) (18,0.5532824306038965) (18,0.5552255568931475) (18.1,0.5552255568931475) (18.1,0.5571655375514765) (18.2,0.5571655375514765) (18.2,0.5591056969818081) (18.3,0.5591056969818081) (18.3,0.5453679476035324) (18.4,0.5453679476035324) (18.4,1) (18.59999999999999,0.9999999999999999) (18.59999999999999,0.5485040028881552) (18.7,0.5485040028881552) (18.7,0.5493803237191045) (18.79999999999999,0.5493803237191045) (18.79999999999999,-1) (18.9,-1) (18.9,0.8228058822216235) (19,0.8228058822216235) (19,0.5553724553122502) (19.1,0.5553724553122502) (19.1,0.5573443043608358) (19.2,0.5573443043608358) (19.2,0.5593488565283138) (19.3,0.5593488565283138) (19.3,-1) (19.4,-1) (19.4,0.566072631500343) (19.5,0.566072631500343) (19.5,0.5695454116777072) (19.6,0.5695454116777072) (19.6,0.5731029938695291) (19.70000000000001,0.5731029938695291) (19.70000000000001,0.5767555055574446) (19.80000000000001,0.5767555055574446) (19.80000000000001,-1) (19.90000000000001,-1) (19.90000000000001,0.587140965132997) (20,0.587140965132997) (20,0.5925906896621305) (20.1,0.5925906896621305) (20.1,0.5982370140654862) (20.2,0.5982370140654862) (20.2,-1) (20.3,-1) (20.3,0.6130598880787685) (20.40000000000001,0.6130598880787685) (20.40000000000001,0.620999839084542) (20.50000000000001,0.620999839084542) (20.50000000000001,-1) (20.60000000000001,-1) (20.60000000000001,0.6409780834837231) (20.70000000000001,0.6409780834837231) (20.70000000000001,0.6518623440392989) (20.80000000000001,0.6518623440392989) (20.80000000000001,-1) (20.90000000000001,-1) (20.90000000000001,0.6786647678129835) (21,0.6786647678129835) (21,-1) (21.1,-1) (21.1,0.7126203216627507) (21.2,0.7126203216627507) (21.2,0.7316633477621347) (21.29999999999999,0.7316633477621347) (21.29999999999999,-1) (21.39999999999999,-1) (21.39999999999999,0.7780683102398137) (21.49999999999999,0.7780683102398137) (21.49999999999999,-0.9999999999999999) (21.59999999999999,-0.9999999999999999) (21.59999999999999,0.8378043463663295) (21.69999999999999,0.8378043463663295) (21.69999999999999,-0.9999999999999999) (21.89999999999998,-0.9999999999999999) (21.89999999999998,0.9668712121789759) (22,0.9668712121789759) (22,-1) (22.1,-1) (22.1,1) (22.2,1) (22.2,-1) (22.4,-1) (22.4,0.9999999999999999) (22.5,0.9999999999999999) (22.5,-0.9999999999999999) (22.7,-0.9999999999999999) (22.7,0.9999999999999999) (22.8,0.9999999999999999) (22.8,-1) (23,-1) (23,1) (23.1,1) (23.1,-1) (23.3,-0.9999999999999999) (23.3,1) (23.40000000000001,1) (23.40000000000001,-1) (23.90000000000001,-1) (23.90000000000001,0.9999999999999999) (24,0.9999999999999999) (24,-1) (24.70000000000001,-1) (24.70000000000001,1) (24.80000000000001,1) (24.80000000000001,-1) (25.2,-1) (25.2,0.9576242782928862) (25.3,0.9576242782928862) (25.3,-1) (25.60000000000001,-1) (25.60000000000001,0.8840366756929927) (25.70000000000001,0.8840366756929927) (25.70000000000001,-1) (25.80000000000001,-1) (25.80000000000001,0.8386764888969492) (25.90000000000001,0.8386764888969492) (25.90000000000001,-0.9999999999999999) (26.1,-1) (26.1,0.8419461319407572) (26.2,0.8419461319407572) (26.2,-1) (26.3,-1) (26.3,0.8351461496146754) (26.4,0.8351461496146754) (26.4,-1) (26.5,-1) (26.5,0.8323363055863541) (26.6,0.8323363055863541) (26.6,0.8312476576428919) (26.7,0.8312476576428919) (26.7,-0.9999999999999999) (26.8,-0.9999999999999999) (26.8,0.8320670102109464) (26.9,0.8320670102109464) (26.9,0.8326621628411447) (27,0.8326621628411447) (27,0.8156915021914258) (27.1,0.8156915021914258) (27.1,-1) (27.2,-1) (27.2,0.8373075379895248) (27.29999999999999,0.8373075379895248) (27.29999999999999,0.8394236846055008) (27.4,0.8394236846055008) (27.4,0.8414906542221805) (27.5,0.8414906542221805) (27.5,0.8435137943261317) (27.6,0.8435137943261317) (27.6,0.8454980344434057) (27.7,0.8454980344434057) (27.7,0.8474479457482651) (27.8,0.8474479457482651) (27.8,0.8493677922171292) (27.9,0.8493677922171292) (27.9,0.8512615745756236) (28,0.8512615745756236) (28,0.8531330609807983) (28.1,0.8531330609807983) (28.1,0.8549858256987419) (28.2,0.8549858256987419) (28.2,0.8568232889534726) (28.3,0.8568232889534726) (28.3,0.8586487498235547) (28.4,0.8586487498235547) (28.4,0.8604654149536874) (28.5,0.8604654149536874) (28.5,0.8622764248796372) (28.6,0.8622764248796372) (28.6,0.8640848789160821) (28.7,0.8640848789160821) (28.7,0.8658938592265124) (28.8,0.8658938592265124) (28.8,0.8518773054961812) (28.9,0.8518773054961812) (28.9,0.8536804628121984) (29,0.8536804628121984) (29,0.8554934386855043) (29.1,0.8554934386855043) (29.1,0.8573194578351209) (29.2,0.8573194578351209) (29.2,-0.925656041832805) (29.3,-0.925656041832805) (29.3,0.8641341136590724) (29.4,0.8641341136590724) (29.4,0.8676051056737017) (29.5,0.8676051056737017) (29.5,0.8711263475899738) (29.6,0.8711263475899738) (29.6,-0.9646945978946251) (29.7,-0.9646945978946251) (29.7,0.8816671270125908) (29.8,0.8816671270125908) (29.8,0.8870963633134317) (29.9,0.8870963633134317) (29.9,-1) (30,-1) (30,0.9018620875627931) (30.1,0.9018620875627931) (30.1,0.9095384529770074) (30.2,0.9095384529770074) (30.2,-1) (30.29999999999999,-1) (30.29999999999999,0.9292258716596437) (30.39999999999999,0.9292258716596437) (30.39999999999999,0.9395712665955548) (30.49999999999999,0.9395712665955548) (30.49999999999999,-1) (30.59999999999999,-1) (30.59999999999999,0.9651467371977502) (30.69999999999999,0.9651467371977502) (30.69999999999999,0.9787889949538663) (30.79999999999999,0.9787889949538663) (30.79999999999999,-1) (30.89999999999999,-1) (30.89999999999999,1) (31,1) (31,-1) (31.1,-1) (31.1,1) (31.2,1) (31.2,-1) (31.3,-1) (31.3,0.9999999999999999) (31.40000000000001,0.9999999999999999) (31.40000000000001,-1) (31.50000000000001,-1) (31.50000000000001,1) (31.6,1) (31.6,-1) (31.7,-1) (31.7,1) (31.8,1) (31.8,-1) (31.9,-1) (31.9,0.9999999999999999) (32,0.9999999999999999) (32,-1) (32.19999999999999,-1) (32.19999999999999,0.9999999999999999) (32.29999999999998,0.9999999999999999) (32.29999999999998,-1) (32.39999999999998,-1) (32.39999999999998,1) (32.49999999999997,1) (32.49999999999997,-1) (32.69999999999996,-1) (32.69999999999996,1) (32.79999999999995,1) (32.79999999999995,-1) (33,-0.9999999999999999) (33,1) (33.09999999999999,1) (33.09999999999999,-1) (33.29999999999998,-1) (33.29999999999998,1) (33.39999999999998,1) (33.39999999999998,-1) (33.59999999999997,-1) (33.59999999999997,0.9999999999999999) (33.69999999999996,0.9999999999999999) (33.69999999999996,-1) (34.79999999999995,-0.9999999999999999) (34.79999999999995,1) (34.89999999999995,1) (34.89999999999995,-1) (35.89999999999995,-1) (35.89999999999995,1) (36,1) (36,-1) (36.29999999999998,-1) (36.29999999999998,1) (36.39999999999998,1) (36.39999999999998,-1) (36.59999999999997,-1) (36.59999999999997,1) (36.69999999999996,1) (36.69999999999996,-1) (38.3,-1) (38.3,-0.9870637424406261) (38.40000000000001,-0.9870637424406261) (38.40000000000001,-0.8880160248976505) (38.50000000000001,-0.8880160248976505) (38.50000000000001,-0.7936742923990354) (38.60000000000001,-0.7936742923990354) (38.60000000000001,-0.7033652180695479) (38.70000000000002,-0.7033652180695479) (38.70000000000002,-0.6165112533714502) (38.80000000000003,-0.6165112533714502) (38.80000000000003,-0.5326058128885409) (38.90000000000003,-0.5326058128885409) (38.90000000000003,-0.4512026781056815) (39,-0.4512026781056815) (39,-0.3719040977670676) (39.10000000000001,-0.3719040977670676) (39.10000000000001,-0.2943511213926232) (39.20000000000002,-0.2943511213926232) (39.20000000000002,-0.218215615293902) (39.30000000000003,-0.218215615293902) (39.30000000000003,-0.1431935446507193) (39.40000000000003,-0.1431935446507193) (39.40000000000003,-0.06899920011848043) (39.50000000000004,-0.06899920011848043) (39.50000000000004,1) (39.60000000000005,1) (39.60000000000005,0.0228027898586639) (39.70000000000006,0.0228027898586639) (39.70000000000006,0.05452454331891744) (39.80000000000007,0.05452454331891744) (39.80000000000007,0.08627166600697624) (39.90000000000008,0.08627166600697624) (39.90000000000008,0.1180939489434256) (40,0.1180939489434256) (40,0.1500417410793679) (40.10000000000001,0.1500417410793679) (40.10000000000001,0.1821663111833792) (40.20000000000002,0.1821663111833792) (40.20000000000002,0.2145202246199091) (40.30000000000003,0.2145202246199091) (40.30000000000003,0.2471577412811498) (40.40000000000003,0.2471577412811498) (40.40000000000003,0.2801352415421423) (40.50000000000004,0.2801352415421423) (40.50000000000004,0.3135116879290759) (40.60000000000005,0.3135116879290759) (40.60000000000005,0.3473491312608857) (40.70000000000006,0.3473491312608857) (40.70000000000006,0.3817132713947445) (40.80000000000007,0.3817132713947445) (40.80000000000007,0.4166740844434875) (40.90000000000008,0.4166740844434875) (40.90000000000008,0.4523065305250155) (41,0.4523065305250155) (41,0.4886913588653935) (41.10000000000001,0.4886913588653935) (41.10000000000001,0.5259160305600599) (41.20000000000002,0.5259160305600599) (41.20000000000002,0.5640757837012205) (41.30000000000003,0.5640757837012205) (41.30000000000003,0.6032748711695113) (41.40000000000003,0.6032748711695113) (41.40000000000003,0.6436280085188129) (41.50000000000004,0.6436280085188129) (41.50000000000004,0.6852620785315688) (41.60000000000005,0.6852620785315688) (41.60000000000005,0.7283181508345723) (41.70000000000006,0.7283181508345723) (41.70000000000006,0.7729538903259242) (41.80000000000007,0.7729538903259242) (41.80000000000007,0.8193464482925107) (41.90000000000008,0.8193464482925107) (41.90000000000008,0.8676959566935037) (42,0.8676959566935037) (42,0.9182297815422621) (42.10000000000001,0.9182297815422621) (42.10000000000001,0.9712077390442059) (42.20000000000002,0.9712077390442059) (42.20000000000002,-1) (44.29999999999998,-1) (44.29999999999998,-0.5610892166366217) (44.39999999999998,-0.5610892166366217) (44.39999999999998,0.9999999999999999) (44.49999999999997,0.9999999999999999) (44.49999999999997,0.1934395446581669) (44.59999999999997,0.1934395446581669) (44.59999999999997,0.3715984456547828) (44.69999999999996,0.3715984456547828) (44.69999999999996,0.5883164223288049) (44.79999999999995,0.5883164223288049) (44.79999999999995,0.8597910316391255) (44.89999999999995,0.8597910316391255) (44.89999999999995,1) (50,1)
ta[Y]:
[0]: (0,0) (0.1,0) (0.1,0.2026036694286316) (0.2,0.2026036694286316) (0.2,1) (2.700000000000001,1) (2.700000000000001,-0.264391454509639) (2.800000000000001,-0.264391454509639) (2.800000000000001,-0.004851319002892856) (2.900000000000001,-0.004851319002892856) (2.900000000000001,-0.01846134494635967) (3,-0.01846134494635967) (3,-0.03205515021384219) (3.1,-0.03205515021384219) (3.1,-0.04564759824494168) (3.2,-0.04564759824494168) (3.2,-0.05925355227406199) (3.3,-0.05925355227406199) (3.3,-0.07288794858614718) (3.4,-0.07288794858614718) (3.4,-0.08656587061688784) (3.5,-0.08656587061688784) (3.5,-0.1003026247183411) (3.600000000000001,-0.1003026247183411) (3.600000000000001,-0.1141138184437338) (3.700000000000001,-0.1141138184437338) (3.700000000000001,-0.1280154422550411) (3.800000000000001,-0.1280154422550411) (3.800000000000001,-0.1420239556252872) (3.900000000000001,-0.1420239556252872) (3.900000000000001,-0.1561563785965133) (4,-0.1561563785965133) (4,-0.1704303899668101) (4.1,-0.1704303899668101) (4.1,-0.1848644334193518) (4.199999999999999,-0.1848644334193518) (4.199999999999999,-0.1994778330775953) (4.299999999999999,-0.1994778330775953) (4.299999999999999,-0.2142909201795469) (4.399999999999999,-0.2142909201795469) (4.399999999999999,-0.2293251728175671) (4.499999999999998,-0.2293251728175671) (4.499999999999998,-0.2446033709977537) (4.599999999999998,-0.2446033709977537) (4.599999999999998,-0.2601497696460568) (4.699999999999998,-0.2601497696460568) (4.699999999999998,-0.2759902926414698) (4.799999999999997,-0.2759902926414698) (4.799999999999997,-0.2921527515082444) (4.899999999999997,-0.2921527515082444) (4.899999999999997,-0.3086670930723681) (5,-0.3086670930723681) (5,-0.3255656812121491) (5.1,-0.3255656812121491) (5.1,-0.3428836188465824) (5.199999999999999,-0.3428836188465824) (5.199999999999999,-0.3606591175570106) (5.299999999999999,-0.3606591175570106) (5.299999999999999,-0.3789339237905668) (5.399999999999999,-0.3789339237905668) (5.399999999999999,-0.3977538125301649) (5.499999999999998,-0.3977538125301649) (5.499999999999998,-0.4171691617430598) (5.599999999999998,-0.4171691617430598) (5.599999999999998,-0.4372356239803055) (5.699999999999998,-0.4372356239803055) (5.699999999999998,-0.4580149153815474) (5.799999999999997,-0.4580149153815474) (5.799999999999997,-0.4795757472962925) (5.899999999999997,-0.4795757472962925) (5.899999999999997,-0.5019941802349649) (6,-0.5019941802349649) (6,-0.5253563347817767) (6.1,-0.5253563347817767) (6.1,-0.5497593008331986) (6.199999999999999,-0.5497593008331986) (6.199999999999999,-0.5753128929131686) (6.299999999999999,-0.5753128929131686) (6.299999999999999,-0.6021422811262791) (6.399999999999999,-0.6021422811262791) (6.399999999999999,-0.6303906784288216) (6.499999999999998,-0.6303906784288216) (6.499999999999998,-0.6602223150551484) (6.599999999999998,-0.6602223150551484) (6.599999999999998,-0.6918277283651862) (6.699999999999998,-0.6918277283651862) (6.699999999999998,-0.7254287733565625) (6.799999999999997,-0.7254287733565625) (6.799999999999997,-0.7612852445974111) (6.899999999999997,-0.7612852445974111) (6.899999999999997,-0.7997033750493996) (7,-0.7997033750493996) (7,-0.8410483235022981) (7.1,-0.8410483235022981) (7.1,-0.8857583987839394) (7.199999999999999,-0.8857583987839394) (7.199999999999999,-0.9343641677886572) (7.299999999999998,-0.9343641677886572) (7.299999999999998,-0.9875149288604802) (7.399999999999997,-0.9875149288604802) (7.399999999999997,-1) (10.39999999999999,-0.9999999999999999) (10.39999999999999,-0.9865751220604573) (10.49999999999999,-0.9865751220604573) (10.49999999999999,-0.8856481548952356) (10.59999999999999,-0.8856481548952356) (10.59999999999999,-0.7971979003807489) (10.69999999999999,-0.7971979003807489) (10.69999999999999,-0.7188390139722924) (10.79999999999998,-0.7188390139722924) (10.79999999999998,-0.6487627904463432) (10.89999999999998,-0.6487627904463432) (10.89999999999998,-0.5855718995864699) (11,-0.5855718995864699) (11,-0.5281690081927012) (11.1,-0.5281690081927012) (11.1,-0.4756798189229102) (11.2,-0.4756798189229102) (11.2,-0.427398707709809) (11.29999999999999,-0.427398707709809) (11.29999999999999,-0.3827495666727211) (11.39999999999999,-0.3827495666727211) (11.39999999999999,-0.3412571028290795) (11.49999999999999,-0.3412571028290795) (11.49999999999999,-0.3025254653320781) (11.59999999999999,-0.3025254653320781) (11.59999999999999,-0.2662220388540407) (11.69999999999999,-0.2662220388540407) (11.69999999999999,-0.2320651114887061) (11.79999999999999,-0.2320651114887061) (11.79999999999999,-0.199814390699572) (11.89999999999999,-0.199814390699572) (11.89999999999999,-0.1692635393970614) (12,-0.1692635393970614) (12,-0.1402342630324065) (12.1,-0.1402342630324065) (12.1,-0.112571594863919) (12.2,-0.112571594863919) (12.2,-0.08614012362061371) (12.3,-0.08614012362061371) (12.3,-0.06082088195943082) (12.4,-0.06082088195943082) (12.4,-0.03650881007317845) (12.5,-0.03650881007317845) (12.5,-0.01311068711119504) (12.6,-0.01311068711119504) (12.6,0.009456578370198445) (12.7,0.009456578370198445) (12.7,0.03126737281199902) (12.8,0.03126737281199902) (12.8,0.05238857147418081) (12.9,0.05238857147418081) (12.9,0.07288054461766158) (13,0.07288054461766158) (13,0.09279801010212603) (13.1,0.09279801010212603) (13.1,0.1121907595920246) (13.2,0.1121907595920246) (13.2,0.1311042809937845) (13.3,0.1311042809937845) (13.3,0.1495802944586715) (13.4,0.1495802944586715) (13.4,0.1676572135993052) (13.5,0.1676572135993052) (13.5,0.1853705464909465) (13.6,0.1853705464909465) (13.6,0.202753245983421) (13.7,0.202753245983421) (13.7,0.2198360170828893) (13.8,0.2198360170828893) (13.8,0.2366475879886472) (13.9,0.2366475879886472) (13.9,0.2532149503338655) (14,0.2532149503338655) (14,0.2695635733110321) (14.1,0.2695635733110321) (14.1,0.2857175956475568) (14.2,0.2857175956475568) (14.2,0.3016999988104133) (14.3,0.3016999988104133) (14.3,0.3175327643381406) (14.4,0.3175327643381406) (14.4,0.3332370178050802) (14.5,0.3332370178050802) (14.5,0.3488331790017341) (14.6,0.3488331790017341) (14.6,0.3643410796307016) (14.7,0.3643410796307016) (14.7,0.3797800749507539) (14.8,0.3797800749507539) (14.8,0.3951691519772128) (14.9,0.3951691519772128) (14.9,0.4105270346618322) (15,0.4105270346618322) (15,0.425872286518339) (15.1,0.425872286518339) (15.1,0.441223411598924) (15.2,0.441223411598924) (15.2,0.4565989548963198) (15.3,0.4565989548963198) (15.3,0.4720176033177992) (15.4,0.4720176033177992) (15.4,0.4874982884231225) (15.5,0.4874982884231225) (15.5,0.5030602921682228) (15.6,0.5030602921682228) (15.6,0.5247140887346526) (15.7,0.5247140887346526) (15.7,0.5406983474421088) (15.8,0.5406983474421088) (15.8,0.5568284549396698) (15.9,0.5568284549396698) (15.9,0.573126818306169) (16,0.573126818306169) (16,0.5896168543619378) (16.1,0.5896168543619378) (16.1,0.6063231513439989) (16.2,0.6063231513439989) (16.2,0.6232716466092434) (16.3,0.6232716466092434) (16.3,1) (18.4,1) (18.4,0.6853257676756396) (18.5,0.6853257676756396) (18.5,0.6810111848417303) (18.59999999999999,0.6810111848417303) (18.59999999999999,1) (18.79999999999999,1) (18.79999999999999,0.7741570558393366) (18.9,0.7741570558393366) (18.9,0.9999999999999999) (19.3,1) (19.3,0.7360132532754933) (19.4,0.7360132532754933) (19.4,1) (19.80000000000001,1) (19.80000000000001,0.6795955351822303) (19.90000000000001,0.6795955351822303) (19.90000000000001,0.9999999999999999) (20.2,1) (20.2,0.6228541361433356) (20.3,0.6228541361433356) (20.3,0.9999999999999999) (20.50000000000001,0.9999999999999999) (20.50000000000001,0.5748277888954154) (20.60000000000001,0.5748277888954154) (20.60000000000001,1) (20.80000000000001,1) (20.80000000000001,0.5225882727989287) (20.90000000000001,0.5225882727989287) (20.90000000000001,1) (21,1) (21,0.4860577156870837) (21.1,0.4860577156870837) (21.1,1) (21.29999999999999,1) (21.29999999999999,0.4280496611806259) (21.39999999999999,0.4280496611806259) (21.39999999999999,1) (21.49999999999999,1) (21.49999999999999,0.3877818508359649) (21.59999999999999,0.3877818508359649) (21.59999999999999,1) (21.69999999999999,1) (21.69999999999999,0.3464189742851637) (21.79999999999998,0.3464189742851637) (21.79999999999998,0.3258327948223936) (21.89999999999998,0.3258327948223936) (21.89999999999998,0.9999999999999999) (22,0.9999999999999999) (22,0.2835689907740859) (22.1,0.2835689907740859) (22.1,0.915685434478842) (22.2,0.915685434478842) (22.2,0.2402741257938874) (22.3,0.2402741257938874) (22.3,0.2186942620025418) (22.4,0.2186942620025418) (22.4,0.7190733357294563) (22.5,0.7190733357294563) (22.5,0.1748099017699979) (22.6,0.1748099017699979) (22.6,0.1529158635847551) (22.7,0.1529158635847551) (22.7,0.5034158331418679) (22.8,0.5034158331418679) (22.8,0.1086277275300374) (22.90000000000001,0.1086277275300374) (22.90000000000001,0.08651626340094602) (23,0.08651626340094602) (23,0.2743102562223157) (23.1,0.2743102562223157) (23.1,0.04202759493015856) (23.2,0.04202759493015856) (23.2,0.0198007155367187) (23.3,0.0198007155367187) (23.3,0.03826565281323479) (23.40000000000001,0.03826565281323479) (23.40000000000001,-0.02467963366333724) (23.50000000000001,-0.02467963366333724) (23.50000000000001,-0.04691722769105025) (23.60000000000001,-0.04691722769105025) (23.60000000000001,-0.06986045188089487) (23.70000000000001,-0.06986045188089487) (23.70000000000001,-0.0924433893166912) (23.80000000000001,-0.0924433893166912) (23.80000000000001,-0.1151141698753431) (23.90000000000001,-0.1151141698753431) (23.90000000000001,-0.4047087927251625) (24,-0.4047087927251625) (24,-0.1601992695862007) (24.1,-0.1601992695862007) (24.1,-0.1828586494675245) (24.2,-0.1828586494675245) (24.2,-0.2056647050373631) (24.3,-0.2056647050373631) (24.3,-0.2286481080470411) (24.40000000000001,-0.2286481080470411) (24.40000000000001,-0.2518405918016766) (24.50000000000001,-0.2518405918016766) (24.50000000000001,-0.2752751584591721) (24.60000000000001,-0.2752751584591721) (24.60000000000001,-0.2989863037670257) (24.70000000000001,-0.2989863037670257) (24.70000000000001,-0.865187134417457) (24.80000000000001,-0.865187134417457) (24.80000000000001,-0.3459893336578688) (24.90000000000001,-0.3459893336578688) (24.90000000000001,-0.3698401984919511) (25,-0.3698401984919511) (25,-0.3940441203382123) (25.1,-0.3940441203382123) (25.1,-0.4186420037788676) (25.2,-0.4186420037788676) (25.2,-1) (25.3,-1) (25.3,-0.4674627823684399) (25.40000000000001,-0.4674627823684399) (25.40000000000001,-0.4923874906715527) (25.50000000000001,-0.4923874906715527) (25.50000000000001,-0.5178044253436719) (25.60000000000001,-0.5178044253436719) (25.60000000000001,-1) (25.70000000000001,-1) (25.70000000000001,-0.5684487201645825) (25.80000000000001,-0.5684487201645825) (25.80000000000001,-1) (25.90000000000001,-1) (25.90000000000001,-0.6191175754570334) (26,-0.6191175754570334) (26,-0.6451469086700046) (26.1,-0.6451469086700046) (26.1,-0.9999999999999999) (26.2,-0.9999999999999999) (26.2,-0.6970881174455734) (26.3,-0.6970881174455734) (26.3,-1) (26.4,-1) (26.4,-0.7491667704291772) (26.5,-0.7491667704291772) (26.5,-1) (26.7,-0.9999999999999999) (26.7,-0.8259045618302902) (26.8,-0.8259045618302902) (26.8,-0.9999999999999999) (27.1,-1) (27.1,-0.9226837131278671) (27.2,-0.9226837131278671) (27.2,-1) (29.9,-1) (29.9,-0.9921098753210263) (30,-0.9921098753210263) (30,-1) (30.2,-1) (30.2,-0.938656290016598) (30.29999999999999,-0.938656290016598) (30.29999999999999,-0.9999999999999999) (30.49999999999999,-0.9999999999999999) (30.49999999999999,-0.8770307629038304) (30.59999999999999,-0.8770307629038304) (30.59999999999999,-1) (30.79999999999999,-1) (30.79999999999999,-0.8081218746378779) (30.89999999999999,-0.8081218746378779) (30.89999999999999,-0.9883588987517391) (31,-0.9883588987517391) (31,-0.7595298002335417) (31.1,-0.7595298002335417) (31.1,-0.9501845709450244) (31.2,-0.9501845709450244) (31.2,-0.7092607829202611) (31.3,-0.7092607829202611) (31.3,-0.9071659784604795) (31.40000000000001,-0.9071659784604795) (31.40000000000001,-0.6575302602763156) (31.50000000000001,-0.6575302602763156) (31.50000000000001,-0.8592334818712167) (31.6,-0.8592334818712167) (31.6,-0.6045724249313614) (31.7,-0.6045724249313614) (31.7,-0.8063836427195078) (31.8,-0.8063836427195078) (31.8,-0.5505361789512118) (31.9,-0.5505361789512118) (31.9,-0.7485914266570662) (32,-0.7485914266570662) (32,-0.4956449067570159) (32.09999999999999,-0.4956449067570159) (32.09999999999999,-0.4685142538150634) (32.19999999999999,-0.4685142538150634) (32.19999999999999,-0.6512206064264692) (32.29999999999998,-0.6512206064264692) (32.29999999999998,-0.4134941714767882) (32.39999999999998,-0.4134941714767882) (32.39999999999998,-0.5802303159113257) (32.49999999999997,-0.5802303159113257) (32.49999999999997,-0.3579632585024262) (32.59999999999997,-0.3579632585024262) (32.59999999999997,-0.3304726844865554) (32.69999999999996,-0.3304726844865554) (32.69999999999996,-0.4644871627967596) (32.79999999999995,-0.4644871627967596) (32.79999999999995,-0.275081217152595) (32.89999999999995,-0.275081217152595) (32.89999999999995,-0.2476104161907848) (33,-0.2476104161907848) (33,-0.3389446444233479) (33.09999999999999,-0.3389446444233479) (33.09999999999999,-0.192410415306318) (33.19999999999999,-0.192410415306318) (33.19999999999999,-0.1649913245830273) (33.29999999999998,-0.1649913245830273) (33.29999999999998,-0.2057324757120745) (33.39999999999998,-0.2057324757120745) (33.39999999999998,-0.1100532266553662) (33.49999999999997,-0.1100532266553662) (33.49999999999997,-0.08272308035798555) (33.59999999999997,-0.08272308035798555) (33.59999999999997,-0.06730957213402339) (33.69999999999996,-0.06730957213402339) (33.69999999999996,-0.02812590407532524) (33.79999999999995,-0.02812590407532524) (33.79999999999995,-0.0009258568939899065) (33.89999999999995,-0.0009258568939899065) (33.89999999999995,0.02625129908204973) (34,0.02625129908204973) (34,0.05435018631590736) (34.09999999999999,0.05435018631590736) (34.09999999999999,0.08199268172967938) (34.19999999999999,0.08199268172967938) (34.19999999999999,0.1097398088278151) (34.29999999999998,0.1097398088278151) (34.29999999999998,0.1376354039183139) (34.39999999999998,0.1376354039183139) (34.39999999999998,0.1657243777883358) (34.49999999999997,0.1657243777883358) (34.49999999999997,0.1940530499218918) (34.59999999999997,0.1940530499218918) (34.59999999999997,0.2226695056639533) (34.69999999999996,0.2226695056639533) (34.69999999999996,0.2516239826601768) (34.79999999999995,0.2516239826601768) (34.79999999999995,0.461118136642972) (34.89999999999995,0.461118136642972) (34.89999999999995,0.3096526865958822) (35,0.3096526865958822) (35,0.339161479948195) (35.09999999999999,0.339161479948195) (35.09999999999999,0.3691253814198656) (35.19999999999999,0.3691253814198656) (35.19999999999999,0.3996050962667014) (35.29999999999998,0.3996050962667014) (35.29999999999998,0.4306656245482437) (35.39999999999998,0.4306656245482437) (35.39999999999998,0.4623769553297281) (35.49999999999997,0.4623769553297281) (35.49999999999997,0.4948148618673148) (35.59999999999997,0.4948148618673148) (35.59999999999997,0.528061818953004) (35.69999999999996,0.528061818953004) (35.69999999999996,0.5622080683699771) (35.79999999999995,0.5622080683699771) (35.79999999999995,0.5973528644962591) (35.89999999999995,0.5973528644962591) (35.89999999999995,0.7575376488812262) (36,0.7575376488812262) (36,0.6687756443558763) (36.09999999999999,0.6687756443558763) (36.09999999999999,0.706025148255772) (36.19999999999999,0.706025148255772) (36.19999999999999,0.7445797107958289) (36.29999999999998,0.7445797107958289) (36.29999999999998,0.8093940027758257) (36.39999999999998,0.8093940027758257) (36.39999999999998,0.8233660151300337) (36.49999999999997,0.8233660151300337) (36.49999999999997,0.8648178983101269) (36.59999999999997,0.8648178983101269) (36.59999999999997,0.8326852337460652) (36.69999999999996,0.8326852337460652) (36.69999999999996,0.9498515298605265) (36.79999999999995,0.9498515298605265) (36.79999999999995,0.9948704130950192) (36.89999999999995,0.9948704130950192) (36.89999999999995,0.2634166757193494) (37,0.2634166757193494) (37,0.2944713761518232) (37.1,0.2944713761518232) (37.1,0.3272403841291116) (37.2,0.3272403841291116) (37.2,0.3619533968031378) (37.3,0.3619533968031378) (37.3,0.3988806547113482) (37.40000000000001,0.3988806547113482) (37.40000000000001,0.4383427184537839) (37.50000000000001,0.4383427184537839) (37.50000000000001,0.4807232247222696) (37.60000000000001,0.4807232247222696) (37.60000000000001,0.526485746149865) (37.70000000000001,0.526485746149865) (37.70000000000001,0.5761963938861432) (37.80000000000001,0.5761963938861432) (37.80000000000001,0.6305545978796487) (37.90000000000001,0.6305545978796487) (37.90000000000001,0.6904357603548766) (38,0.6904357603548766) (38,0.756951525485229) (38.1,0.756951525485229) (38.1,0.8315368306427436) (38.2,0.8315368306427436) (38.2,0.9160777667049116) (38.3,0.9160777667049116) (38.3,1) (39.50000000000004,1) (39.50000000000004,0.6350598443754905) (39.60000000000005,0.6350598443754905) (39.60000000000005,1) (42.20000000000002,1) (42.20000000000002,0.2481770887259496) (42.30000000000003,0.2481770887259496) (42.30000000000003,0.2272277967978771) (42.40000000000003,0.2272277967978771) (42.40000000000003,0.2046841239124977) (42.50000000000004,0.2046841239124977) (42.50000000000004,0.1802942551971633) (42.60000000000005,0.1802942551971633) (42.60000000000005,0.1537505442190639) (42.70000000000006,0.1537505442190639) (42.70000000000006,0.124672772283569) (42.80000000000007,0.124672772283569) (42.80000000000007,0.09258495695615884) (42.90000000000008,0.09258495695615884) (42.90000000000008,0.05688259462029852) (43,0.05688259462029852) (43,0.01678536906537574) (43.10000000000001,0.01678536906537574) (43.10000000000001,-0.02873283730189238) (43.20000000000002,-0.02873283730189238) (43.20000000000002,-0.08105050878822501) (43.30000000000003,-0.08105050878822501) (43.30000000000003,-0.1420661789867883) (43.40000000000003,-0.1420661789867883) (43.40000000000003,-0.2144726490492829) (43.50000000000004,-0.2144726490492829) (43.50000000000004,-0.3022264497880826) (43.60000000000005,-0.3022264497880826) (43.60000000000005,-0.4113937694532644) (43.70000000000005,-0.4113937694532644) (43.70000000000005,-0.5517989538763934) (43.80000000000005,-0.5517989538763934) (43.80000000000005,-0.7405016441920597) (43.90000000000006,-0.7405016441920597) (43.90000000000006,0.6644056931198624) (44,0.6644056931198624) (44,0.7045822588135171) (44.09999999999999,0.7045822588135171) (44.09999999999999,0.7756521120217332) (44.19999999999999,0.7756521120217332) (44.19999999999999,0.9395908918280161) (44.29999999999998,0.9395908918280161) (44.29999999999998,1) (44.39999999999998,1) (44.39999999999998,0.541469177093249) (44.49999999999997,0.541469177093249) (44.49999999999997,1) (44.89999999999995,1) (44.89999999999995,0.1103336610202783) (45,0.1103336610202783) (45,0.09288745859928207) (45.09999999999999,0.09288745859928207) (45.09999999999999,0.07616790881578821) (45.19999999999999,0.07616790881578821) (45.19999999999999,0.06011609925762033) (45.29999999999998,0.06011609925762033) (45.29999999999998,0.04467918724711621) (45.39999999999998,0.04467918724711621) (45.39999999999998,0.02980961949885191) (45.49999999999997,0.02980961949885191) (45.49999999999997,0.01546446933603978) (45.59999999999997,0.01546446933603978) (45.59999999999997,0.001604871222942685) (45.69999999999996,0.001604871222942685) (45.69999999999996,-0.01180446373540971) (45.79999999999995,-0.01180446373540971) (45.79999999999995,-0.02479566460502945) (45.89999999999995,-0.02479566460502945) (45.89999999999995,-0.03739806058982479) (46,-0.03739806058982479) (46,-0.04963849305369847) (46.09999999999999,-0.04963849305369847) (46.09999999999999,-0.06154158693864308) (46.19999999999999,-0.06154158693864308) (46.19999999999999,-0.07312998766150715) (46.29999999999998,-0.07312998766150715) (46.29999999999998,-0.08442456855198456) (46.39999999999998,-0.08442456855198456) (46.39999999999998,-0.09544461826184331) (46.49999999999998,-0.09544461826184331) (46.49999999999998,-0.106208004780242) (46.59999999999998,-0.106208004780242) (46.59999999999998,-0.1167313034130304) (46.69999999999998,-0.1167313034130304) (46.69999999999998,-0.1270299211617699) (46.79999999999998,-0.1270299211617699) (46.79999999999998,-0.1371182130700222) (46.89999999999998,-0.1371182130700222) (46.89999999999998,-0.1470095831798302) (47,-0.1470095831798302) (47,-0.1567165738219345) (47.1,-0.1567165738219345) (47.1,-0.1662509453271791) (47.2,-0.1662509453271791) (47.2,-0.1756237475243424) (47.3,-0.1756237475243424) (47.3,-0.1848453840804059) (47.4,-0.1848453840804059) (47.4,-0.1939256705609625) (47.5,-0.1939256705609625) (47.5,-0.2028738869616121) (47.59999999999999,-0.2028738869616121) (47.59999999999999,-0.2116988253605253) (47.7,-0.2116988253605253) (47.7,-0.2204088332586584) (47.8,-0.2204088332586584) (47.8,-0.2290118531031638) (47.90000000000001,-0.2290118531031638) (47.90000000000001,-0.2375154584289144) (48,-0.2375154584289144) (48,-0.2459268870010343) (48.1,-0.2459268870010343) (48.1,-0.2542530712965633) (48.2,-0.2542530712965633) (48.2,-0.2625006666247888) (48.3,-0.2625006666247888) (48.3,-0.2706760771524642) (48.4,-0.2706760771524642) (48.4,-0.2787854800713346) (48.5,-0.2787854800713346) (48.5,-0.2868348481204935) (48.6,-0.2868348481204935) (48.6,-0.2948299706545439) (48.7,-0.2948299706545439) (48.7,-0.3027764808488224) (48.8,-0.3027764808488224) (48.8,-0.3106798665897224) (48.90000000000001,-0.3106798665897224) (48.90000000000001,-0.3185454900346067) (49,-0.3185454900346067) (49,-0.3263786039071217) (49.1,-0.3263786039071217) (49.1,-0.3341843674359982) (49.2,-0.3341843674359982) (49.2,-0.3419678618362239) (49.3,-0.3419678618362239) (49.3,-0.349734105349639) (49.40000000000001,-0.349734105349639) (49.40000000000001,-0.3574880679083977) (49.5,-0.3574880679083977) (49.5,-0.365234685501807) (49.6,-0.365234685501807) (49.6,-0.3729788743325178) (49.7,-0.3729788743325178) (49.7,-0.38072554484927) (49.8,-0.38072554484927) (49.8,-0.388479615743427) (49.90000000000001,-0.388479615743427) (49.90000000000001,-0.3962460279965881) (50,-0.3962460279965881)
 -- States explored : 0 states
 -- CPU user time used : 7 ms
 -- Virtual memory used : 58004 KiB
 -- Resident memory used : 17460 KiB
Options for the verification:
  Generating no trace
  Search order is breadth first
  Using conservative space optimisation
  Seed is 1758809605
  State space representation uses minimal constraint systems with future testing
  Using HashMap + Compress integers for discrete state storage

Verifying formula 1 at car/shield/simulate.q:1
 -- Formula is satisfied.
tp[0]:
[0]: (0,0) (0,-39.28095) (0.1,-39.28095) (0.1834023877495533,-39.27399404171767) (0.2,-39.27118097685034) (0.2881511581544831,-39.26263545945163) (0.3,-39.26152370222658) (0.3909401963991428,-39.25305600158273) (0.4000000000000001,-39.25224369270789) (0.4925476322084053,-39.24400476496857) (0.5000000000000001,-39.24336942260518) (0.5934642688861814,-39.23545696900647) (0.6000000000000001,-39.23493031737644) (0.6939838609885545,-39.2274116544682) (0.7000000000000001,-39.22695672666687) (0.7942773999001672,-39.2198826091194) (0.8,-39.2194800468511) (0.8944429182484911,-39.21289271948068) (0.9,-39.21253292631977) (0.9945361499886156,-39.20647077301973) (1,-39.20614953261768) (1.094588633282164,-39.20064981068333) (1.1,-39.20036588193823) (1.194618167938077,-39.19546642496617) (1.2,-39.19522024324306) (1.294634785234478,-39.19096064741968) (1.3,-39.19075363877365) (1.394640127128087,-39.18717636263495) (1.4,-39.18701046955648) (1.494640127128087,-39.18416151133862) (1.5,-39.18403933179727) (1.594640127128087,-39.18196939979057) (1.6,-39.18189407199412) (1.694640127128087,-39.18066011913469) (1.7,-39.18063520714462) (1.794640127128087,-39.18030226419059) (1.8,-39.18032689550849) (1.88489175784355,-39.1808186048789) (1.9,-39.18103903573297) (1.98489175784355,-39.18247988485482) (2,-39.18286633050397) (2.075981867218093,-39.18500815312672) (2.1,-39.18591347506522) (2.175981867218093,-39.18909300887581) (2.2,-39.19032725945833) (2.268060731773837,-39.194148065224) (2.3,-39.19629000812041) (2.368060731773837,-39.20133924939511) (2.4,-39.20407942861743) (2.461128324471759,-39.20987163979299) (2.5,-39.21411869890738) (2.561128324471759,-39.22170920078243) (2.600000000000001,-39.22732105423385) (2.654930637693977,-39.23671718604831) (2.700000000000001,-39.24596061359) (2.754930637693977,-39.25990823144928) (2.800000000000001,-39.27382762943692) (2.854930637693977,-39.28723356115066) (2.900000000000001,-39.29575714012118) (2.954930637693977,-39.30367000806553) (3,-39.30768665080544) (3.054930637693976,-39.31010645498039) (3.1,-39.30961616148971) (3.154930637693976,-39.30654290189526) (3.2,-39.30154567217397) (3.254930637693976,-39.29297934881013) (3.3,-39.28347518285823) (3.354930637693976,-39.26941579572499) (3.4,-39.25540469354249) (3.454930637693976,-39.23585224263986) (3.5,-39.21733420422676) (3.554930637693976,-39.19228868955472) (3.600000000000001,-39.16926371491103) (3.654930637693977,-39.13872513646959) (3.700000000000001,-39.11119322559529) (3.754930637693977,-39.07516158338446) (3.800000000000001,-39.04312273627955) (3.854930637693977,-39.00159803029932) (3.900000000000001,-38.96505224696381) (3.954930637693977,-38.91803447721419) (4,-38.87698175764807) (4.054930637693976,-38.82447092412905) (4.1,-38.77891126833234) (4.154930637693975,-38.72090737104391) (4.199999999999999,-38.6708407790166) (4.254930637693975,-38.60734381795878) (4.299999999999999,-38.55277028970086) (4.354930637693974,-38.48378026487364) (4.399999999999999,-38.42469980038513) (4.454930637693974,-38.35021671178851) (4.499999999999998,-38.28662931106939) (4.554930637693974,-38.20665315870338) (4.599999999999998,-38.13855882175365) (4.654930637693973,-38.05308960561824) (4.699999999999998,-37.98048833243791) (4.754930637693973,-37.88952605253311) (4.799999999999997,-37.81241784312218) (4.854930637693973,-37.71596249944797) (4.899999999999997,-37.63434735380644) (4.954930637693972,-37.53239894636284) (5,-37.44627686449071) (5.054930637693976,-37.33883539327771) (5.1,-37.24820637517497) (5.154930637693975,-37.13527184019257) (5.199999999999999,-37.04013588585923) (5.254930637693975,-36.92170828710744) (5.299999999999999,-36.82206539654349) (5.354930637693974,-36.6981447340223) (5.399999999999999,-36.59399490722776) (5.454930637693974,-36.46458118093717) (5.499999999999998,-36.35592441791202) (5.554930637693974,-36.22101762785204) (5.599999999999998,-36.10785392859628) (5.654930637693973,-35.9674540747669) (5.699999999999998,-35.84978343928055) (5.754930637693973,-35.70389052168176) (5.799999999999997,-35.58171294996481) (5.849299458664926,-35.44612381928552) (5.898598917329855,-35.30810425198158) (5.899999999999997,-35.30411268550489) (5.949299458664925,-35.1635936089591) (5.998598917329854,-35.02064409578867) (6,-35.01651242104496) (6.049299458664929,-34.87106339863269) (6.098598917329857,-34.72318393959576) (6.1,-34.71891923011199) (6.144250843693148,-34.58416354250167) (6.188501687386296,-34.44744971772379) (6.199999999999999,-34.41141665177231) (6.244250843693147,-34.27223587979267) (6.288501687386296,-34.13109697064547) (6.299999999999999,-34.09391407343261) (6.344250843693147,-33.95030821708366) (6.388501687386295,-33.80474422356716) (6.399999999999999,-33.76641149509292) (6.43980032761041,-33.63344585634707) (6.479600655220821,-33.49889615152333) (6.499999999999998,-33.42912185830907) (6.53980032761041,-33.29217618680219) (6.579600655220821,-33.1536464492174) (6.599999999999998,-33.08183222152523) (6.639800327610409,-32.9409065172573) (6.67960065522082,-32.79839674691148) (6.699999999999998,-32.72454258474139) (6.739800327610409,-32.57963684771242) (6.77960065522082,-32.43314704460555) (6.799999999999997,-32.35733528191714) (6.835764219564775,-32.22369220477731) (6.871528439129552,-32.08877004823641) (6.899999999999997,-31.98034151751653) (6.935764219564774,-31.84312201842022) (6.971528439129552,-31.70462343992284) (7,-31.59334775311592) (7.035764219564777,-31.45255183206314) (7.071528439129555,-31.31047683160928) (7.1,-31.19635398871531) (7.135764219564777,-31.05198164570605) (7.171528439129554,-30.90633022329571) (7.199999999999999,-30.78946269080688) (7.232165312829523,-30.65651757691753) (7.264330625659047,-30.52253785567875) (7.296495938488571,-30.38752352709055) (7.299999999999998,-30.37270247303719) (7.332165312829522,-30.23654082786489) (7.364330625659046,-30.09934457534316) (7.39649593848857,-29.96111371547201) (7.399999999999997,-29.9459422552675) (7.432165312829521,-29.80660959248154) (7.464330625659045,-29.66628783601546) (7.496495938488569,-29.52497698586925) (7.499999999999996,-29.50947495239354) (7.53216531282952,-29.36712500230366) (7.564330625659044,-29.22384370328482) (7.596495938488568,-29.07963105533701) (7.599999999999994,-29.06381919316841) (7.632165312829518,-28.91863077617045) (7.661101308616477,-28.78731134886953) (7.690037304403435,-28.6552843569545) (7.699999999999993,-28.60958370121831) (7.728935995786951,-28.47665123201244) (7.75787199157391,-28.34305690080091) (7.786807987360868,-28.2088007075837) (7.799999999999993,-28.14729113649963) (7.828935995786951,-28.01211668616949) (7.857871991573909,-27.8763257237228) (7.886807987360868,-27.73991824915956) (7.899999999999992,-27.67744857721699) (7.928935995786951,-27.54018862103705) (7.957871991573909,-27.40235725307791) (7.986807987360868,-27.26395447333957) (8,-27.20059569680015) (8.028935995786959,-27.06140594835341) (8.057871991573919,-26.92168973964834) (8.086807987360878,-26.78144707068494) (8.100000000000001,-26.71726997632939) (8.128935995786961,-26.57630573422796) (8.15787199157392,-26.43485993389702) (8.186807987360879,-26.29293257533656) (8.200000000000003,-26.22800789660601) (8.228935995786962,-26.08542438732672) (8.257871991573921,-25.94240427125917) (8.286807987360881,-25.79894754840337) (8.300000000000004,-25.73334612112483) (8.328935995786964,-25.58929884137621) (8.357871991573923,-25.44486005516011) (8.386807987360882,-25.30002976247653) (8.400000000000006,-25.23384059543241) (8.426031889573872,-25.10310518391947) (8.452063779147739,-24.97208961188975) (8.478095668721606,-24.84079387934323) (8.500000000000004,-24.73008036614505) (8.52603188957387,-24.59830572336346) (8.552063779147737,-24.46628790923751) (8.578095668721604,-24.33402692376718) (8.600000000000001,-24.22253233024572) (8.626031889573868,-24.08986092005352) (8.652063779147735,-23.95698369977832) (8.678095668721602,-23.82390066942013) (8.699999999999999,-23.71174580995621) (8.726031889573866,-23.5783216162998) (8.752063779147733,-23.44472943664089) (8.778095668721599,-23.31096927097946) (8.799999999999997,-23.19827646805303) (8.826031889573864,-23.06424534846675) (8.852063779147731,-22.93008462547259) (8.878095668721597,-22.79579429907056) (8.899999999999995,-22.6826876932431) (8.926031889573862,-22.54819775258646) (8.952063779147728,-22.41361725145605) (8.978095668721595,-22.27894618985189) (9,-22.16555206971962) (9.026031889573867,-22.03075405878317) (9.052063779147733,-21.89590529992166) (9.0780956687216,-21.76100579313508) (9.099999999999998,-21.64745294953838) (9.126031889573865,-21.51250069378113) (9.152063779147731,-21.37753839050058) (9.178095668721598,-21.24256603969672) (9.199999999999996,-21.12898614910441) (9.226031889573862,-20.99403701358075) (9.252063779147729,-20.85911954774771) (9.278095668721596,-20.72423375160531) (9.299999999999994,-20.6107617943862) (9.32603188957386,-20.47597719191763) (9.352063779147727,-20.34126713490772) (9.378095668721594,-20.20663162335646) (9.399999999999991,-20.09340634364444) (9.426031889573858,-19.95895229454047) (9.452063779147725,-19.82461698218664) (9.478095668721592,-19.69040040658294) (9.499999999999989,-19.57756482168886) (9.526031889573856,-19.443612574889) (9.552063779147723,-19.30982474677687) (9.578095668721589,-19.17620133735247) (9.599999999999987,-19.06390330624406) (9.626031889573854,-18.93063003372862) (9.652063779147721,-18.79756854929447) (9.678095668721587,-18.66471885294162) (9.699999999999985,-18.5531117152957) (9.726031889573852,-18.42070129411413) (9.752063779147718,-18.2885519406679) (9.778095668721585,-18.15666365495702) (9.799999999999983,-18.04590695481011) (9.82603188957385,-17.9145508542643) (9.852063779147716,-17.78350726546551) (9.878095668721583,-17.65277618841374) (9.899999999999981,-17.54303649966841) (9.926031889573848,-17.41293479528222) (9.952063779147714,-17.28319950297952) (9.978095668721581,-17.15383062276031) (10,-17.04528249797829) (10.02603188957387,-16.91664503918728) (10.05206377914773,-16.78843068722292) (10.0780956687216,-16.66063944208522) (10.1,-16.55346651143947) (10.12603188957386,-16.42651427686767) (10.15206377914773,-16.30004503290898) (10.1780956687216,-16.17405877956339) (10.2,-16.06845503398775) (10.22603188957386,-15.94342171733895) (10.25206377914773,-15.81893492868719) (10.2780956687216,-15.69499466803246) (10.29999999999999,-15.5911659701524) (10.32603188957386,-15.46829985198867) (10.35206377914773,-15.34604800457801) (10.37809566872159,-15.22441042792041) (10.39999999999999,-15.12257630721944) (10.42603188957386,-15.00213326319044) (10.45206377914772,-14.88236787843622) (10.47809566872159,-14.76328015295679) (10.49999999999999,-14.66364492250286) (10.52603188957386,-14.54580506743124) (10.55206377914772,-14.42864287163441) (10.57809566872159,-14.31215833511236) (10.59999999999999,-14.21471353778627) (10.62603188957385,-14.09947687167204) (10.65206377914772,-13.9849178648326) (10.67809566872159,-13.87103651726794) (10.69999999999999,-13.77578215306968) (10.72603188957385,-13.66314867591284) (10.75206377914772,-13.55119285803078) (10.77809566872159,-13.43991469942351) (10.79999999999998,-13.3468507683531) (10.82603188957385,-13.23682048015364) (10.85206377914772,-13.12746785122897) (10.87809566872158,-13.01879288157909) (10.89999999999998,-12.92791938363651) (10.92603188957385,-12.82049228439444) (10.95206377914771,-12.71374284442716) (10.97809566872158,-12.60767106373466) (11,-12.51898799891993) (11.02603188957387,-12.41416408863525) (11.05206377914773,-12.31001783762535) (11.0780956687216,-12.20654924589024) (11.1,-12.12005661420334) (11.12603188957386,-12.01783589287605) (11.15206377914773,-11.91629283082354) (11.1780956687216,-11.81542742804581) (11.2,-11.73112522948676) (11.22603188957386,-11.63150769711685) (11.25206377914773,-11.53256782402173) (11.2780956687216,-11.43430561020139) (11.29999999999999,-11.35219384477018) (11.32603188957386,-11.25517950135765) (11.35206377914773,-11.15884281721992) (11.37809566872159,-11.06318379235697) (11.39999999999999,-10.98326246005359) (11.42603188957386,-10.88885130559845) (11.45206377914772,-10.7951178104181) (11.47809566872159,-10.70206197451254) (11.49999999999999,-10.62433176839081) (11.52613437580638,-10.53216503799038) (11.55236199414559,-10.44035736201094) (11.57870798488465,-10.34882944416084) (11.59999999999999,-10.27542331070478) (11.62663797625964,-10.18415777156128) (11.65343268194314,-10.09307321111523) (11.68039721373,-10.00213843842067) (11.69999999999999,-9.936562427154191) (11.72733553762035,-9.845659564405693) (11.75485420242453,-9.754904998951874) (11.782567102664,-9.664277863925715) (11.79999999999999,-9.60775521675966) (11.8281293581399,-9.517047811968254) (11.85645648613929,-9.426505094287529) (11.88499408883607,-9.336104025760974) (11.89999999999999,-9.289000041313473) (11.92899062741845,-9.198439373876289) (11.95819014676786,-9.1080787835892) (11.98761443786204,-9.017888405432235) (12,-8.980291973925649) (12.02991337830373,-8.88986776580006) (12.06004597555414,-8.79968886104945) (12.09036869733972,-8.709860431238493) (12.1,-8.681621861151017) (12.13054517948881,-8.592361617572816) (12.16115289610957,-8.503855458011147) (12.1917990441299,-8.41617735549028) (12.2,-8.392966055797752) (12.23067306920356,-8.30640331789588) (12.26134744548935,-8.220777808626298) (12.29202182177513,-8.136093216717239) (12.3,-8.114312106825091) (12.33067437628579,-8.030813157917498) (12.36134875257157,-7.948255126370428) (12.39202312885736,-7.866638012183879) (12.4,-7.845658168278858) (12.43067437628579,-7.765226656999844) (12.46134875257157,-7.685736063081352) (12.49202312885736,-7.607186386523382) (12.5,-7.587004229732624) (12.53067437628579,-7.509640156082189) (12.56134875257157,-7.433216999792275) (12.59202312885736,-7.357734760862884) (12.6,-7.338350291186391) (12.63067437628579,-7.264053655164534) (12.66134875257157,-7.190697936503199) (12.69202312885736,-7.118283135202386) (12.7,-7.099696352640158) (12.73067437628579,-7.028467154246879) (12.76134875257157,-6.958178873214123) (12.79202312885736,-6.888831509541889) (12.8,-6.871042414093925) (12.83067437628579,-6.802880653329225) (12.86134875257157,-6.735659809925047) (12.89202312885736,-6.669379883881391) (12.9,-6.652388475547691) (12.93067437628579,-6.58729415241157) (12.96134875257157,-6.523140746635971) (12.99202312885736,-6.459928258220894) (13,-6.443734537001458) (13.03067437628579,-6.381707651493916) (13.06134875257157,-6.320621683346896) (13.09202312885736,-6.260476632560397) (13.1,-6.245080598455225) (13.13067964255398,-6.186111189810036) (13.16136406293646,-6.128074131344357) (13.19206063646798,-6.070956365823008) (13.2,-6.056427275482344) (13.23073616012462,-6.00042458743548) (13.26148997290629,-5.945335532441575) (13.2922671238033,-5.89115190508858) (13.3,-5.877776272264533) (13.33083567578082,-5.824678898355926) (13.36169610577248,-5.772491265167949) (13.39258675573151,-5.721206759678887) (13.4,-5.709128582603085) (13.43096253438701,-5.658912946305666) (13.46195507532121,-5.609609182403994) (13.49298336283279,-5.561211306515884) (13.5,-5.55048476216057) (13.53111184371199,-5.503142802775629) (13.56225835289763,-5.456718199013673) (13.59344573137325,-5.411205331190913) (13.6,-5.401845159568378) (13.63128219600236,-5.357377528806829) (13.66260353375283,-5.313835284262403) (13.69397077854389,-5.271213124791409) (13.7,-5.263209979927526) (13.73147336301281,-5.221623958296961) (13.7629903034565,-5.18097367497211) (13.79455822194082,-5.141254174078866) (13.8,-5.1345792941837) (13.83168556507592,-5.095888168416278) (13.86341915898921,-5.058145415796679) (13.89520888986288,-5.021346482959897) (13.9,-5.015953030261924) (13.93191924057438,-4.980175947013587) (13.96389100594089,-4.945362184470382) (13.99592419005902,-4.911507668495701) (14,-4.90733095688545) (14.03217497548921,-4.874492955746957) (14.06440703623953,-4.842635598738801) (14.09670594981264,-4.811755385902456) (14.1,-4.808712663120594) (14.13245348497707,-4.778844800385639) (14.1649686973236,-4.749977367235686) (14.19755637746613,-4.722107553120432) (14.2,-4.720097534186185) (14.23275561268871,-4.693237072395837) (14.26557769276919,-4.667399394541193) (14.29847806613285,-4.64258251845609) (14.3,-4.641484723224924) (14.33308233701878,-4.617675381418163) (14.36623599548609,-4.59491387466947) (14.39947401468945,-4.573199216327815) (14.4,-4.572873118388061) (14.43343478098566,-4.552165384815753) (14.46694586774967,-4.532533384419464) (14.5,-4.514279762455918) (14.53370364184424,-4.496784936473663) (14.56751621303847,-4.480376857610471) (14.6,-4.465715781521207) (14.63405547132417,-4.451455857374476) (14.66823907322423,-4.438310800214694) (14.7,-4.427187364140595) (14.73445998414512,-4.416217997725542) (14.76906186614131,-4.406400752359597) (14.8,-4.398698108115178) (14.83490537389399,-4.3910930482898) (14.86996439486231,-4.384683647332718) (14.9,-4.380250475435658) (14.93538780831174,-4.376096157627757) (14.97094048419792,-4.373186478111784) (15,-4.371846393604493) (15.03590700505241,-4.371240468498536) (15.07199024372659,-4.371933569590936) (15.1,-4.373487493530771) (15.13646437065714,-4.376538924018944) (15.17311681747417,-4.38094949505212) (15.2,-4.385175190740202) (15.2370622310054,-4.392005032828807) (15.27432504635324,-4.400260356084315) (15.3,-4.406910696040379) (15.33770353130478,-4.417653249609544) (15.37562095494086,-4.429894476756775) (15.4,-4.438694990617045) (15.43839174212637,-4.45349922619632) (15.47701160155213,-4.469882919605109) (15.5,-4.480528778662674) (15.53913086040548,-4.499560033937335) (15.57850509754876,-4.520259985798446) (15.6,-4.532412420989711) (15.63992545959135,-4.555854399489727) (15.68011000429319,-4.581063295789868) (15.7,-4.594345830324039) (15.74078202397385,-4.622403869954888) (15.78184319509944,-4.652339982649194) (15.8,-4.66632860263637) (15.84171118899496,-4.699235783441648) (15.88372193977389,-4.734144200508456) (15.9,-4.74835964032702) (15.94271742123948,-4.786375393043473) (15.9857560088478,-4.826529283159495) (16,-4.840436811768646) (16.04380779960447,-4.883851478016681) (16.08796005391446,-4.929556929377376) (16.1,-4.942556794445176) (16.14499138820476,-4.991696817825644) (16.1903525678706,-5.043298367588108) (16.2,-5.054714796523449) (16.24627914987642,-5.109948836989011) (16.2929558071587,-5.167836011805595) (16.3,-5.176904162759759) (16.34768414269159,-5.235197503453558) (16.39572282088652,-5.292727472420382) (16.4,-5.297741898756517) (16.44935569499227,-5.355470062015878) (16.49930517823833,-5.412592454982808) (16.5,-5.413368680607749) (16.5517084683377,-5.471083819199709) (16.6,-5.523658875832085) (16.65340421433903,-5.580415963959567) (16.7,-5.628600636161324) (16.75583884272706,-5.684928978369594) (16.8,-5.728141062565569) (16.858889522854,-5.784332325295334) (16.9,-5.822237419092892) (16.96252830518021,-5.878453108703687) (17,-5.91085389903371) (17.06679157790531,-5.967181717543086) (17.1,-5.993960551635053) (17.17176907685377,-6.050443786430217) (17.2,-6.071533961254596) (17.27760541191193,-6.128185523102121) (17.3,-6.143559854328094) (17.38391572916438,-6.199992215477682) (17.4,-6.210055673555509) (17.48845594411508,-6.264519239419193) (17.5,-6.271062710725794) (17.59111692925552,-6.322064941891538) (17.6,-6.326591514791677) (17.69264875865652,-6.37330353170362) (17.70000000000001,-6.376635080960213) (17.79352170219208,-6.418605895247175) (17.8,-6.421179386841897) (17.89401634245636,-6.458164311237003) (17.9,-6.460207526795354) (17.99429572640551,-6.49207166465595) (18,-6.493701347911283) (18.09445324456708,-6.520367214549122) (18.1,-6.521642120569428) (18.19454196413781,-6.543061825904822) (18.2,-6.544010822880247) (18.2945919055127,-6.560151516188317) (18.3,-6.560788260829074) (18.39462000912852,-6.57176499755959) (18.4,-6.572111474205773) (18.49463582108158,-6.573856438070401) (18.5,-6.573447675947094) (18.59464471646633,-6.565727490283472) (18.59999999999999,-6.564783794287715) (18.69464972048767,-6.551642513076238) (18.7,-6.550621905326633) (18.79465253536596,-6.53228050665192) (18.79999999999999,-6.530966223732313) (18.89465411877178,-6.521305846333006) (18.9,-6.521266259332798) (18.99465500944918,-6.504739817901537) (19,-6.503390317255977) (19.09465551045892,-6.481471552342381) (19.1,-6.479953008147554) (19.19465579227807,-6.452759573969798) (19.2,-6.450942310847872) (19.2946559508017,-6.418455266975537) (19.3,-6.416338181403806) (19.39465603997137,-6.392527928149782) (19.4,-6.39168951998972) (19.49465606863306,-6.363313216439348) (19.5,-6.361424855693422) (19.59465606863306,-6.327659215840925) (19.6,-6.325464836454623) (19.69465606863306,-6.286276228521462) (19.70000000000001,-6.283773888873146) (19.79465606863306,-6.239127787638332) (19.80000000000001,-6.236315490543071) (19.89465606863306,-6.200337417208044) (19.90000000000001,-6.198812063856101) (19.99465606863307,-6.158079177269795) (20,-6.155514536895192) (20.08446228404722,-6.114675810481306) (20.1,-6.10638541487267) (20.18446228404722,-6.060501251957182) (20.2,-6.05136020904046) (20.27532607873033,-6.015413136993592) (20.3,-6.005496850876517) (20.37532607873034,-5.967929855641836) (20.40000000000001,-5.954602254024386) (20.46756983854355,-5.917046099530898) (20.50000000000001,-5.897660216056463) (20.56756983854356,-5.863308947216013) (20.60000000000001,-5.848794117539562) (20.66080977044003,-5.817481387411982) (20.70000000000001,-5.795773645292551) (20.76080977044003,-5.760522894028187) (20.80000000000001,-5.736251266458955) (20.86080977044003,-5.703144858371506) (20.90000000000001,-5.683950201833462) (20.95464412111221,-5.654315568576862) (21,-5.628036115964562) (21.0546441211122,-5.599705438107867) (21.1,-5.578668755216762) (21.1546441211122,-5.550688639490949) (21.2,-5.52569831799407) (21.24916416119286,-5.497166600244936) (21.29832832238571,-5.466866368228965) (21.29999999999999,-5.46577596814935) (21.34916416119285,-5.437832717936019) (21.39832832238571,-5.412306582468486) (21.39999999999999,-5.411520830577452) (21.44916416119285,-5.384196201351691) (21.49832832238571,-5.354990891740012) (21.49999999999999,-5.353933907295737) (21.54916416119285,-5.327081765619323) (21.59832832238571,-5.302646738688708) (21.59999999999999,-5.301889791647764) (21.64420209577693,-5.278357923867952) (21.68840419155386,-5.253189132783993) (21.69999999999999,-5.246157024377314) (21.74420209577692,-5.222512634376678) (21.78840419155386,-5.200822069647117) (21.79999999999998,-5.195644409038749) (21.84420209577692,-5.176420228615808) (21.88840419155386,-5.159149873463941) (21.89999999999998,-5.155131793700185) (21.94420209577692,-5.136484900175636) (21.98840419155386,-5.115948909242857) (22,-5.110065997489037) (22.04420209577694,-5.09098825325132) (22.08840419155388,-5.073864334284677) (22.1,-5.069884670028683) (22.14420209577694,-5.051319484826513) (22.18396496038994,-5.033037721939793) (22.2,-5.025027696450385) (22.239762864613,-5.007689419856818) (22.27952572922599,-4.991932228665481) (22.3,-4.984632819247375) (22.339762864613,-4.971270829115108) (22.379525729226,-4.959489924385072) (22.4,-4.954237942044366) (22.439762864613,-4.941690067568935) (22.479525729226,-4.927561107691272) (22.5,-4.919471858486946) (22.539762864613,-4.906109868354679) (22.579525729226,-4.894328963624643) (22.6,-4.889076981283937) (22.639762864613,-4.879691277612969) (22.679525729226,-4.871886659344233) (22.7,-4.868682104080928) (22.739762864613,-4.860110516066796) (22.779525729226,-4.849957842650433) (22.8,-4.843916020523507) (22.839762864613,-4.83453031685254) (22.879525729226,-4.826725698583804) (22.90000000000001,-4.823521143320498) (22.93976286461301,-4.81811172611083) (22.979525729226,-4.814283394303394) (23,-4.813126266117489) (23.039762864613,-4.808530964564657) (23.079525729226,-4.802354577609593) (23.1,-4.798360182560068) (23.139762864613,-4.7929507653504) (23.179525729226,-4.789122433542964) (23.2,-4.787965305357059) (23.239762864613,-4.78653217460869) (23.279525729226,-4.786680129262554) (23.3,-4.787570428154049) (23.339762864613,-4.786951413062517) (23.379525729226,-4.784751312568754) (23.40000000000001,-4.782804344596629) (23.43976286461301,-4.781371213848261) (23.479525729226,-4.781519168502125) (23.50000000000001,-4.782409467393619) (23.53976286461301,-4.784952623106551) (23.57952572922601,-4.789076864221714) (23.60000000000001,-4.792014590190609) (23.63976286461301,-4.798534032364841) (23.67952572922601,-4.806634559941304) (23.70000000000001,-4.811619712987599) (23.73976286461301,-4.82211544162313) (23.77952572922601,-4.834192255660893) (23.80000000000001,-4.841224835784589) (23.83976286461301,-4.85569685088142) (23.87952572922601,-4.871749951380483) (23.90000000000001,-4.880829958581579) (23.93976286461301,-4.896116089335247) (23.97952572922601,-4.909821134686683) (24,-4.916063875024159) (24.039762864613,-4.930535890120991) (24.079525729226,-4.946588990620054) (24.1,-4.955668997821149) (24.139762864613,-4.974117299379281) (24.179525729226,-4.994146686339644) (24.2,-5.00527412061814) (24.239762864613,-5.027698708637572) (24.279525729226,-5.051704382059235) (24.3,-5.064879243415131) (24.339762864613,-5.091280117895862) (24.379525729226,-5.119262077778825) (24.40000000000001,-5.134484366212122) (24.43976286461301,-5.164861527154152) (24.479525729226,-5.196819773498415) (24.50000000000001,-5.214089489009112) (24.53976286461301,-5.248442936412443) (24.57952572922601,-5.284377469218005) (24.60000000000001,-5.303694611806102) (24.63976286461301,-5.342024345670732) (24.67952572922601,-5.381935164937595) (24.70000000000001,-5.403299734603092) (24.73976286461301,-5.442443584124559) (24.77952572922601,-5.480006348243795) (24.80000000000001,-5.498533651045673) (24.83976286461301,-5.536863384910303) (24.87952572922601,-5.576774204177165) (24.90000000000001,-5.598138773842662) (24.93976286461301,-5.640444794168593) (24.97952572922601,-5.684331899896755) (25,-5.707743896639652) (25.039762864613,-5.754026203426883) (25.079525729226,-5.801889595616345) (25.1,-5.827349019436642) (25.139762864613,-5.877607612685173) (25.179525729226,-5.929447291335935) (25.2,-5.956954142233633) (25.239762864613,-6.008093850773999) (25.279525729226,-6.057719473547134) (25.3,-6.082492553796747) (25.339762864613,-6.132919645053789) (25.379525729226,-6.184927821713063) (25.40000000000001,-6.212521433810808) (25.43976286461301,-6.26692481152915) (25.479525729226,-6.322909274649724) (25.50000000000001,-6.352550313824869) (25.53976286461301,-6.410929978004511) (25.57952572922601,-6.470890727586384) (25.60000000000001,-6.50257919383893) (25.63976286461301,-6.561956321594664) (25.67952572922601,-6.619935711867423) (25.70000000000001,-6.64907013393016) (25.73976286461301,-6.707910901506252) (25.77952572922601,-6.768332754484574) (25.80000000000001,-6.800258647187292) (25.83976286461301,-6.860168596668661) (25.87952572922601,-6.918752526996241) (25.90000000000001,-6.948235160823954) (25.93976286461301,-7.007717396893133) (25.97952572922601,-7.068780718364544) (26,-7.101036909192115) (26.039762864613,-7.164495431722594) (26.079525729226,-7.229535039655305) (26.1,-7.263838657560276) (26.139762864613,-7.328361192411147) (26.179525729226,-7.39155253852334) (26.2,-7.423404911950525) (26.239762864613,-7.487491901936724) (26.279525729226,-7.553159977325155) (26.3,-7.587787198999278) (26.33982460041096,-7.653048069462145) (26.37972082408468,-7.717097000139659) (26.4,-7.748973473712248) (26.44046335934292,-7.814884870290375) (26.48130744689961,-7.883084680477192) (26.5,-7.915068204479312) (26.54173670937735,-7.984088753590352) (26.58385818466767,-8.052268848566046) (26.6,-8.077824299688405) (26.64320256740941,-8.14562237214286) (26.68693245645597,-8.212658376349463) (26.7,-8.232208504496004) (26.74507736857823,-8.3028524581237) (26.79080401590251,-8.3766048689759) (26.8,-8.391864086292973) (26.84720530277196,-8.466581387832466) (26.8950047363005,-8.540337994024238) (26.9,-8.547844108204293) (26.94943872976435,-8.62188955011764) (26.999584622929,-8.694900304663459) (27,-8.695487429597348) (27.05207677083708,-8.769079318913004) (27.1,-8.834734856129153) (27.15388731720603,-8.911682662128415) (27.2,-8.980068734558014) (27.25642934620631,-9.060582297437671) (27.29999999999999,-9.12063951434317) (27.35944136619193,-9.200316178820527) (27.4,-9.252601049656556) (27.46295948108602,-9.331514389128754) (27.5,-9.375922243737854) (27.56680942194792,-9.453813672085642) (27.6,-9.490583936836558) (27.67109921888136,-9.567212111320769) (27.7,-9.596569407330483) (27.7759462479454,-9.671677808487058) (27.8,-9.693868026204035) (27.88149024242476,-9.767157775758562) (27.9,-9.782480087443226) (27.98675060778978,-9.852730673813364) (28,-9.862460021729206) (28.09012461471348,-9.92749686101083) (28.1,-9.93385458751175) (28.19207983862111,-9.992277439904703) (28.2,-9.996674780389357) (28.29319823424502,-10.04773383860388) (28.3,-10.05091495272056) (28.39383329076899,-10.09421494430086) (28.4,-10.09656267652022) (28.49419240982448,-10.13189540373034) (28.5,-10.1336026224989) (28.59439501795038,-10.16085639224173) (28.6,-10.16201813458517) (28.69450917647952,-10.18113010453749) (28.7,-10.18179190113678) (28.79457345131232,-10.19272348776826) (28.8,-10.19290625314118) (28.89460962511356,-10.19577233018286) (28.9,-10.19550112972345) (28.99462997895681,-10.19028872244984) (29,-10.18955909051047) (29.09464142991788,-10.17624953453678) (29.1,-10.17506207721369) (29.19464787169239,-10.15363767252732) (29.2,-10.15199186999298) (29.29465149538323,-10.13842520328062) (29.3,-10.13812720052373) (29.39465353377031,-10.11728683013497) (29.4,-10.11567236192055) (29.49465468038233,-10.08662111307366) (29.5,-10.0845415621595) (29.59465532535769,-10.04724616900747) (29.6,-10.0446995942708) (29.69465568815826,-10.0156067255064) (29.7,-10.014452136439) (29.79465589223419,-9.977947709187891) (29.8,-9.975440739676207) (29.89465595783012,-9.930542132412112) (29.9,-9.927558534023611) (29.99465595783012,-9.891170943470657) (30,-9.889622435188466) (30.09465595783012,-9.845660230908626) (30.1,-9.84272203035141) (30.19465595783011,-9.790154385780951) (30.2,-9.786726460212268) (30.29465595783011,-9.742658480124449) (30.29999999999999,-9.740624567564581) (30.38496508985031,-9.694814176764449) (30.39999999999999,-9.685520813530172) (30.48496508985031,-9.631740562668419) (30.49999999999999,-9.621148618941422) (30.57612109424862,-9.577685447632176) (30.59999999999999,-9.56586889996516) (30.67612109424863,-9.518630950579094) (30.69999999999999,-9.50223809686112) (30.76831725354812,-9.453700189963541) (30.79999999999999,-9.429071727594968) (30.86831725354812,-9.383082500365793) (30.89999999999999,-9.363701936425922) (30.96146429372839,-9.320495424586522) (31,-9.291038062925878) (31.0614642937284,-9.249240840520699) (31.1,-9.225404188110129) (31.1614642937284,-9.182197676270729) (31.2,-9.152981648985891) (31.25520167655704,-9.115097452397276) (31.3,-9.086825885044693) (31.35520167655704,-9.048367405922367) (31.40000000000001,-9.014683900670097) (31.45520167655704,-8.976799704081481) (31.50000000000001,-8.948279448426021) (31.54965039062123,-8.913964120538663) (31.59930078124246,-8.877183631362467) (31.6,-8.876630940948278) (31.64965039062123,-8.842280896576479) (31.69930078124246,-8.810396013493522) (31.7,-8.809981700110228) (31.74965039062123,-8.77566637222287) (31.79930078124246,-8.738885883046674) (31.8,-8.738333192632485) (31.84965039062123,-8.703983148260686) (31.89431751615856,-8.675075869890684) (31.9,-8.671652150078696) (31.94466712553733,-8.641003539824036) (31.98933425107466,-8.608359777465608) (32,-8.600088594570904) (32.04466712553733,-8.568963575970045) (32.08933425107466,-8.539833709472955) (32.09999999999999,-8.533354401762903) (32.14466712553732,-8.506696095715778) (32.18933425107465,-8.48203294177242) (32.19999999999999,-8.476620208954902) (32.24466712553732,-8.450438311253974) (32.28933425107465,-8.422261261449279) (32.29999999999998,-8.415056653447108) (32.34466712553731,-8.388398347399983) (32.38933425107464,-8.363735193456625) (32.39999999999998,-8.358322460639107) (32.44466712553731,-8.332140562938179) (32.48483250874011,-8.306984129911054) (32.49999999999997,-8.296875199722292) (32.54016538320277,-8.272722816604318) (32.58033076640557,-8.250183691494172) (32.59999999999997,-8.239936166501751) (32.64016538320276,-8.219800321704058) (32.68033076640556,-8.201277734914193) (32.69999999999996,-8.192997133281212) (32.74016538320276,-8.173651310788143) (32.78033076640556,-8.152692230287247) (32.79999999999995,-8.141638418185959) (32.84016538320275,-8.121502573388266) (32.88033076640555,-8.102979986598401) (32.89999999999995,-8.09469938496542) (32.94016538320275,-8.078580078488006) (32.98033076640554,-8.064074030018419) (33,-8.057760351744879) (33.0401653832028,-8.042431067572089) (33.08033076640559,-8.025488525391472) (33.09999999999999,-8.016401636649624) (33.14016538320279,-8.00028233017221) (33.18033076640559,-7.985776281702624) (33.19999999999999,-7.979462603429083) (33.24016538320279,-7.967359835271949) (33.28033076640558,-7.956870325122644) (33.29999999999998,-7.952523570208543) (33.34016538320278,-7.941210824356034) (33.38033076640558,-7.928284820495697) (33.39999999999998,-7.921164855113289) (33.44016538320277,-7.909062086956155) (33.48033076640557,-7.898572576806849) (33.49999999999997,-7.894225821892748) (33.54016538320277,-7.886139592055895) (33.58033076640557,-7.879666620226869) (33.59999999999997,-7.877286788672208) (33.64016538320276,-7.869990581139979) (33.68033076640556,-7.861081115599922) (33.69999999999996,-7.855928073576954) (33.74016538320276,-7.847841843740101) (33.78033076640556,-7.841368871911075) (33.79999999999995,-7.838989040356414) (33.84016538320275,-7.834919348839841) (33.88033076640555,-7.832462915331095) (33.89999999999995,-7.832050007135874) (33.94016538320275,-7.831996853939581) (33.98033076640554,-7.833556958751115) (34,-7.835110973915334) (34.0401653832028,-7.83907435903932) (34.08033076640559,-7.844651002171134) (34.09999999999999,-7.848171940694793) (34.14016538320279,-7.85615186413906) (34.18033076640559,-7.865745045591154) (34.19999999999999,-7.871232907474252) (34.24016538320279,-7.883229369238799) (34.28033076640558,-7.896839089011173) (34.29999999999998,-7.904293874253711) (34.34016538320278,-7.920306874338538) (34.38033076640558,-7.937933132431191) (34.39999999999998,-7.94735484103317) (34.44016538320277,-7.967384379438276) (34.48033076640557,-7.989027175851211) (34.49999999999997,-8.00041580781263) (34.54016538320277,-8.024461884538017) (34.58033076640557,-8.050121219271231) (34.59999999999997,-8.06347677459209) (34.64016538320276,-8.091539389637756) (34.68033076640556,-8.121215262691249) (34.69999999999996,-8.136537741371548) (34.74016538320276,-8.168616894737495) (34.78033076640556,-8.202309306111269) (34.79999999999995,-8.219598708151008) (34.84016538320275,-8.252467883821579) (34.88033076640555,-8.283723801484323) (34.89999999999995,-8.298239993055756) (34.94016538320275,-8.330319146421703) (34.98033076640554,-8.364011557795477) (35,-8.381300959835215) (35.0401653832028,-8.417396651521441) (35.08033076640559,-8.455105601215495) (35.09999999999999,-8.474361926614673) (35.14016538320279,-8.51447415662118) (35.18033076640559,-8.556199644635514) (35.19999999999999,-8.577422893394132) (35.24016538320279,-8.621551661720918) (35.28033076640558,-8.667293688055533) (35.29999999999998,-8.690483860173591) (35.34016538320278,-8.738629166820658) (35.38033076640558,-8.788387731475552) (35.39999999999998,-8.81354482695305) (35.44016538320277,-8.865706671920396) (35.48033076640557,-8.919481774895571) (35.49999999999997,-8.946605793732509) (35.54016538320277,-9.002784177020136) (35.58033076640557,-9.06057581831559) (35.59999999999997,-9.089666760511969) (35.64016538320276,-9.149861682119877) (35.68033076640556,-9.211669861735611) (35.69999999999996,-9.242727727291431) (35.74016538320276,-9.306939187219617) (35.78033076640556,-9.372763905155631) (35.79999999999995,-9.405788694070891) (35.84016538320275,-9.474016692319358) (35.88033076640555,-9.543857948575653) (35.89999999999995,-9.578849660850352) (35.94016538320275,-9.647867681403444) (35.98033076640554,-9.715272443948708) (36,-9.7474909457551) (36.0401653832028,-9.815718944003567) (36.08033076640559,-9.885560200259862) (36.09999999999999,-9.920551912534561) (36.14016538320279,-9.992796449103308) (36.18033076640559,-10.06665424367988) (36.19999999999999,-10.10361287931402) (36.24016538320279,-10.17987395420305) (36.28033076640558,-10.2577482870999) (36.29999999999998,-10.29667384609348) (36.34016538320278,-10.37372494328713) (36.38033076640558,-10.44916278247296) (36.39999999999998,-10.48531513099823) (36.44016538320277,-10.56157620588726) (36.48033076640557,-10.63945053878411) (36.49999999999997,-10.67837609777769) (36.54016538320277,-10.758653710987) (36.58033076640557,-10.84054458220413) (36.59999999999997,-10.88143706455715) (36.64016538320276,-10.96250470007108) (36.68033076640556,-11.04195907757718) (36.69999999999996,-11.0800783494619) (36.74016538320276,-11.1603559626712) (36.78033076640556,-11.24224683388834) (36.79999999999995,-11.28314173841048) (36.84054793853701,-11.36825426171439) (36.88136869047068,-11.45560577027593) (36.89999999999995,-11.49624232874614) (36.94169370736256,-11.58797703072729) (36.98394364090176,-11.68272060118835) (37,-11.71940997654205) (37.04262824461915,-11.81750351418042) (37.08525648923829,-11.91741421905811) (37.1,-11.95259807405197) (37.14262824461915,-12.05495443615225) (37.18525648923829,-12.15912796549185) (37.2,-12.19578617156188) (37.24262824461915,-12.30240535812409) (37.28525648923829,-12.4108417119256) (37.3,-12.4489742690718) (37.34262824461915,-12.55985628009592) (37.38525648923829,-12.67255545835934) (37.40000000000001,-12.71216236658172) (37.44262824461915,-12.82730720206775) (37.4852564892383,-12.94426920479309) (37.50000000000001,-12.98535046409163) (37.54262824461915,-13.10475812403958) (37.5852564892383,-13.22598295122683) (37.60000000000001,-13.26853856160155) (37.64262824461915,-13.39220904601141) (37.6852564892383,-13.51769669766058) (37.70000000000001,-13.56172665911147) (37.74262824461915,-13.68965996798324) (37.7852564892383,-13.81941044409433) (37.80000000000001,-13.86491475662138) (37.84262824461916,-13.99711088995507) (37.8852564892383,-14.13112419052807) (37.90000000000001,-14.1781028541313) (37.94262824461916,-14.31456181192691) (37.9852564892383,-14.45283793696182) (38,-14.50129095164122) (38.04262824461915,-14.64201273389874) (38.08525648923829,-14.78455168339556) (38.1,-14.83447904915114) (38.14262824461915,-14.97946365587057) (38.18525648923829,-15.12626542982931) (38.2,-15.17760329385439) (38.23829733540117,-15.31152174540568) (38.27659467080234,-15.4469068828558) (38.3,-15.53054356262036) (38.33829733540117,-15.66827277428522) (38.37659467080234,-15.80744969842237) (38.40000000000001,-15.89339212440758) (38.43829733540117,-16.03475625530247) (38.47659467080234,-16.17742282677901) (38.50000000000001,-16.26540916019327) (38.53829733540118,-16.41003578615415) (38.57659467080234,-16.55582648300795) (38.60000000000001,-16.64556577249704) (38.63443316112058,-16.77811986761581) (38.66886632224116,-16.91150790248976) (38.70000000000002,-17.03286834603509) (38.73443316112059,-17.1677413721827) (38.76886632224117,-17.30334536032629) (38.80000000000003,-17.42661630806333) (38.8344331611206,-17.56351269547961) (38.86886632224117,-17.70104056302853) (38.90000000000003,-17.82596108934995) (38.93443316112061,-17.96459489191999) (38.96886632224118,-18.10376365959955) (39,-18.23008058365814) (39.03443316112057,-18.37017399990575) (39.06886632224115,-18.51070836148911) (39.10000000000001,-18.63817501383064) (39.13443316112058,-18.77945706333886) (39.16886632224116,-18.92108810807148) (39.20000000000002,-19.04946321707564) (39.23443316112059,-19.19166854104452) (39.26886632224117,-19.33413259073954) (39.30000000000003,-19.46317926418475) (39.3344331611206,-19.60604702413591) (39.36886632224117,-19.74908456045148) (39.40000000000003,-19.87856934141822) (39.43443316112061,-20.02184219403441) (39.46886632224118,-20.16519685504056) (39.50000000000004,-20.29488883427564) (39.53443316112062,-20.43713182197457) (39.56886632224119,-20.57818916708876) (39.60000000000005,-20.70465796554979) (39.63443316112063,-20.84461624376272) (39.6688663222412,-20.98454748601694) (39.70000000000006,-21.11104567364081) (39.73443316112063,-21.25088782397825) (39.76886632224121,-21.39066532769522) (39.80000000000007,-21.51699050174416) (39.83443316112064,-21.65660726610249) (39.86886632224122,-21.79612174309974) (39.90000000000008,-21.92217506049894) (39.93443316112065,-22.0614570343859) (39.96886632224123,-22.20059899105799) (40,-22.32628136961636) (40.03443316112057,-22.46511883004334) (40.06886632224115,-22.60377839459261) (40.10000000000001,-22.72899035619066) (40.13443316112058,-22.86727308721477) (40.16886632224116,-23.00533983410283) (40.20000000000002,-23.12998134497967) (40.23443316112059,-23.26759845963185) (40.26886632224117,-23.40496122997044) (40.30000000000003,-23.52893153693524) (40.3344331611206,-23.66577129421201) (40.36886632224117,-23.80231801074557) (40.40000000000003,-23.92551547207251) (40.43443316112061,-24.06146508758786) (40.46886632224118,-24.19708256283135) (40.50000000000004,-24.31940447250897) (40.53443316112062,-24.4543499212974) (40.56886632224119,-24.5889236572778) (40.60000000000005,-24.71026606117167) (40.63443316112063,-24.84409187099996) (40.6688663222412,-24.97750584890646) (40.70000000000006,-25.09776335125496) (40.73443316112063,-25.23035238463514) (40.76886632224121,-25.36248884250559) (40.80000000000007,-25.48155440099724) (40.83443316112064,-25.61278762389109) (40.86886632224122,-25.74352682024647) (40.90000000000008,-25.86129152771923) (40.93443316112065,-25.99104776267917) (40.96886632224123,-26.12026772375515) (41,-26.23662057430608) (41.03443316112057,-26.36477623549996) (41.06886632224115,-26.49235248340796) (41.10000000000001,-26.60718012039647) (41.13443316112058,-26.73360892760458) (41.16886632224116,-26.85941418637085) (41.20000000000002,-26.97260062943067) (41.23443316112059,-27.09717329766881) (41.26886632224117,-27.22107717363676) (41.30000000000003,-27.33250352136583) (41.3344331611206,-27.45508742226215) (41.36886632224117,-27.57695605478089) (41.40000000000003,-27.68650015923777) (41.43443316112061,-27.80695894965212) (41.46886632224118,-27.92665462729083) (41.50000000000004,-28.03419073576821) (41.53443316112062,-28.15238394836427) (41.56886632224119,-28.2697646850583) (41.60000000000005,-28.37516304380035) (41.63443316112063,-28.49094563332757) (41.6688663222412,-28.6058646978399) (41.70000000000006,-28.70899111138329) (41.73443316112063,-28.82221294925349) (41.76886632224121,-28.93451834007527) (41.80000000000007,-29.03523367867562) (41.83443316112064,-29.14573898696904) (41.86886632224122,-29.2552728432217) (41.90000000000008,-29.35343248931474) (41.93443316112065,-29.46105920354529) (41.96886632224123,-29.56765714049896) (42,-29.66311036325541) (42.03443316112057,-29.76768941096319) (42.06886632224115,-29.8711797663394) (42.10000000000001,-29.96376901099336) (42.13443316112058,-30.06512349037732) (42.16886632224116,-30.16532646450723) (42.20000000000002,-30.25488654011934) (42.23443316112059,-30.35523399208611) (42.26886632224117,-30.45676708663763) (42.30000000000003,-30.54964302244263) (42.3344331611206,-30.65343379052146) (42.36886632224117,-30.75841020118504) (42.40000000000003,-30.85439950476593) (42.43443316112061,-30.96163358895681) (42.46886632224118,-31.07005331573245) (42.50000000000004,-31.16915598708922) (42.53443316112062,-31.27983338739216) (42.56886632224119,-31.39169643027986) (42.60000000000005,-31.49391246941252) (42.63443316112063,-31.60803318582752) (42.6688663222412,-31.72333954482727) (42.70000000000006,-31.82866895173581) (42.73443316112063,-31.94623298426287) (42.76886632224121,-32.06498265937468) (42.80000000000007,-32.17342543405911) (42.83443316112064,-32.29443278269822) (42.86886632224122,-32.41662577392209) (42.90000000000008,-32.5281819163824) (42.93443316112065,-32.65263258113357) (42.96886632224123,-32.7782688884695) (43,-32.8929383987057) (43.03443316112057,-33.02083237956893) (43.06886632224115,-33.14991200301691) (43.10000000000001,-33.26769488102899) (43.13443316112058,-33.39903217800428) (43.16886632224116,-33.53155511756432) (43.20000000000002,-33.65245136335229) (43.23443316112059,-33.78723197643964) (43.26886632224117,-33.92319823211173) (43.30000000000003,-34.04720784567559) (43.3344331611206,-34.18543177487498) (43.36886632224117,-34.32484134665914) (43.40000000000003,-34.45196432799889) (43.43443316112061,-34.59363157331034) (43.46886632224118,-34.73648446120655) (43.50000000000004,-34.86672081032218) (43.53443316112062,-35.01183137174569) (43.56542180093052,-35.14338609379442) (43.59641044074041,-35.27590111164042) (43.60000000000005,-35.29136218224435) (43.63098863980995,-35.42494873144658) (43.66197727961985,-35.55949557644608) (43.69296591942975,-35.69500271724285) (43.70000000000005,-35.72597932512609) (43.73098863980995,-35.86266473830931) (43.76197727961985,-36.00031044728981) (43.79296591942975,-36.13891645206756) (43.80000000000005,-36.17059646800783) (43.83098863980995,-36.31038074517204) (43.86197727961985,-36.45112531813352) (43.89296591942975,-36.59283018689227) (43.90000000000006,-36.62521361088957) (43.93098863980995,-36.76809675203478) (43.96197727961985,-36.91194018897725) (43.99296591942975,-37.05674392171699) (44,-37.08983075377132) (44.02788616394621,-37.22111102729333) (44.05577232789243,-37.35316893895498) (44.08365849183864,-37.48600448875627) (44.09999999999999,-37.56430285225338) (44.12788616394621,-37.69837174217002) (44.15577232789242,-37.83321827022629) (44.18365849183864,-37.96884243642219) (44.19999999999999,-38.04877495073544) (44.2278861639462,-38.1856324570467) (44.25577232789242,-38.32326760149759) (44.28365849183863,-38.46168038408812) (44.29999999999998,-38.54324704921751) (44.3278861639462,-38.68255185815834) (44.35577232789241,-38.82229299147377) (44.38365849183862,-38.9624704491638) (44.39999999999998,-39.04487121506476) (44.42788616394619,-39.18452672407972) (44.4557723278924,-39.32340459495506) (44.48365849183862,-39.46150482769075) (44.49999999999997,-39.54197693223184) (44.52788616394619,-39.67947103702418) (44.5557723278924,-39.81681471584888) (44.58365849183861,-39.95400796870594) (44.59999999999997,-40.03431612720302) (44.62788616394618,-40.17113226015343) (44.65577232789239,-40.30765942397986) (44.68365849183861,-40.44389761868233) (44.69999999999996,-40.52356491833694) (44.72788616394617,-40.65917627760537) (44.75577232789239,-40.79433013958563) (44.7836584918386,-40.92902650427771) (44.79999999999995,-41.0076915207885) (44.82788616394617,-41.14145118222626) (44.85577232789238,-41.27454223736569) (44.8836584918386,-41.40696468620681) (44.89999999999995,-41.48417345889263) (44.92788616394616,-41.6154264611223) (44.95577232789238,-41.74590182521233) (44.98365849183859,-41.87559955116272) (45,-41.9511477216169) (45.02788616394621,-42.07961210745194) (45.05577232789243,-42.20729885514735) (45.08365849183864,-42.33420796470313) (45.09999999999999,-42.40812198434117) (45.12788616394621,-42.53379775378159) (45.15577232789242,-42.65869588508238) (45.18365849183864,-42.78281637824353) (45.19999999999999,-42.85509624706544) (45.2278861639462,-42.97798340011124) (45.25577232789242,-43.10009291501741) (45.28365849183863,-43.22142479178394) (45.29999999999998,-43.29207050978971) (45.3278861639462,-43.41216904644089) (45.35577232789241,-43.53148994495243) (45.38365849183862,-43.65003320532434) (45.39999999999998,-43.71904477251398) (45.42788616394619,-43.83635469277054) (45.4557723278924,-43.95288697488746) (45.48365849183862,-44.06864161886475) (45.49999999999997,-44.13601903523826) (45.52788616394619,-44.25054033910019) (45.5557723278924,-44.36428400482249) (45.58365849183861,-44.47725003240516) (45.59999999999997,-44.54299329796252) (45.62788616394618,-44.65472598542984) (45.65577232789239,-44.76568103475752) (45.68365849183861,-44.87585844594557) (45.69999999999996,-44.9399675606868) (45.72788616394617,-45.04891163175949) (45.75577232789239,-45.15707806469256) (45.7836584918386,-45.26446685948598) (45.79999999999995,-45.32694182341108) (45.82788616394617,-45.43309727808915) (45.85577232789238,-45.53847509462759) (45.8836584918386,-45.64307527302639) (45.89999999999995,-45.70391608613535) (45.92788616394616,-45.8072829244188) (45.95577232789238,-45.90987212456262) (45.98365849183859,-46.0116836865668) (46,-46.07089034885963) (46.02788616394621,-46.17146857074846) (46.05577232789243,-46.27126915449765) (46.08365849183864,-46.37029210010721) (46.09999999999999,-46.4278646115839) (46.12788616394621,-46.52565421707811) (46.15577232789242,-46.62266618443267) (46.18365849183864,-46.71890051364761) (46.19999999999999,-46.77483887430817) (46.2278861639462,-46.86983986340775) (46.25577232789242,-46.96406321436771) (46.28365849183863,-47.05750892718802) (46.29999999999998,-47.11181313703243) (46.3279363349636,-47.20419001079517) (46.35594430056886,-47.29601929893745) (46.38406475001729,-47.38742662645749) (46.39999999999998,-47.43877477619432) (46.42843385826843,-47.52993927428318) (46.45702994458814,-47.62080617100817) (46.48581114062431,-47.71143291494705) (46.49999999999998,-47.75570046098182) (46.52906116485656,-47.84595187965672) (46.55821812051293,-47.93565065509469) (46.58745413103414,-48.02473789146731) (46.59999999999998,-48.06259972275229) (46.62935955371956,-48.15083309234508) (46.65876453573193,-48.23833833323081) (46.68821150405357,-48.3251013957387) (46.69999999999998,-48.35948762609757) (46.72952393635668,-48.44525776294813) (46.75907875309056,-48.53024412334646) (46.78866543767047,-48.61444674943274) (46.79999999999998,-48.64636877869292) (46.82965257005424,-48.72954353862378) (46.85933297402489,-48.81191544565407) (46.88904376534002,-48.89348895543998) (46.89999999999998,-48.92324435880259) (46.92977696147351,-49.00378663358607) (46.95958237568848,-49.08351750610856) (46.98941945718868,-49.16244283866288) (47,-49.19011453791764) (47.02990719532063,-49.26801446152607) (47.05984462806388,-49.34509689532909) (47.08981589827683,-49.42136817628193) (47.1,-49.44697920869092) (47.13004654302385,-49.52223325308048) (47.16012548118242,-49.59666369123521) (47.19024072646245,-49.6702770434913) (47.2,-49.69383821083878) (47.23019612697263,-49.76644277100832) (47.26042693071948,-49.83821680765836) (47.29069662737884,-49.90916692940569) (47.3,-49.93069140353731) (47.33035640600842,-50.00064083779218) (47.36074981830097,-50.06975178510238) (47.39118477183694,-50.13803090578422) (47.4,-50.15753869063889) (47.43052764853103,-50.22482472185997) (47.46109465970955,-50.29126317017298) (47.49170591076579,-50.35686072668794) (47.5,-50.37438003160917) (47.53071008351512,-50.43899155707916) (47.56146190935943,-50.50274523023215) (47.59226072504774,-50.56564775413527) (47.59999999999999,-50.58121544842311) (47.6309039491459,-50.64313846533173) (47.66185204561905,-50.70419215667032) (47.692849938614,-50.76438321606913) (47.7,-50.77804503163738) (47.73110950900924,-50.83726258822516) (47.76226559939724,-50.89559811140681) (47.79347435662162,-50.95305825951756) (47.8,-50.96486894668568) (47.83132705811133,-51.02136109124387) (47.86270316498521,-51.07695722544801) (47.89413488026048,-51.13166394088976) (47.90000000000001,-51.14168744078024) (47.9315569258324,-51.19543115974311) (47.96316540559334,-51.24826358276895) (47.99483251463813,-51.30019119671272) (48,-51.30850085060541) (48.03179947808996,-51.35946999269918) (48.06365305756932,-51.40951119957112) (48.09556837501868,-51.45863080782045) (48.1,-51.46530961093906) (48.1320551194507,-51.51347479599206) (48.16416693459593,-51.56069400184256) (48.19634369313929,-51.60697336070572) (48.2,-51.61211426433312) (48.23232429544337,-51.65744277573187) (48.26470793231567,-51.70180580195822) (48.297159824204,-51.74520920688148) (48.3,-51.74891547199639) (48.33260749517277,-51.79137113175542) (48.36527703356411,-51.83284027438021) (48.39801825480574,-51.87332842020322) (48.4,-51.87571402604233) (48.43290525429076,-51.91525705130608) (48.4658753143169,-51.95379093030242) (48.49892061192779,-51.99132075180864) (48.5,-51.99251086328811) (48.53321815836922,-52.02909770287724) (48.56650395043924,-52.0646510910036) (48.59986867315594,-52.09917558220848) (48.63354684672262,-52.13289023019377) (48.66716422533076,-52.16541385963399) (48.7,-52.19607474417247) (48.7337923885351,-52.22651616477292) (48.76768306280485,-52.25589754695856) (48.8,-52.28281593876125) (48.83410684018286,-52.31011921994646) (48.86832692650888,-52.33634214287004) (48.90000000000001,-52.35952568019398) (48.93446104215897,-52.38365419752311) (48.96904498655002,-52.40667271784679) (49,-52.42620138312876) (49.03484311744196,-52.44709979288832) (49.06981667305237,-52.46685328802714) (49.1,-52.48284149766233) (49.13524856811507,-52.50044394264236) (49.170634356962,-52.51686275891768) (49.2,-52.52944494000696) (49.23567608982811,-52.54367801967655) (49.27149602490842,-52.55668541907819) (49.3,-52.56601085915344) (49.33612579694655,-52.57679452506155) (49.37240217313892,-52.5863071638864) (49.40000000000001,-52.59253854583624) (49.43659847170076,-52.59978616032627) (49.47335449479987,-52.60571396956804) (49.5,-52.60902740243988) (49.53709525023656,-52.61264544109538) (49.57435533277626,-52.61489124271175) (49.6,-52.61547693989574) (49.63761749596451,-52.61536451995958) (49.67540746100686,-52.61382350314145) (49.7,-52.61188678759851) (49.73816675395202,-52.60793508741448) (49.77651400821481,-52.60249418672321) (49.8,-52.59825671081381) (49.83874474118278,-52.59034829904305) (49.87767844498678,-52.58088548373389) (49.90000000000001,-52.57458663365656) (49.93935335359566,-52.56259470820974) (49.97890460084498,-52.54897817858719) (50,-52.54087666731596)
tp[Y]:
[0]: (0,0) (0,-0.40495) (0.1,-0.40495) (0.1834023877495533,-0.4035406973276081) (0.2,-0.4029707600631454) (0.2881511581544831,-0.3934141585685205) (0.3,-0.3910663606318737) (0.3909401963991428,-0.3718597399219421) (0.4000000000000001,-0.369114113491901) (0.4925476322084053,-0.3401644738346022) (0.5000000000000001,-0.3371397193356929) (0.5934642688861814,-0.2984712487277297) (0.6000000000000001,-0.2951544602057455) (0.6939838609885545,-0.2468238021736727) (0.7000000000000001,-0.2431636089882191) (0.7942773999001672,-0.185226586189803) (0.8,-0.1811697793948247) (0.8944429182484911,-0.1136711154595696) (0.9,-0.109174327865642) (0.9945361499886156,-0.03214660213080614) (1,-0.02717798098445182) (1.094588633282164,0.0593563356063877) (1.1,0.06481886414131503) (1.194618167938077,0.1608448117914297) (1.2,0.166815987821049) (1.294634785234478,0.2723238511063127) (1.3,0.2788132676462616) (1.394640127128087,0.3937916048531118) (1.4,0.4008105761033449) (1.494640127128087,0.5252529260230038) (1.5,0.5328078845604282) (1.594640127128087,0.6667142471928957) (1.6,0.6748051930175115) (1.694640127128087,0.8181755683627877) (1.7,0.8268025014745948) (1.794640127128087,0.9796368895326797) (1.8,0.9887475599116045) (1.88489175784355,1.133500921175388) (1.9,1.160545337624833) (1.98489175784355,1.313787874672971) (2,1.342208502552904) (2.075981867218093,1.486288528202262) (2.1,1.533657668544862) (2.175981867218093,1.685335880916029) (2.2,1.734916583653935) (2.268060731773837,1.877049245811336) (2.3,1.945922503493398) (2.368060731773837,2.094861238828183) (2.4,2.166707007316588) (2.461128324471759,2.306164475491582) (2.5,2.397222036852501) (2.561128324471759,2.542792337474672) (2.600000000000001,2.637737066388415) (2.654930637693977,2.773700886687509) (2.700000000000001,2.887731855664029) (2.754930637693977,3.025373596621249) (2.800000000000001,3.137651022272711) (2.854930637693977,3.274623574015561) (2.900000000000001,3.386994485461074) (2.954930637693977,3.523899322047823) (3,3.636180980530039) (3.054930637693976,3.772943390164138) (3.1,3.885074536478725) (3.154930637693976,4.021619851616262) (3.2,4.133539226069938) (3.254930637693976,4.269792741774435) (3.3,4.38143901719741) (3.354930637693976,4.517325909274711) (3.4,4.628637623671335) (3.454930637693976,4.764082866179626) (3.5,4.874998354682909) (3.554930637693976,5.009926636405826) (3.600000000000001,5.12038396219361) (3.654930637693977,5.254719601652631) (3.700000000000001,5.364656485471476) (3.754930637693977,5.49832334403726) (3.800000000000001,5.607677091964274) (3.854930637693977,5.740598484604849) (3.900000000000001,5.849305913657442) (3.954930637693977,5.981404516833823) (4,6.089401878012326) (4.054930637693976,6.220599634198626) (4.1,6.32782253251629) (4.154930637693975,6.458040550781011) (4.199999999999999,6.564423861799566) (4.254930637693975,6.693582313836648) (4.299999999999999,6.799060096182399) (4.354930637693974,6.927078107123741) (4.399999999999999,7.031583510408375) (4.454930637693974,7.158379043682554) (4.499999999999998,7.261844211193038) (4.554930637693974,7.387333946616418) (4.599999999999998,7.489689912068339) (4.654930637693973,7.613789116262659) (4.699999999999998,7.714965693829304) (4.754930637693973,7.837588081951964) (4.799999999999997,7.937513748685299) (4.854930637693973,8.058571336332108) (4.899999999999997,8.157173105979062) (4.954930637693972,8.276576049970757) (5,8.373779337055776) (5.054930637693976,8.491435763645041) (5.1,8.587164236533907) (5.154930637693975,8.702980055363813) (5.199999999999999,8.79715547683969) (5.254930637693975,8.911034178741124) (5.299999999999999,9.003576232405772) (5.354930637693974,9.115418668832769) (5.399999999999999,9.206244769386936) (5.454930637693974,9.315948910945179) (5.499999999999998,9.404973996093222) (5.554930637693974,9.512434667206209) (5.599999999999998,9.599570968560048) (5.654930637693973,9.704679554824315) (5.699999999999998,9.789836344736692) (5.754930637693973,9.892480468922676) (5.799999999999997,9.975563779641542) (5.849299458664926,10.06550216780164) (5.898598917329855,10.15427497750122) (5.899999999999997,10.15676476089422) (5.949299458664925,10.24428438000079) (5.998598917329854,10.33058393406635) (6,10.33300187943299) (6.049299458664929,10.41798991416966) (6.098598917329857,10.50170110362928) (6.1,10.504047590528) (6.144250843693148,10.57807708346012) (6.188501687386296,10.65103007227206) (6.199999999999999,10.66970673968864) (6.244250843693147,10.74125346389334) (6.288501687386296,10.81167364653945) (6.299999999999999,10.82967917775352) (6.344250843693147,10.89862755824608) (6.388501687386295,10.96639686155781) (6.399999999999999,10.98369992683674) (6.43980032761041,11.04337920880345) (6.479600655220821,11.10205991028063) (6.499999999999998,11.13162442756651) (6.53980032761041,11.18874747869719) (6.579600655220821,11.24482469405472) (6.599999999999998,11.27303059468961) (6.639800327610409,11.32747587431369) (6.67960065522082,11.38082525310153) (6.699999999999998,11.40760736211027) (6.739800327610409,11.45924591843491) (6.77960065522082,11.50973534764775) (6.799999999999997,11.53508405871763) (6.835764219564775,11.57895041677584) (6.871528439129552,11.62184303055934) (6.899999999999997,11.65521425071634) (6.935764219564774,11.69630879167134) (6.971528439129552,11.73638044851235) (7,11.76746681145113) (7.035764219564777,11.80564839222503) (7.071528439129555,11.84275420541302) (7.1,11.87143738790683) (7.135764219564777,11.90655383725378) (7.171528439129554,11.94053733127851) (7.199999999999999,11.96678009860774) (7.232165312829523,11.99556600336401) (7.264330625659047,12.02338520808525) (7.296495938488571,12.05023771277146) (7.299999999999998,12.0530576900635) (7.332165312829522,12.07878319307637) (7.364330625659046,12.10348700588618) (7.39649593848857,12.12716912849293) (7.399999999999997,12.12963773650675) (7.432165312829521,12.15217394971221) (7.464330625659045,12.17367555556824) (7.496495938488569,12.19414255407485) (7.499999999999996,12.196259502052) (7.53216531282952,12.21557918397451) (7.564330625659044,12.23386425854759) (7.596495938488568,12.25111472577125) (7.599999999999994,12.25288126759725) (7.632165312829518,12.2689844182368) (7.661101308616477,12.28263356093392) (7.690037304403435,12.29544541177886) (7.699999999999993,12.29956826578486) (7.728935995786951,12.3112545442598) (7.75787199157391,12.32210353088257) (7.786807987360868,12.33211522565315) (7.799999999999993,12.3362978651637) (7.828935995786951,12.34509054405995) (7.857871991573909,12.35304593110402) (7.886807987360868,12.3601640262959) (7.899999999999992,12.36302746454255) (7.928935995786951,12.3689265438601) (7.957871991573909,12.37398833132547) (7.986807987360868,12.37821282693866) (8,12.3797570639214) (8.028935995786959,12.38276254366026) (8.057871991573919,12.38493073154693) (8.086807987360878,12.38626162758142) (8.100000000000001,12.38648666330024) (8.128935995786961,12.38659854346041) (8.15787199157392,12.38587313176838) (8.186807987360879,12.38431042822418) (8.200000000000003,12.38321626267909) (8.228935995786962,12.38043454326056) (8.257871991573921,12.37681553198984) (8.286807987360881,12.37235922886694) (8.300000000000004,12.36994586205794) (8.328935995786964,12.36427054306071) (8.357871991573923,12.35775793221129) (8.386807987360882,12.3504080295097) (8.400000000000006,12.34671377244265) (8.426031889573872,12.3390804564633) (8.452063779147739,12.33076948120916) (8.478095668721606,12.32178084668024) (8.500000000000004,12.31364721884235) (8.52603188957387,12.30341071390562) (8.552063779147737,12.29249654969409) (8.578095668721604,12.28090472620778) (8.600000000000001,12.27058066524206) (8.626031889573868,12.25774097134793) (8.652063779147735,12.24422361817902) (8.678095668721602,12.23002860573532) (8.699999999999999,12.21751411164176) (8.726031889573866,12.20207122879025) (8.752063779147733,12.18595068666395) (8.778095668721599,12.16915248526286) (8.799999999999997,12.15444755804146) (8.826031889573864,12.13640148623256) (8.852063779147731,12.11767775514888) (8.878095668721597,12.0982763647904) (8.899999999999995,12.08138100444116) (8.926031889573862,12.06073174367487) (8.952063779147728,12.0394048236338) (8.978095668721595,12.01740024431795) (9,11.99831445084086) (9.026031889573867,11.97506200111719) (9.052063779147733,11.95113189211873) (9.0780956687216,11.92652412384549) (9.099999999999998,11.90524789724056) (9.126031889573865,11.8793922585595) (9.152063779147731,11.85285896060366) (9.178095668721598,11.82564800337303) (9.199999999999996,11.80218134364026) (9.226031889573862,11.77372251600182) (9.252063779147729,11.74458602908859) (9.278095668721596,11.71477188290057) (9.299999999999994,11.68911479003996) (9.32603188957386,11.65805277344413) (9.352063779147727,11.62631309757351) (9.378095668721594,11.59389576242811) (9.399999999999991,11.56604823643966) (9.426031889573858,11.53238303088645) (9.452063779147725,11.49804016605844) (9.478095668721592,11.46301964195565) (9.499999999999989,11.43298168283937) (9.526031889573856,11.39671328832876) (9.552063779147723,11.35976723454337) (9.578095668721589,11.32214352148319) (9.599999999999987,11.28991512923907) (9.626031889573854,11.25104354577107) (9.652063779147721,11.2114943030283) (9.678095668721587,11.17126740101073) (9.699999999999985,11.13684857563877) (9.726031889573852,11.09537380321339) (9.752063779147718,11.05322137151322) (9.778095668721585,11.01039128053827) (9.799999999999983,10.97378202203847) (9.82603188957385,10.92970406065571) (9.852063779147716,10.88494843999815) (9.878095668721583,10.83951516006582) (9.899999999999981,10.80071546843817) (9.926031889573848,10.75403431809802) (9.952063779147714,10.70667550848308) (9.978095668721581,10.65863903959336) (10,10.61764891483787) (10.02603188957387,10.56836457554033) (10.05206377914773,10.51840257696801) (10.0780956687216,10.4677629191209) (10.1,10.42458236123758) (10.12603188957386,10.37269483298265) (10.15206377914773,10.32012964545294) (10.1780956687216,10.26688679864844) (10.2,10.22151580763728) (10.22603188957386,10.16702509042497) (10.25206377914773,10.11185671393787) (10.2780956687216,10.05601067817598) (10.29999999999999,10.00844925403698) (10.32603188957386,9.951355347867281) (10.35206377914773,9.893583782422796) (10.37809566872159,9.835134557703526) (10.39999999999999,9.785382700436683) (10.42603188957386,9.725694702802645) (10.45206377914772,9.665338143386871) (10.47809566872159,9.604313022189359) (10.49999999999999,9.552401351854119) (10.52603188957386,9.490213506852077) (10.55206377914772,9.427425494163673) (10.57809566872159,9.364037313788907) (10.59999999999999,9.310194815344405) (10.62603188957385,9.245761399980738) (10.65206377914772,9.180787756066039) (10.67809566872159,9.115273883600306) (10.69999999999999,9.059693173377084) (10.72603188957385,8.993237601868431) (10.75206377914772,8.926294902434883) (10.77809566872159,8.858865075076437) (10.79999999999998,8.801716880600384) (10.82603188957385,8.733437523111235) (10.85206377914772,8.664718525500003) (10.87809566872158,8.59555988776669) (10.89999999999998,8.536996957472109) (10.92603188957385,8.46707156974418) (10.95206377914771,8.396749363787441) (10.97809566872158,8.326030339601893) (11,8.266190466396905) (11.02603188957387,8.194779623967968) (11.05206377914773,8.123010862911974) (11.0780956687216,8.050884183228924) (11.1,7.989892581007314) (11.12603188957386,7.91714238463455) (11.15206377914773,7.844069839420665) (11.1780956687216,7.770674945365658) (11.2,7.708646143931746) (11.22603188957386,7.63469038124992) (11.25206377914773,7.560444987869785) (11.2780956687216,7.485909963791338) (11.29999999999999,7.422949339232327) (11.32603188957386,7.347911233858725) (11.35206377914773,7.272613754691348) (11.37809566872159,7.197056901730195) (11.39999999999999,7.133261926632218) (11.42603188957386,7.057255569566167) (11.45206377914772,6.981017956459298) (11.47809566872159,6.90454908731161) (11.49999999999999,6.840010126232876) (11.52613437580638,6.762838221743923) (11.55236199414559,6.685182878801805) (11.57870798488465,6.606967069780342) (11.59999999999999,6.543584877268056) (11.62663797625964,6.464141731948359) (11.65343268194314,6.384040032520617) (11.68039721373,6.30323707844841) (11.69999999999999,6.244352951290087) (11.72733553762035,6.162122164666458) (11.75485420242453,6.079164757147571) (11.782567102664,5.995443582893433) (11.79999999999999,5.942665544552618) (11.8281293581399,5.857414338925016) (11.85645648613929,5.771403418980015) (11.88499408883607,5.684590697546126) (11.89999999999999,5.63885578296069) (11.92899062741845,5.550435755097817) (11.95819014676786,5.461234300717632) (11.98761443786204,5.371199645850378) (12,5.333239187276862) (12.02991337830373,5.241519792472558) (12.06004597555414,5.149000906921566) (12.09036869733972,5.055769323677541) (12.1,5.026115359418789) (12.13054517948881,4.932053512172033) (12.16115289610957,4.837693625281676) (12.1917990441299,4.74310953332693) (12.2,4.717770375227516) (12.23067306920356,4.622993834602386) (12.26134744548935,4.528132204493623) (12.29202182177513,4.433189523647108) (12.3,4.408474554413232) (12.33067437628579,4.313453565446035) (12.36134875257157,4.21837534905512) (12.39202312885736,4.123239905240488) (12.4,4.098485052358797) (12.43067437628579,4.003300374780182) (12.46134875257157,3.908081345428358) (12.49202312885736,3.812827964303324) (12.5,3.78804839063825) (12.53067437628579,3.69277374026194) (12.56134875257157,3.59748675381252) (12.59202312885736,3.502187431289989) (12.6,3.477401635747627) (12.63067437628579,3.382108003088207) (12.66134875257157,3.286823268287547) (12.69202312885736,3.191547431345647) (12.7,3.166773265111912) (12.73067437628579,3.071529162071961) (12.76134875257157,2.976314479045906) (12.79202312885736,2.881129216033747) (12.8,2.856383940335399) (12.83067437628579,2.761255621313853) (12.86134875257157,2.666176595608701) (12.89202312885736,2.571146863219941) (12.9,2.546447201310175) (12.93067437628579,2.451498862217359) (12.96134875257157,2.356619097694218) (12.99202312885736,2.261807907740752) (13,2.237170091878017) (13.03067437628579,2.142464049999205) (13.06134875257157,2.047845323379119) (13.09202312885736,1.953313912017761) (13.1,1.928753726090096) (13.13067964255398,1.834334394007882) (13.16136406293646,1.74000598910883) (13.19206063646798,1.645745938715707) (13.2,1.621393871814887) (13.23073616012462,1.527163495903268) (13.26148997290629,1.433002998823755) (13.2922671238033,1.33889523256505) (13.3,1.315281528733211) (13.33083567578082,1.221168298416934) (13.36169610577248,1.127121971250792) (13.39258675573151,1.033126283891707) (13.4,1.010603168002157) (13.43096253438701,0.9165838099016377) (13.46195507532121,0.8226343764047009) (13.49298336283279,0.7287379950540508) (13.5,0.707541117844397) (13.53111184371199,0.6136079110377746) (13.56225835289763,0.5197498707677444) (13.59344573137325,0.4259489746105544) (13.6,0.4062739383939635) (13.63128219600236,0.3124242800589716) (13.66260353375283,0.2186560988840455) (13.69397077854389,0.1249499733534008) (13.7,0.1069767576574482) (13.73147336301281,0.0132098538032146) (13.7629903034565,-0.0804685109850649) (13.79455822194082,-0.1740793247631413) (13.8,-0.1901784217605989) (13.83168556507592,-0.2838626084894166) (13.86341915898921,-0.3774504922015137) (13.89520888986288,-0.4709647805929028) (13.9,-0.4850224396909277) (13.93191924057438,-0.5786235252249928) (13.96389100594089,-0.6721198015295849) (13.99592419005902,-0.765535856915335) (14,-0.7773887158475545) (14.03217497548921,-0.8709060007237693) (14.06440703623953,-0.9643091540427493) (14.09670594981264,-1.05762482166564) (14.1,-1.067113005397479) (14.13245348497707,-1.160545506224927) (14.1649686973236,-1.253853646295418) (14.19755637746613,-1.347066325724285) (14.2,-1.354033170936433) (14.23275561268871,-1.447379626306838) (14.26557769276919,-1.540590481384499) (14.29847806613285,-1.633697109689354) (14.3,-1.637988969539719) (14.33308233701878,-1.731247835873404) (14.36623599548609,-1.824358735926305) (14.39947401468945,-1.91735576080408) (14.4,-1.9188218538682) (14.43343478098566,-2.011991296013234) (14.46694586774967,-2.104999149209035) (14.5,-2.196368635679684) (14.53370364184424,-2.289143420148445) (14.56751621303847,-2.381819232987187) (14.6,-2.470468542669265) (14.63405547132417,-2.563001662172097) (14.66823907322423,-2.65545718967653) (14.7,-2.740963037397277) (14.73445998414512,-2.833316339367015) (14.76906186614131,-2.925595222843389) (14.8,-3.007695038997467) (14.83490537389399,-3.099891701908009) (14.86996439486231,-3.192008481456551) (14.9,-3.270508316236511) (14.93538780831174,-3.362554852266852) (14.97094048419792,-3.454511318919657) (15,-3.529247120335517) (15.03590700505241,-3.621142611015715) (15.07199024372659,-3.712934644222275) (15.1,-3.783755927586715) (15.13646437065714,-3.87549588022409) (15.17311681747417,-3.967116269414285) (15.2,-4.033879233353688) (15.2370622310054,-4.125457161391502) (15.27432504635324,-4.216896722346101) (15.3,-4.279461371658464) (15.33770353130478,-4.370869405499899) (15.37562095494086,-4.462117363249818) (15.4,-4.520346349393626) (15.43839174212637,-4.611575427454673) (15.47701160155213,-4.702619472863699) (15.5,-4.756377691093403) (15.53913086040548,-4.847417561204701) (15.57850509754876,-4.938243749519311) (15.6,-4.987398293650001) (15.63992545959135,-5.078227869963034) (15.68011000429319,-5.168799552355426) (15.7,-5.213207099085276) (15.74078202397385,-5.303800536868187) (15.78184319509944,-5.394102445737667) (15.8,-5.43362680116468) (15.84171118899496,-5.523979955565038) (15.88372193977389,-5.613999260732907) (15.9,-5.648495524213298) (15.94271742123948,-5.738596036763467) (15.9857560088478,-5.828312346111954) (16,-5.85765039385694) (16.04380779960447,-5.947480990647961) (16.08796005391446,-6.036868501263104) (16.1,-6.060927463000629) (16.14499138820476,-6.150467098021076) (16.1903525678706,-6.239495080993118) (16.2,-6.258161715572609) (16.24627914987642,-6.347385743813839) (16.2929558071587,-6.436018219293308) (16.3,-6.449187156060976) (16.34768414269159,-6.537249574003584) (16.39572282088652,-6.623659028627819) (16.4,-6.631144687796929) (16.44935569499227,-6.717276035380476) (16.49930517823833,-6.801948660682475) (16.5,-6.803091241273756) (16.5517084683377,-6.888035943007534) (16.6,-6.964834774267796) (16.65340421433903,-7.04713420150916) (16.7,-7.116400707861744) (16.75583884272706,-7.196732227407041) (16.8,-7.257735050389117) (16.858889522854,-7.336386769159572) (16.9,-7.38880243233719) (16.96252830518021,-7.465833681676517) (17,-7.509579825103869) (17.06679157790531,-7.58489927094047) (17.1,-7.620054436730611) (17.17176907685377,-7.693452764374819) (17.2,-7.720224915054704) (17.27760541191193,-7.791378597727639) (17.3,-7.810106102847447) (17.38391572916438,-7.878124386488176) (17.4,-7.889770586089982) (17.48845594411508,-7.952221758614011) (17.5,-7.959333446328732) (17.59111692925552,-8.014309159026331) (17.6,-8.018851644349898) (17.69264875865652,-8.065344793627773) (17.70000000000001,-8.068349062401323) (17.79352170219208,-8.105846464225497) (17.8,-8.10783623862633) (17.89401634245636,-8.136083827290969) (17.9,-8.137318125026122) (17.99429572640551,-8.156193738370291) (18,-8.156797187416716) (18.09445324456708,-8.166244129344454) (18.1,-8.166274709679362) (18.19454196413781,-8.166267940947202) (18.2,-8.165751381004954) (18.2945919055127,-8.156280694096155) (18.3,-8.155227578560275) (18.39462000912852,-8.136289417797046) (18.4,-8.134703511166945) (18.49463582108158,-8.109115310275387) (18.5,-8.107316991566007) (18.59464471646633,-8.075278210617178) (18.59999999999999,-8.073120179287885) (18.69464972048767,-8.031775946521433) (18.7,-8.028932463561221) (18.79465253536596,-7.978121481247247) (18.79999999999999,-7.974744721489203) (18.89465411877178,-7.916490745195682) (18.9,-7.912808940418517) (18.99465500944918,-7.84520311050458) (19,-7.840879604642247) (19.09465551045892,-7.763807818420874) (19.1,-7.758950264179991) (19.19465579227807,-7.672412642588116) (19.2,-7.667020921082025) (19.2946559508017,-7.571017544476945) (19.3,-7.56509157650152) (19.39465603997137,-7.461987756472028) (19.4,-7.45579455968535) (19.49465606863306,-7.34335863345314) (19.5,-7.336505081585012) (19.59465606863306,-7.214603548489497) (19.6,-7.207215603484675) (19.69465606863306,-7.075848463525854) (19.70000000000001,-7.067926125384338) (19.79465606863306,-6.927093378562211) (19.80000000000001,-6.918636647284001) (19.89465606863306,-6.771209044336147) (19.90000000000001,-6.76254206384851) (19.99465606863307,-6.605810926000985) (20,-6.596511105281547) (20.08446228404722,-6.449073556888359) (20.1,-6.420638534843962) (20.18446228404722,-6.264754758046053) (20.2,-6.234907920169478) (20.27532607873033,-6.091181463074406) (20.3,-6.042944582840648) (20.37532607873034,-5.892386477304137) (20.40000000000001,-5.84140222967514) (20.46756983854355,-5.700114024135888) (20.50000000000001,-5.630111412631184) (20.56756983854356,-5.484007424808245) (20.60000000000001,-5.412751177101742) (20.66080977044003,-5.276432827823526) (20.70000000000001,-5.186196240889704) (20.76080977044003,-5.043796914567486) (20.80000000000001,-4.949641304677667) (20.86080977044003,-4.802926387850215) (20.90000000000001,-4.707253516117349) (20.95464412111221,-4.571309267718081) (21,-4.455993978834043) (21.0546441211122,-4.316119939691341) (21.1,-4.198816605068686) (21.1546441211122,-4.054751924889846) (21.2,-3.932696490628509) (21.24916416119286,-3.798432270483954) (21.29832832238571,-3.661750935593601) (21.29999999999999,-3.657021316318183) (21.34916416119285,-3.519223149652165) (21.39832832238571,-3.380390337838175) (21.39999999999999,-3.375634570809991) (21.44916416119285,-3.234349464292066) (21.49832832238571,-3.090647243028343) (21.49999999999999,-3.085678899887858) (21.54916416119285,-2.940957178766636) (21.59832832238571,-2.795298144415606) (21.59999999999999,-2.79031679858921) (21.64420209577693,-2.657376434078241) (21.68840419155386,-2.522482244296198) (21.69999999999999,-2.486582060359321) (21.74420209577692,-2.350498469395394) (21.78840419155386,-2.213738036285129) (21.79999999999998,-2.177683268084216) (21.84420209577692,-2.040108654449928) (21.88840419155386,-1.901897420466971) (21.89999999999998,-1.865472606356141) (21.94420209577692,-1.725140538559046) (21.98840419155386,-1.582854645490878) (22,-1.545015350435177) (22.04420209577694,-1.401662854071195) (22.08840419155388,-1.257756313446946) (22.1,-1.219859077108005) (22.14420209577694,-1.074018101293095) (22.18396496038994,-0.9413762062578774) (22.2,-0.8873023053635917) (22.239762864613,-0.753696676198327) (22.27952572922599,-0.6197111531202356) (22.3,-0.5505251435882546) (22.339762864613,-0.4159982352772176) (22.379525729226,-0.2811255526609767) (22.4,-0.2115003048928013) (22.439762864613,-0.07531266349954788) (22.479525729226,0.06201189424796139) (22.5,0.1333070018846562) (22.539762864613,0.2714933578770506) (22.579525729226,0.4099561032532991) (22.6,0.4813941809591129) (22.639762864613,0.6202410148530459) (22.679525729226,0.7593296217866625) (22.7,0.8310721371809239) (22.739762864613,0.9710811787382962) (22.779525729226,1.111886163720702) (22.8,1.184797805733442) (22.839762864613,1.326184379141783) (22.879525729226,1.467742702264399) (22.90000000000001,1.540720841951372) (22.93976286461301,1.682504390208855) (22.979525729226,1.824424728067458) (23,1.897571271237703) (23.039762864613,2.039995751282707) (23.079525729226,2.182853939269506) (23.1,2.256636276269521) (23.139762864613,2.399784233747577) (23.179525729226,2.542998640442468) (23.2,2.616775292834572) (23.239762864613,2.760055221474803) (23.279525729226,2.903366456737324) (23.3,2.977174871813735) (23.339762864613,3.12056272841386) (23.379525729226,3.264011086279055) (23.40000000000001,3.337905139660227) (23.43976286461301,3.481345629583979) (23.479525729226,3.624747098899214) (23.50000000000001,3.698565764184356) (23.53976286461301,3.841872961279604) (23.57952572922601,3.985105978231037) (23.60000000000001,4.058819801845551) (23.63976286461301,4.201904167406684) (23.67952572922601,4.344878077627154) (23.70000000000001,4.418439806325203) (23.73976286461301,4.561210681164622) (23.77952572922601,4.70383539511066) (23.80000000000001,4.777198934259057) (23.83976286461301,4.919566383260901) (23.87952572922601,5.061751826929164) (23.90000000000001,5.134870725066931) (23.93976286461301,5.276322573322843) (23.97952572922601,5.417134542414423) (24,5.489310462134001) (24.039762864613,5.629539662734373) (24.079525729226,5.769515574608153) (24.1,5.841460059680144) (24.139762864613,5.981016435678995) (24.179525729226,6.120283696536502) (24.2,6.191844843218355) (24.239762864613,6.330638062523454) (24.279525729226,6.469106108365663) (24.3,6.54023716499653) (24.339762864613,6.678176263796429) (24.379525729226,6.815753850410447) (24.40000000000001,6.886407690110642) (24.43976286461301,7.023400949236605) (24.479525729226,7.159996026879182) (24.50000000000001,7.230125082159327) (24.53976286461301,7.366079898898454) (24.57952572922601,7.501599482102945) (24.60000000000001,7.571155676793366) (24.63976286461301,7.705978431301063) (24.67952572922601,7.840328462928407) (24.70000000000001,7.909263140961754) (24.73976286461301,8.042001828409596) (24.77952572922601,8.173372581109012) (24.80000000000001,8.240312247604814) (24.83976286461301,8.370431599227233) (24.87952572922601,8.500003912164876) (24.90000000000001,8.566440232270436) (24.93976286461301,8.695146120935457) (24.97952572922601,8.823267260661483) (25,8.888936940749348) (25.039762864613,9.016133970372753) (25.079525729226,9.142707982589656) (25.1,9.207561327465621) (25.139762864613,9.333152633433736) (25.179525729226,9.458082030640915) (25.2,9.522068522349107) (25.239762864613,9.64507601114417) (25.279525729226,9.766502414536999) (25.3,9.828211889330065) (25.339762864613,9.94808507848477) (25.379525729226,10.06721916905818) (25.40000000000001,10.12818185743402) (25.43976286461301,10.24615687256358) (25.479525729226,10.36335338101939) (25.50000000000001,10.42329809865111) (25.53976286461301,10.53927505372342) (25.57952572922601,10.6544333157776) (25.60000000000001,10.71330782895495) (25.63976286461301,10.82646345291706) (25.67952572922601,10.93803799147693) (25.70000000000001,10.99467464895207) (25.73976286461301,11.10453630588174) (25.77952572922601,11.21349919683803) (25.80000000000001,11.26914242519671) (25.83976286461301,11.37606144774758) (25.87952572922601,11.48139938489621) (25.90000000000001,11.53482475799218) (25.93976286461301,11.63836970172316) (25.97952572922601,11.74093576769332) (26,11.7932439607476) (26.039762864613,11.89428596104656) (26.079525729226,11.99430792898593) (26.1,12.045284951289) (26.139762864613,12.14320060962684) (26.179525729226,12.23953518256244) (26.2,12.28832463924321) (26.239762864613,12.38274294067541) (26.279525729226,12.47605908626105) (26.3,12.52354093178311) (26.33982460041096,12.61484756969152) (26.37972082408468,12.70472671098763) (26.4,12.74959850659768) (26.44046335934292,12.83870814239347) (26.48130744689961,12.92740643980615) (26.5,12.96742182576565) (26.54173670937735,13.0557321415346) (26.58385818466767,13.14308236124489) (26.6,13.17586886266527) (26.64320256740941,13.26289718825966) (26.68693245645597,13.34907546047056) (26.7,13.37424793958606) (26.74507736857823,13.4608144198531) (26.79080401590251,13.54690086805804) (26.8,13.56386083207185) (26.84720530277196,13.65014417916692) (26.8950047363005,13.73522871142552) (26.9,13.74387791914791) (26.94943872976435,13.82918930404798) (26.999584622929,13.91320635826332) (27,13.91388110533919) (27.05207677083708,13.99839963151829) (27.1,14.07364331580651) (27.15388731720603,14.15583850382242) (27.2,14.22383132783492) (27.25642934620631,14.30431871911449) (27.29999999999999,14.36394583850506) (27.35944136619193,14.44260621690624) (27.4,14.49379957935297) (27.46295948108602,14.57059812819094) (27.5,14.61338154765707) (27.56680942194792,14.68793813492822) (27.6,14.72269439948812) (27.67109921888136,14.79462330189854) (27.7,14.82174314908738) (27.7759462479454,14.89061290390156) (27.8,14.91053952061292) (27.88149024242476,14.9758358878165) (27.9,14.98910763166368) (27.98675060778978,15.04948761508946) (28,15.05753470172531) (28.09012461471348,15.11094651211367) (28.1,15.11589810175334) (28.19207983862111,15.16108064325674) (28.2,15.1642326416688) (28.29319823424502,15.20053991140824) (28.3,15.20255330049272) (28.39383329076899,15.22966505091095) (28.4,15.23086692385861) (28.49419240982448,15.2486293691787) (28.5,15.24917683939496) (28.59439501795038,15.25751886478981) (28.6,15.25748474918423) (28.69450917647952,15.25637515650012) (28.7,15.25579155619004) (28.79457345131232,15.24521778505802) (28.8,15.24409775096218) (28.89460962511356,15.22405555052238) (28.9,15.22240360391537) (28.99462997895681,15.19289216771701) (29,15.19070926540714) (29.09464142991788,15.1517290313691) (29.1,15.14901481945886) (29.19464787169239,15.1005665353594) (29.2,15.09732031315691) (29.29465149538323,15.03940468163913) (29.3,15.03562577293176) (29.39465353377031,14.9682433478422) (29.4,14.96393121363295) (29.49465468038233,14.88708239571714) (29.5,14.88223664360779) (29.59465532535769,14.79592170845934) (29.6,14.79054206754988) (29.69465568815826,14.69476119841144) (29.7,14.6888474880988) (29.79465589223419,14.58360080391815) (29.8,14.57715290673914) (29.89465595783012,14.46244054763115) (29.9,14.45545832502893) (29.99465595783012,14.33135106368531) (30,14.32384241923313) (30.09465595783012,14.19027355329001) (30.1,14.18222673876972) (30.19465595783011,14.03919227704358) (30.2,14.0306110583063) (30.29465595783011,13.87866062512432) (30.29999999999999,13.86965567455491) (30.38496508985031,13.72561664232795) (30.39999999999999,13.69885092092782) (30.48496508985031,13.54631537971583) (30.49999999999999,13.51817913597997) (30.57612109424862,13.37529462299499) (30.59999999999999,13.32887811101839) (30.67612109424863,13.1786050083687) (30.69999999999999,13.12983355055553) (30.76831725354812,12.98866767266325) (30.79999999999999,12.92103623719893) (30.86831725354812,12.77393417658219) (30.89999999999999,12.70414055841704) (30.96146429372839,12.56648684307001) (31,12.47784235451865) (31.0614642937284,12.33497824516706) (31.1,12.24360904125609) (31.1614642937284,12.09535626871244) (31.2,12.00038631694434) (31.25520167655704,11.86305652462285) (31.3,11.74985405610906) (31.35520167655704,11.60800596367602) (31.40000000000001,11.49064730940417) (31.45520167655704,11.34455220490346) (31.50000000000001,11.22452778880866) (31.54965039062123,11.08954388786764) (31.59930078124246,10.95244183780904) (31.6,10.95048122131691) (31.64965039062123,10.81185897315426) (31.69930078124246,10.67174635645337) (31.7,10.66975218355433) (31.74965039062123,10.52763071248427) (31.79930078124246,10.38352137567422) (31.8,10.3814639114092) (31.84965039062123,10.23596941931751) (31.89431751615856,10.10397938218185) (31.9,10.08704807299602) (31.94466712553733,9.953424744887037) (31.98933425107466,9.818307863018298) (32,9.785687617379775) (32.04466712553733,9.649225213329046) (32.08933425107466,9.511773922299879) (32.09999999999999,9.478716765340584) (32.14466712553732,9.340094587741943) (32.18933425107465,9.200537652944158) (32.19999999999999,9.166990629380201) (32.24466712553732,9.025911206318657) (32.28933425107465,8.883532499094184) (32.29999999999998,8.849224641496452) (32.34466712553731,8.705710703573745) (32.38933425107464,8.561371781884919) (32.39999999999998,8.526709113312037) (32.44466712553731,8.381015551813356) (32.48483250874011,8.249069544091453) (32.49999999999997,8.198889825679625) (32.54016538320277,8.066012849856886) (32.58033076640557,7.932558386940858) (32.59999999999997,7.86692212198765) (32.64016538320276,7.732651722408553) (32.68033076640556,7.59784818512484) (32.69999999999996,7.53157298837658) (32.74016538320276,7.395759032666139) (32.78033076640556,7.259195739320782) (32.79999999999995,7.191952904848726) (32.84016538320275,7.054578879308174) (32.88033076640555,6.916761076791247) (32.89999999999995,6.849053536433588) (32.94016538320275,6.710618954132786) (32.98033076640554,6.571784912345243) (33,6.50360141595228) (33.0401653832028,6.364024951251263) (33.08033076640559,6.223901681388419) (33.09999999999999,6.155014686051373) (33.14016538320279,6.014313234716119) (33.18033076640559,5.873301375737583) (33.19999999999999,5.804094998190043) (33.24016538320279,5.662664957116167) (33.28033076640558,5.520968742466685) (33.29999999999998,5.451448893458411) (33.34016538320278,5.309290432418527) (33.38033076640558,5.16680007181473) (33.39999999999998,5.096859138261705) (33.44016538320277,4.954028700164121) (33.48033076640557,4.811020717817348) (33.49999999999997,4.740901890474583) (33.54016538320277,4.597673509952236) (33.58033076640557,4.45431167575807) (33.59999999999997,4.384041156428505) (33.64016538320276,4.240505381449499) (33.68033076640556,4.096861018764246) (33.69999999999996,4.026464320521429) (33.74016538320276,3.882721407432898) (33.78033076640556,3.73893312000439) (33.79999999999995,3.668496896907058) (33.84016538320275,3.524684895740944) (33.88033076640555,3.380871400928782) (33.89999999999995,3.3104443222656) (33.94016538320275,3.166672446124301) (33.98033076640554,3.022942920101462) (34,2.952578432026919) (34.0401653832028,2.808957325989181) (34.08033076640559,2.665423900824744) (34.09999999999999,2.595177643286531) (34.14016538320279,2.451819431331928) (34.18033076640559,2.308593494727709) (34.19999999999999,2.238519654404348) (34.24016538320279,2.095535532472879) (34.28033076640558,1.95272844916678) (34.29999999999998,1.882881644712307) (34.34016538320278,1.740383299720419) (34.38033076640558,1.598106996146062) (34.39999999999998,1.528542155911999) (34.44016538320277,1.386641943556204) (34.48033076640557,1.245009087379968) (34.49999999999997,1.175781538184572) (34.54016538320277,1.034592665599938) (34.58033076640557,0.8937168506520347) (34.59999999999997,0.8248824094550768) (34.64016538320276,0.6845191241080033) (34.68033076640556,0.5445150621240412) (34.69999999999996,0.476130131318892) (34.74016538320276,0.3367079176159522) (34.78033076640556,0.1976916383180005) (34.79999999999995,0.1298133054129139) (34.84016538320275,-0.008260282799864009) (34.88033076640555,-0.145589968486148) (34.89999999999995,-0.2124768611389404) (34.94016538320275,-0.3489427035359134) (34.98033076640554,-0.4849089962565902) (35,-0.5512478881267097) (35.0401653832028,-0.6864223933448156) (35.08033076640559,-0.8210497435894484) (35.09999999999999,-0.8867096345421964) (35.14016538320279,-1.020473545175333) (35.18033076640559,-1.153641961331001) (35.19999999999999,-1.218563731194728) (35.24016538320279,-1.35079586394435) (35.28033076640558,-1.482383330572452) (35.29999999999998,-1.546506820137199) (35.34016538320278,-1.67708381505871) (35.38033076640558,-1.806966035212721) (35.39999999999998,-1.870229916648663) (35.44016538320277,-1.999025968027626) (35.48033076640557,-2.127076086080768) (35.49999999999997,-2.189417723263798) (35.54016538320277,-2.316304289170786) (35.58033076640557,-2.442392591039474) (35.59999999999997,-2.503747888179159) (35.64016538320276,-2.628593375312258) (35.68033076640556,-2.752586962487304) (35.69999999999996,-2.812890199203608) (35.74016538320276,-2.935559619095097) (35.78033076640556,-3.057322052318222) (35.79999999999995,-3.116505703011623) (35.84016538320275,-3.236860295028749) (35.88033076640555,-3.356251202753727) (35.89999999999995,-3.414245737746092) (35.94016538320275,-3.531942619706099) (35.98033076640554,-3.648417397987816) (36,-3.704857337019599) (36.0401653832028,-3.81965473599841) (36.08033076640559,-3.933373227313524) (36.09999999999999,-3.988533519738202) (36.14016538320279,-4.100584662653334) (36.18033076640559,-4.211496804844314) (36.19999999999999,-4.265253383015132) (36.24016538320279,-4.374406550410457) (36.28033076640558,-4.482358518624875) (36.29999999999998,-4.534635022546182) (36.34016538320278,-4.640692994825034) (36.38033076640558,-4.745445205747421) (36.39999999999998,-4.79610356423363) (36.44016538320277,-4.898888034023313) (36.48033076640557,-5.000344201995714) (36.49999999999997,-5.049377429906671) (36.54016538320277,-5.148787945962487) (36.58033076640557,-5.246803287618542) (36.59999999999997,-5.294118773944128) (36.64016538320276,-5.390107554049739) (36.68033076640556,-5.48475299803401) (36.69999999999996,-5.530443610398886) (36.74016538320276,-5.622898858888971) (36.78033076640556,-5.71382175179226) (36.79999999999995,-5.757594543456929) (36.84054793853701,-5.846990179071182) (36.88136869047068,-5.935329497475085) (36.89999999999995,-5.974885262626391) (36.94169370736256,-6.063882987198449) (36.98394364090176,-6.153597796228793) (37,-6.187512261509429) (37.04262824461915,-6.277314987487388) (37.08525648923829,-6.36658260972769) (37.1,-6.397271859382363) (37.14262824461915,-6.485759758806968) (37.18525648923829,-6.573653007726154) (37.2,-6.603846318210667) (37.24262824461915,-6.690876169971471) (37.28525648923829,-6.777248291877447) (37.3,-6.806893684807187) (37.34262824461915,-6.892313489770717) (37.38525648923829,-6.977008461876111) (37.40000000000001,-7.006050583190633) (37.44262824461915,-7.089698320772446) (37.4852564892383,-7.172549516326696) (37.50000000000001,-7.200929142983333) (37.54262824461915,-7.282631290034644) (37.5852564892383,-7.363459882590814) (37.60000000000001,-7.391113331017737) (37.64262824461915,-7.470683081192564) (37.6852564892383,-7.549296118717525) (37.70000000000001,-7.576154528481755) (37.74262824461915,-7.653389629778534) (37.7852564892383,-7.729577685864935) (37.80000000000001,-7.755566142870244) (37.84262824461916,-7.830246242136814) (37.8852564892383,-7.903780518245521) (37.90000000000001,-7.928816968717259) (37.94262824461916,-8.000700310332713) (37.9852564892383,-8.071329014703602) (38,-8.09532290219296) (38.04262824461915,-8.1641421670905) (38.08525648923829,-8.231585924474183) (38.1,-8.254436453780889) (38.14262824461915,-8.31989343322604) (38.18525648923829,-8.383839371184269) (38.2,-8.405486355803669) (38.23829733540117,-8.461122452177445) (38.27659467080234,-8.515414950208564) (38.3,-8.547774549509167) (38.33829733540117,-8.599779224578267) (38.37659467080234,-8.650317213748536) (38.40000000000001,-8.6803070288413) (38.43829733540117,-8.728481970370282) (38.47659467080234,-8.775190226000435) (38.50000000000001,-8.802839508173431) (38.53829733540118,-8.847184716162296) (38.57659467080234,-8.890063238252333) (38.60000000000001,-8.915462429776678) (38.63443316112058,-8.952022977006314) (38.66886632224116,-8.987397881651194) (38.70000000000002,-9.018311031450766) (38.73443316112059,-9.051428262568345) (38.76886632224117,-9.083359851101168) (38.80000000000003,-9.111159633124853) (38.8344331611206,-9.140833548130374) (38.86886632224117,-9.16932182055114) (38.90000000000003,-9.19400823479894) (38.93443316112061,-9.220238833692404) (38.96886632224118,-9.245283790001114) (39,-9.266856836473028) (39.03443316112057,-9.289644119254435) (39.06886632224115,-9.311245759451086) (39.10000000000001,-9.329705438147116) (39.13443316112058,-9.349049404816466) (39.16886632224116,-9.367207728901061) (39.20000000000002,-9.382554039821205) (39.23443316112059,-9.398454690378497) (39.26886632224117,-9.413169698351034) (39.30000000000003,-9.425402641495291) (39.3344331611206,-9.437859975940526) (39.36886632224117,-9.449131667801007) (39.40000000000003,-9.458251243169379) (39.43443316112061,-9.467265261502558) (39.46886632224118,-9.47509363725098) (39.50000000000004,-9.481099844843467) (39.53443316112062,-9.487103235653983) (39.56886632224119,-9.49235367246914) (39.60000000000005,-9.496420193702763) (39.63443316112063,-9.499804184129625) (39.6688663222412,-9.502002531971732) (39.70000000000006,-9.502918196933095) (39.73443316112063,-9.5028588712479) (39.76886632224121,-9.501613902977951) (39.80000000000007,-9.499416200163429) (39.83443316112064,-9.495913558366176) (39.86886632224122,-9.491225273984169) (39.90000000000008,-9.485914203393762) (39.93443316112065,-9.478968245484452) (39.96886632224123,-9.470836644990388) (40,-9.462412206624094) (40.03443316112057,-9.452022932602727) (40.06886632224115,-9.440448015996605) (40.10000000000001,-9.428910209854426) (40.13443316112058,-9.415077619721002) (40.16886632224116,-9.400059387002823) (40.20000000000002,-9.385408213084759) (40.23443316112059,-9.368132306839279) (40.26886632224117,-9.349670758009042) (40.30000000000003,-9.331906216315092) (40.3344331611206,-9.311186993957554) (40.36886632224117,-9.289282129015261) (40.40000000000003,-9.268404219545426) (40.43443316112061,-9.244241681075831) (40.46886632224118,-9.21889350002148) (40.50000000000004,-9.194902222775758) (40.53443316112062,-9.167296368194105) (40.56886632224119,-9.138504871027697) (40.60000000000005,-9.11140022600609) (40.63443316112063,-9.080351055312381) (40.6688663222412,-9.048116242033915) (40.70000000000006,-9.017898229236422) (40.73443316112063,-8.983405742430655) (40.76886632224121,-8.947727613040133) (40.80000000000007,-8.914396232466755) (40.83443316112064,-8.876460429548931) (40.86886632224122,-8.837338984046351) (40.90000000000008,-8.800894235697088) (40.93443316112065,-8.759515116667206) (40.96886632224123,-8.716950355052569) (41,-8.677392238927419) (41.03443316112057,-8.632569803785481) (41.06886632224115,-8.586561726058788) (41.10000000000001,-8.543890242157753) (41.13443316112058,-8.495624490903756) (41.16886632224116,-8.446173097065005) (41.20000000000002,-8.400388245388084) (41.23443316112059,-8.348679178022032) (41.26886632224117,-8.295784468071224) (41.30000000000003,-8.246886248618418) (41.3344331611206,-8.191733865140309) (41.36886632224117,-8.135395839077443) (41.40000000000003,-8.083384251848752) (41.43443316112061,-8.024788552258585) (41.46886632224118,-7.965007210083662) (41.50000000000004,-7.909882255079085) (41.53443316112062,-7.84784323937686) (41.56886632224119,-7.78461858108988) (41.60000000000005,-7.726380258309417) (41.63443316112063,-7.660897926495135) (41.6688663222412,-7.594229952096098) (41.70000000000006,-7.53287826153975) (41.73443316112063,-7.463952613613411) (41.76886632224121,-7.393841323102317) (41.80000000000007,-7.329376264770083) (41.83443316112064,-7.257007300731686) (41.86886632224122,-7.183452694108535) (41.90000000000008,-7.115874268000415) (41.93443316112065,-7.040061987849962) (41.96886632224123,-6.963064065114754) (42,-6.892372271230749) (42.03443316112057,-6.813116674968239) (42.06886632224115,-6.732675436120973) (42.10000000000001,-6.658870274461082) (42.13443316112058,-6.576171362086514) (42.16886632224116,-6.492286807127191) (42.20000000000002,-6.415368277691415) (42.23443316112059,-6.330117442464591) (42.26886632224117,-6.244572357912813) (42.30000000000003,-6.166958392973755) (42.3344331611206,-6.080877843951308) (42.36886632224117,-5.994527883976537) (42.40000000000003,-5.916208627354241) (42.43443316112061,-5.829372389936562) (42.46886632224118,-5.74229347030515) (42.50000000000004,-5.663339272527192) (42.53443316112062,-5.575827160634749) (42.56886632224119,-5.488101284195557) (42.60000000000005,-5.408588269543818) (42.63443316112063,-5.320486818891636) (42.6688663222412,-5.232203075046798) (42.70000000000006,-5.152214105109246) (42.73443316112063,-5.063617718575594) (42.76886632224121,-4.974873514693962) (42.80000000000007,-4.894499379580279) (42.83443316112064,-4.805511749961392) (42.86886632224122,-4.716414347674829) (42.90000000000008,-4.635755257762117) (42.93443316112065,-4.54649115911037) (42.96886632224123,-4.45715961803211) (43,-4.376327099209317) (43.03443316112057,-4.286914676781167) (43.06886632224115,-4.197482352904651) (43.10000000000001,-4.116601694044275) (43.13443316112058,-4.027185442608226) (43.16886632224116,-3.937803258047663) (43.20000000000002,-3.857016730937156) (43.23443316112059,-3.767761445801983) (43.26886632224117,-3.678602257601546) (43.30000000000003,-3.598073444868831) (43.3344331611206,-3.509169585033384) (43.36886632224117,-3.420434164909597) (43.40000000000003,-3.340353924278462) (43.43443316112061,-3.252025091400416) (43.46886632224118,-3.163950546428348) (43.50000000000004,-3.084545475989956) (43.53443316112062,-2.997059184883108) (43.56542180093052,-2.918614811793182) (43.59641044074041,-2.840460665492812) (43.60000000000005,-2.831441323082622) (43.63098863980995,-2.753715854818158) (43.66197727961985,-2.676385446261522) (43.69296591942975,-2.599450097412714) (43.70000000000005,-2.582076293205905) (43.73098863980995,-2.505760508784119) (43.76197727961985,-2.429974614578678) (43.79296591942975,-2.35471861058958) (43.80000000000005,-2.337756604247636) (43.83098863980995,-2.263331980129209) (43.86197727961985,-2.189618456627569) (43.89296591942975,-2.116616033742716) (43.90000000000006,-2.100206698306012) (43.93098863980995,-2.026727661449064) (43.96197727961985,-1.952610598597333) (43.99296591942975,-1.877855509750818) (44,-1.860742101498838) (44.02788616394621,-1.792792999065614) (44.05577232789243,-1.724295986595426) (44.08365849183864,-1.655251064088274) (44.09999999999999,-1.614469124945093) (44.12788616394621,-1.544499946245149) (44.15577232789242,-1.473927590879808) (44.18365849183864,-1.402752058849071) (44.19999999999999,-1.360689179342532) (44.2278861639462,-1.288429519398738) (44.25577232789242,-1.215439197741806) (44.28365849183863,-1.141718214371734) (44.29999999999998,-1.098088973429881) (44.3278861639462,-1.023162178494403) (44.35577232789241,-0.9474577454192896) (44.38365849183862,-0.8709756742045414) (44.39999999999998,-0.8257008858401932) (44.42788616394619,-0.7483420455661844) (44.4557723278924,-0.6705621382086311) (44.48365849183862,-0.5923611637675331) (44.49999999999997,-0.5462880381947507) (44.52788616394619,-0.4670626770402268) (44.5557723278924,-0.3870596777460677) (44.58365849183861,-0.3062790403122734) (44.59999999999997,-0.2584852588341308) (44.62788616394618,-0.1764712812849853) (44.65577232789239,-0.09367966559620465) (44.68365849183861,-0.01011041176778873) (44.69999999999996,0.03931752052648913) (44.72788616394617,0.1241201144702562) (44.75577232789239,0.2097003465536585) (44.7836584918386,0.296058216776696) (44.79999999999995,0.3471202998871092) (44.82788616394617,0.4347115102254978) (44.85577232789238,0.5230803587035217) (44.8836584918386,0.6122268453211808) (44.89999999999995,0.6649230792477293) (44.92788616394616,0.7546110675039992) (44.95577232789238,0.8443848554231641) (44.98365849183859,0.9342444430052239) (45,0.9869531369143038) (45.02788616394621,1.076935236594179) (45.05577232789243,1.166989569104555) (45.08365849183864,1.257116134445432) (45.09999999999999,1.309973329121067) (45.12788616394621,1.400201454531258) (45.15577232789242,1.49048881101236) (45.18365849183864,1.580835398564374) (45.19999999999999,1.63381390882881) (45.2278861639462,1.724241954818946) (45.25577232789242,1.814716749380671) (45.28365849183863,1.905238292513985) (45.29999999999998,1.958312013263458) (45.3278861639462,2.048895695662027) (45.35577232789241,2.139514122300647) (45.38365849183862,2.230167293179318) (45.39999999999998,2.283311114176248) (45.42788616394619,2.374007826545872) (45.4557723278924,2.464727720012545) (45.48365849183862,2.55547079457627) (45.49999999999997,2.6086605237379) (45.52788616394619,2.69942920836529) (45.5557723278924,2.790209918753845) (45.58365849183861,2.881002654903565) (45.59999999999997,2.934214949026143) (45.62788616394618,3.025015980374165) (45.65577232789239,3.115818259731259) (45.68365849183861,3.206621787097425) (45.69999999999996,3.259834089110218) (45.72788616394617,3.350629168218153) (45.75577232789239,3.441415067724869) (45.7836584918386,3.532191787630367) (45.79999999999995,3.585382269603045) (45.82788616394617,3.676134328136601) (45.85577232789238,3.766867104615663) (45.8836584918386,3.857580599040231) (45.89999999999995,3.910728110275249) (45.92788616394616,4.001401223108203) (45.95577232789238,4.092045253782896) (45.98365849183859,4.182660202299324) (46,4.235744221931795) (46.02788616394621,4.326303527292732) (46.05577232789243,4.416824231868278) (46.08365849183864,4.50730633565843) (46.09999999999999,4.560306929262636) (46.12788616394621,4.650718555608256) (46.15577232789242,4.741082324868698) (46.18365849183864,4.831398237043962) (46.19999999999999,4.884296016810631) (46.2278861639462,4.974527015695583) (46.25577232789242,5.064701145912978) (46.28365849183863,5.154818407462816) (46.29999999999998,5.207594495566544) (46.3279363349636,5.297774616730531) (46.35594430056886,5.388119739263317) (46.38406475001729,5.478760940693189) (46.39999999999998,5.530087322274497) (46.42843385826843,5.621623322257758) (46.45702994458814,5.713603528101724) (46.48581114062431,5.80610008289597) (46.49999999999998,5.851660827433675) (46.52906116485656,5.944928087417086) (46.55821812051293,6.038412482573945) (46.58745413103414,6.132059566448674) (46.59999999999998,6.172206717505989) (46.62935955371956,6.266109786528816) (46.65876453573193,6.3600572205191) (46.68821150405357,6.454037578141068) (46.69999999999998,6.491620130527147) (46.72952393635668,6.585694777820127) (46.75907875309056,6.679756862894819) (46.78866543767047,6.773809173150065) (46.79999999999998,6.809797659595208) (46.82965257005424,6.903896152178549) (46.85933297402489,6.997962180947596) (46.88904376534002,7.092003477736258) (46.89999999999998,7.126637726778686) (46.92977696147351,7.220713384393089) (46.95958237568848,7.314748336166113) (46.98941945718868,7.408752321531373) (47,7.442040660219718) (47.02990719532063,7.536078851979483) (47.05984462806388,7.630071663065328) (47.08981589827683,7.724029936781034) (47.1,7.755908639105764) (47.13004654302385,7.849904843628957) (47.16012548118242,7.943851977282083) (47.19024072646245,8.037761733245141) (47.2,8.068145599875628) (47.23019612697263,8.162098445275998) (47.26042693071948,8.255998681893548) (47.29069662737884,8.349858808165033) (47.3,8.378657133891679) (47.33035640600842,8.472566191835266) (47.36074981830097,8.566418977885263) (47.39118477183694,8.660228820699427) (47.4,8.687350386496608) (47.43052764853103,8.781215473682265) (47.46109465970955,8.875020398493682) (47.49170591076579,8.968779370120972) (47.5,8.994133960497727) (47.53071008351512,9.087954917859077) (47.56146190935943,9.181711547560827) (47.59226072504774,9.275419001122533) (47.59999999999999,9.298917824798295) (47.6309039491459,9.392694447909051) (47.66185204561905,9.486402272178552) (47.692849938614,9.58005746055291) (47.7,9.601613228136911) (47.73110950900924,9.695345245274082) (47.76226559939724,9.789003659419411) (47.79347435662162,9.882605720260997) (47.8,9.902132617671143) (47.83132705811133,9.99581968269675) (47.86270316498521,10.0894279804954) (47.89413488026048,10.18297592896866) (47.90000000000001,10.20038956209544) (47.9315569258324,10.29403125173989) (47.96316540559334,10.3875886212267) (47.99483251463813,10.48108134459575) (48,10.49629867899524) (48.03179947808996,10.58989449123589) (48.06365305756932,10.68340001094559) (48.09556837501868,10.77683626313147) (48.1,10.78977556616863) (48.1320551194507,10.88332491864966) (48.16416693459593,10.97677755349872) (48.19634369313929,11.07015594896597) (48.2,11.08073673668127) (48.23232429544337,11.17423896483266) (48.26470793231567,11.2676375613517) (48.297159824204,11.36095656807362) (48.3,11.36909955745512) (48.33260749517277,11.46255391219029) (48.36527703356411,11.55589719297737) (48.39801825480574,11.64915512434183) (48.4,11.65478219122671) (48.43290525429076,11.74818783616539) (48.4658753143169,11.84147439347371) (48.49892061192779,11.93466939901614) (48.5,11.93770354174562) (48.53321815836922,12.03105954992522) (48.56650395043924,12.12428783830271) (48.59986867315594,12.21741789314735) (48.6,12.21778320212019) (48.63354684672262,12.31108855215999) (48.66716422533076,12.4042568800501) (48.7,12.49493279444642) (48.7337923885351,12.58791325939667) (48.76768306280485,12.68081639725973) (48.8,12.76907286918512) (48.83410684018286,12.86187343844053) (48.86832692650888,12.95461832612674) (48.90000000000001,13.04012228302653) (48.93446104215897,13.13280282449903) (48.96904498655002,13.22543290677168) (49,13.30800093759388) (49.03484311744196,13.40058538135613) (49.06981667305237,13.49311721298812) (49.1,13.5726293570849) (49.13524856811507,13.66512635570679) (49.170634356962,13.75756498973357) (49.2,13.83392847821879) (49.23567608982811,13.92634010856396) (49.27149602490842,14.01868557274596) (49.3,14.0918195334044) (49.33612579694655,14.1841449609793) (49.37240217313892,14.27639497712862) (49.40000000000001,14.34622397514651) (49.43659847170076,14.4384609914345) (49.47335449479987,14.53061210716928) (49.5,14.5970634191649) (49.53709525023656,14.68920907916975) (49.57435533277626,14.78125712698249) (49.6,14.8442595965445) (49.63761749596451,14.93631047454594) (49.67540746100686,15.02825074413385) (49.7,15.08773431082992) (49.73816675395202,15.17968659298288) (49.77651400821481,15.2715138794752) (49.8,15.32740939843162) (49.83874474118278,15.4192589043473) (49.87767844498678,15.51096750068021) (49.90000000000001,15.56320669181479) (49.93935335359566,15.65494886376188) (49.97890460084498,15.74653252549055) (50,15.79504798547301)
tv[0]:
[0]: (0,0) (0.1,0) (0.2,0.1) (0.3,0.09653054473338522) (0.4000000000000001,0.0927723637367628) (0.5000000000000001,0.08872178279909851) (0.6000000000000001,0.08437332031659488) (0.7000000000000001,0.07971953252144012) (0.8,0.07475079529556319) (0.9,0.06945500806057775) (1,0.0638171984696185) (1.1,0.05781899710394988) (1.2,0.05143793738439371) (1.3,0.04464651468869481) (1.4,0.03741090554212848) (1.5,0.02968919447746609) (1.6,0.02142886756842329) (1.7,0.01256317893440365) (1.8,0.003005721738530827) (1.9,-0.007357962648646293) (2,-0.01868393527928373) (2.1,-0.03119306039134606) (2.2,-0.04521337232246739) (2.3,-0.06126493342329978) (2.4,-0.0802514424804444) (2.5,-0.1039777676108391) (2.600000000000001,-0.1370155922116731) (2.700000000000001,-0.1989826326559118) (2.800000000000001,-0.2989826326559118) (7.399999999999997,4.301017367344086) (7.499999999999996,4.396618242466008) (7.599999999999994,4.486637797177739) (7.699999999999993,4.571144126990921) (7.799999999999993,4.650192072333599) (7.899999999999992,4.723823759413895) (8,4.792068992866635) (8.100000000000001,4.854945546240348) (8.200000000000003,4.912459330502493) (8.300000000000004,4.96460444419518) (8.400000000000006,5.011363106238099) (8.500000000000004,5.052705492776044) (8.600000000000001,5.088589506087303) (8.699999999999999,5.118960238202081) (8.799999999999997,5.143749392392295) (8.899999999999995,5.162874550520915) (9,5.176238268413917) (9.099999999999998,5.183726976523687) (9.199999999999996,5.185209657227579) (9.299999999999994,5.180536262822758) (9.399999999999991,5.169535829208557) (9.499999999999989,5.152014228817999) (9.599999999999987,5.127751491798879) (9.699999999999985,5.096498605698577) (9.799999999999983,5.057973679521478) (9.899999999999981,5.011857325972277) (10,4.957787073099478) (10.1,4.895350559293829) (10.2,4.824077187692686) (10.29999999999999,4.743427808665801) (10.39999999999999,4.652781848974168) (16.3,-1.247218151025844) (16.4,-1.195357861010217) (16.5,-1.143241163696269) (16.6,-1.090876406211241) (16.7,-1.038271077696093) (16.8,-0.9854318955289521) (16.9,-0.932364877329487) (17,-0.8790754029995722) (17.1,-0.8255682681373417) (17.2,-0.7718477300073403) (17.3,-0.7179175471025647) (17.4,-0.6637810132183214) (17.5,-0.6094409874552097) (17.6,-0.5548999203843866) (17.70000000000001,-0.5001598751084189) (17.8,-0.4452225441529387) (17.9,-0.3900892628817618) (18,-0.3347610198213721) (18.1,-0.2792384641320574) (18.2,-0.2235219103769097) (18.3,-0.1676113406787289) (18.4,-0.1130745459183757) (18.59999999999999,0.0869254540816243) (18.7,0.1417758543704398) (18.79999999999999,0.1967138867423503) (18.9,0.09671388674235026) (19,0.1789944749645126) (19.1,0.2345317204957376) (19.2,0.2902661509318212) (19.3,0.3462010365846526) (19.4,0.2462010365846525) (19.5,0.3028082997346868) (19.6,0.3597628409024575) (19.70000000000001,0.4170731402894104) (19.80000000000001,0.4747486908451549) (19.90000000000001,0.3747486908451548) (20,0.4334627873584545) (20.1,0.4927218563246675) (20.2,0.5525455577312161) (20.3,0.4525455577312161) (20.40000000000001,0.5138515465390929) (20.50000000000001,0.5759515304475471) (20.60000000000001,0.4759515304475471) (20.70000000000001,0.5400493387959194) (20.80000000000001,0.6052355731998493) (20.90000000000001,0.5052355731998494) (21,0.5731020499811478) (21.1,0.4731020499811478) (21.2,0.5443640821474228) (21.29999999999999,0.6175304169236363) (21.39999999999999,0.5175304169236364) (21.49999999999999,0.5953372479476179) (21.59999999999999,0.4953372479476179) (21.69999999999999,0.5791176825842509) (21.89999999999998,0.3791176825842509) (22,0.4758048038021485) (22.1,0.3758048038021485) (22.2,0.4758048038021485) (22.4,0.2758048038021486) (22.5,0.3758048038021485) (22.7,0.1758048038021486) (22.8,0.2758048038021485) (23,0.07580480380214849) (23.1,0.1758048038021485) (23.3,-0.0241951961978515) (23.40000000000001,0.0758048038021485) (23.90000000000001,-0.4241951961978515) (24,-0.3241951961978515) (24.70000000000001,-1.024195196197852) (24.80000000000001,-0.9241951961978518) (25.2,-1.324195196197852) (25.3,-1.228432768368564) (25.60000000000001,-1.528432768368564) (25.70000000000001,-1.440029100799265) (25.80000000000001,-1.540029100799265) (25.90000000000001,-1.45616145190957) (26.1,-1.65616145190957) (26.2,-1.571966838715495) (26.3,-1.671966838715495) (26.4,-1.588452223754027) (26.5,-1.688452223754027) (26.6,-1.605218593195392) (26.7,-1.522093827431102) (26.8,-1.622093827431102) (26.9,-1.538887126410008) (27,-1.455620910125893) (27.1,-1.374051759906751) (27.2,-1.474051759906751) (27.29999999999999,-1.390321006107798) (27.4,-1.306378637647248) (27.5,-1.22222957222503) (27.6,-1.137878192792417) (27.7,-1.053328389348076) (27.8,-0.9685835947732497) (27.9,-0.8836468155515368) (28,-0.7985206580939744) (28.1,-0.7132073519958947) (28.2,-0.6277087694260205) (28.3,-0.5420264405306733) (28.4,-0.4561615655483178) (28.5,-0.3701150240529491) (28.6,-0.2838873815649854) (28.7,-0.1974788936733772) (28.8,-0.1108895077507259) (28.9,-0.02570177720110781) (29,0.05966626908011204) (29.1,0.1452156129486625) (29.2,0.2309475587321746) (29.3,0.138381954548894) (29.4,0.2247953659148013) (29.5,0.3115558764821715) (29.6,0.3986685112411689) (29.7,0.3021990514517063) (29.8,0.3903657641529654) (29.9,0.4790754004843086) (30,0.3790754004843085) (30.1,0.4692616092405879) (30.2,0.5602154545382887) (30.29999999999999,0.4602154545382887) (30.39999999999999,0.5531380417042531) (30.49999999999999,0.6470951683638085) (30.59999999999999,0.5470951683638086) (30.69999999999999,0.6436098420835836) (30.79999999999999,0.7414887415789703) (30.89999999999999,0.6414887415789703) (31,0.7414887415789703) (31.1,0.6414887415789703) (31.2,0.7414887415789703) (31.3,0.6414887415789703) (31.40000000000001,0.7414887415789703) (31.50000000000001,0.6414887415789703) (31.6,0.7414887415789703) (31.7,0.6414887415789703) (31.8,0.7414887415789703) (31.9,0.6414887415789703) (32,0.7414887415789702) (32.19999999999999,0.5414887415789704) (32.29999999999998,0.6414887415789703) (32.39999999999998,0.5414887415789704) (32.49999999999997,0.6414887415789704) (32.69999999999996,0.4414887415789704) (32.79999999999995,0.5414887415789704) (33,0.3414887415789705) (33.09999999999999,0.4414887415789704) (33.29999999999998,0.2414887415789705) (33.39999999999998,0.3414887415789705) (33.59999999999997,0.1414887415789705) (33.69999999999996,0.2414887415789705) (34.79999999999995,-0.8585112584210294) (34.89999999999995,-0.7585112584210294) (35.89999999999995,-1.758511258421032) (36,-1.658511258421031) (36.29999999999998,-1.958511258421032) (36.39999999999998,-1.858511258421032) (36.59999999999997,-2.058511258421032) (36.69999999999996,-1.958511258421032) (38.3,-3.558511258421028) (38.40000000000001,-3.65721763266509) (38.50000000000001,-3.746019235154855) (38.60000000000001,-3.825386664394759) (38.70000000000002,-3.895723186201713) (38.80000000000003,-3.957374311538858) (38.90000000000003,-4.010634892827713) (39,-4.055755160638281) (39.10000000000001,-4.092945570414988) (39.20000000000002,-4.12238068255425) (39.30000000000003,-4.14420224408364) (39.40000000000003,-4.158521598548713) (39.50000000000004,-4.16542151856056) (39.60000000000005,-4.06542151856056) (39.70000000000006,-4.063141239574694) (39.80000000000007,-4.057688785242802) (39.90000000000008,-4.049061618642106) (40,-4.037252223747763) (40.10000000000001,-4.022248049639827) (40.20000000000002,-4.004031418521489) (40.30000000000003,-3.982579396059498) (40.40000000000003,-3.957863621931383) (40.50000000000004,-3.929850097777169) (40.60000000000005,-3.898498928984261) (40.70000000000006,-3.863764015858173) (40.80000000000007,-3.825592688718698) (40.90000000000008,-3.783925280274349) (41,-3.738694627221848) (41.10000000000001,-3.689825491335308) (41.20000000000002,-3.637233888279302) (41.30000000000003,-3.580826309909181) (41.40000000000003,-3.52049882279223) (41.50000000000004,-3.456136021940349) (41.60000000000005,-3.387609814087191) (41.70000000000006,-3.314777999003734) (41.80000000000007,-3.237482609971142) (41.90000000000008,-3.15554796514189) (42,-3.06877836947254) (42.10000000000001,-2.976955391318313) (42.20000000000002,-2.879834617413892) (44.29999999999998,-4.979834617413879) (44.39999999999998,-5.03594353907754) (44.49999999999997,-4.935943539077542) (44.59999999999997,-4.916599584611725) (44.69999999999996,-4.879439740046247) (44.79999999999995,-4.820608097813367) (44.89999999999995,-4.734628994649453) (50,0.3653710053505361)
tv[Y]:
[0]: (0,0) (0.1,0) (0.2,0.02026036694286316) (2.700000000000001,2.520260366942864) (2.800000000000001,2.4938212214919) (2.900000000000001,2.49333608959161) (3,2.491489955096974) (3.1,2.48828444007559) (3.2,2.483719680251096) (3.3,2.47779432502369) (3.4,2.470505530165075) (3.5,2.461848943103386) (3.600000000000001,2.451818680631552) (3.700000000000001,2.440407298787179) (3.800000000000001,2.427605754561675) (3.900000000000001,2.413403358999146) (4,2.397787721139494) (4.1,2.380744682142814) (4.199999999999999,2.362258238800879) (4.299999999999999,2.34231045549312) (4.399999999999999,2.320881363475165) (4.499999999999998,2.297948846193408) (4.599999999999998,2.273488509093633) (4.699999999999998,2.247473532129027) (4.799999999999997,2.21987450286488) (4.899999999999997,2.190659227714056) (5,2.159792518406819) (5.1,2.127235950285604) (5.199999999999999,2.092947588400945) (5.299999999999999,2.056881676645244) (5.399999999999999,2.018988284266188) (5.499999999999998,1.979212903013171) (5.599999999999998,1.937495986838865) (5.699999999999998,1.893772424440835) (5.799999999999997,1.84797093290268) (5.899999999999997,1.80001335817305) (6,1.749813940149554) (6.1,1.697278306671376) (6.199999999999999,1.642302376588057) (6.299999999999999,1.58477108729674) (6.399999999999999,1.524556859184112) (6.499999999999998,1.46151779134123) (6.599999999999998,1.395495559835715) (6.699999999999998,1.326312786999197) (6.799999999999997,1.253769909663541) (6.899999999999997,1.1776413852038) (7,1.09767104769886) (7.1,1.01356621534863) (7.199999999999999,0.9249903754702359) (7.299999999999998,0.8315539586913703) (7.399999999999997,0.7328024658053224) (10.39999999999999,-2.267197534194676) (10.49999999999999,-2.365855046400722) (10.59999999999999,-2.454419861890246) (10.69999999999999,-2.53413965192832) (10.79999999999998,-2.606023553325549) (10.89999999999998,-2.670899832370184) (11,-2.729457022328831) (11.1,-2.782273923148102) (11.2,-2.829841905040392) (11.29999999999999,-2.872581775811374) (11.39999999999999,-2.910856732478646) (11.49999999999999,-2.944982442761553) (11.59999999999999,-2.975234989294761) (11.69999999999999,-3.001857193180165) (11.79999999999999,-3.025063704329035) (11.89999999999999,-3.045045143398992) (12,-3.061971497338698) (12.1,-3.075994923641939) (12.2,-3.087252083128331) (12.3,-3.095866095490392) (12.4,-3.101948183686336) (12.5,-3.105599064693654) (12.6,-3.106910133404773) (12.7,-3.105964475567752) (12.8,-3.102837738286552) (12.9,-3.097598881139134) (13,-3.090310826677368) (13.1,-3.081031025667155) (13.2,-3.069811949707953) (13.3,-3.056701521608575) (13.4,-3.041743492162708) (13.5,-3.024977770802777) (13.6,-3.006440716153683) (13.7,-2.98616539155534) (13.8,-2.964181789847051) (13.9,-2.940517031048186) (14,-2.915195536014799) (14.1,-2.888239178683697) (14.2,-2.859667419118941) (14.3,-2.829497419237899) (14.4,-2.797744142804086) (14.5,-2.764420441023578) (14.6,-2.729537123123404) (14.7,-2.693103015160333) (14.8,-2.655125007665258) (14.9,-2.615608092467536) (15,-2.574555389001353) (15.1,-2.531968160349519) (15.2,-2.487845819189627) (15.3,-2.442185923699995) (15.4,-2.394984163368216) (15.5,-2.346234334525904) (15.6,-2.295928305309082) (15.7,-2.243456896435617) (15.8,-2.189387061691406) (15.9,-2.133704216197439) (16,-2.076391534366822) (16.1,-2.017429848930628) (16.2,-1.956797533796228) (16.3,-1.894470369135304) (18.4,0.2055296308646962) (18.5,0.2740622076322602) (18.59999999999999,0.3421633261164332) (18.79999999999999,0.5421633261164331) (18.9,0.6195790317003668) (19.3,1.019579031700367) (19.4,1.093180357027916) (19.80000000000001,1.493180357027916) (19.90000000000001,1.561139910546139) (20.2,1.861139910546139) (20.3,1.923425324160473) (20.50000000000001,2.123425324160473) (20.60000000000001,2.180908103050014) (20.80000000000001,2.380908103050015) (20.90000000000001,2.433166930329907) (21,2.533166930329907) (21.1,2.581772701898616) (21.29999999999999,2.781772701898616) (21.39999999999999,2.824577668016679) (21.49999999999999,2.924577668016679) (21.59999999999999,2.963355853100276) (21.69999999999999,3.063355853100276) (21.79999999999998,3.097997750528792) (21.89999999999998,3.130581030011032) (22,3.230581030011032) (22.1,3.258937929088441) (22.2,3.350506472536325) (22.3,3.374533885115714) (22.4,3.396403311315968) (22.5,3.468310644888913) (22.6,3.485791635065913) (22.7,3.501083221424388) (22.8,3.551424804738575) (22.90000000000001,3.562287577491579) (23,3.570939203831674) (23.1,3.598370229453905) (23.2,3.602572988946922) (23.3,3.604553060500594) (23.40000000000001,3.608379625781917) (23.50000000000001,3.605911662415583) (23.60000000000001,3.601219939646478) (23.70000000000001,3.594233894458388) (23.80000000000001,3.584989555526719) (23.90000000000001,3.573478138539184) (24,3.533007259266668) (24.1,3.516987332308048) (24.2,3.498701467361296) (24.3,3.47813499685756) (24.40000000000001,3.455270186052856) (24.50000000000001,3.430086126872688) (24.60000000000001,3.40255861102677) (24.70000000000001,3.372659980650068) (24.80000000000001,3.286141267208322) (24.90000000000001,3.251542333842535) (25,3.21455831399334) (25.1,3.175153901959518) (25.2,3.133289701581632) (25.3,3.033289701581632) (25.40000000000001,2.986543423344789) (25.50000000000001,2.937304674277633) (25.60000000000001,2.885524231743267) (25.70000000000001,2.785524231743267) (25.80000000000001,2.728679359726809) (25.90000000000001,2.628679359726809) (26,2.566767602181106) (26.1,2.502252911314106) (26.2,2.402252911314106) (26.3,2.332544099569549) (26.4,2.232544099569549) (26.5,2.157627422526632) (26.7,1.957627422526631) (26.8,1.875036966343602) (27.1,1.575036966343602) (27.2,1.482768595030815) (29.9,-1.217231404969185) (30,-1.316442392501287) (30.2,-1.516442392501288) (30.29999999999999,-1.610308021502947) (30.49999999999999,-1.810308021502947) (30.59999999999999,-1.89801109779333) (30.79999999999999,-2.09801109779333) (30.89999999999999,-2.178823285257118) (31,-2.277659175132292) (31.1,-2.353612155155646) (31.2,-2.448630612250148) (31.3,-2.519556690542175) (31.40000000000001,-2.610273288388223) (31.50000000000001,-2.676026314415854) (31.6,-2.761949662602976) (31.7,-2.822406905096112) (31.8,-2.903045269368063) (31.9,-2.958098887263183) (32,-3.03295802992889) (32.09999999999999,-3.082522520604592) (32.19999999999999,-3.129373945986099) (32.29999999999998,-3.194496006628745) (32.39999999999998,-3.235845423776424) (32.49999999999997,-3.293868455367556) (32.59999999999997,-3.329664781217799) (32.69999999999996,-3.362712049666455) (32.79999999999995,-3.409160765946131) (32.89999999999995,-3.436668887661391) (33,-3.461429929280469) (33.09999999999999,-3.495324393722804) (33.19999999999999,-3.514565435253436) (33.29999999999998,-3.531064567711738) (33.39999999999998,-3.551637815282946) (33.49999999999997,-3.562643137948482) (33.59999999999997,-3.570915445984281) (33.69999999999996,-3.577646403197684) (33.79999999999995,-3.580458993605216) (33.89999999999995,-3.580551579294616) (34,-3.577926449386411) (34.09999999999999,-3.57249143075482) (34.19999999999999,-3.564292162581852) (34.29999999999998,-3.553318181699071) (34.39999999999998,-3.53955464130724) (34.49999999999997,-3.522982203528407) (34.59999999999997,-3.503576898536218) (34.69999999999996,-3.481309947969822) (34.79999999999995,-3.456147549703804) (34.89999999999995,-3.410035736039507) (35,-3.379070467379918) (35.09999999999999,-3.345154319385099) (35.19999999999999,-3.308241781243112) (35.29999999999998,-3.268281271616442) (35.39999999999998,-3.225214709161618) (35.49999999999997,-3.178977013628645) (35.59999999999997,-3.129495527441914) (35.69999999999996,-3.076689345546613) (35.79999999999995,-3.020468538709616) (35.89999999999995,-2.96073325225999) (36,-2.884979487371867) (36.09999999999999,-2.81810192293628) (36.19999999999999,-2.747499408110703) (36.29999999999998,-2.67304143703112) (36.39999999999998,-2.592102036753538) (36.49999999999997,-2.509765435240534) (36.59999999999997,-2.423283645409521) (36.69999999999996,-2.340015122034915) (36.79999999999995,-2.245029969048862) (36.89999999999995,-2.14554292773936) (37,-2.119201260167425) (37.1,-2.089754122552244) (37.2,-2.057030084139333) (37.3,-2.020834744459019) (37.40000000000001,-1.980946678987884) (37.50000000000001,-1.937112407142505) (37.60000000000001,-1.889040084670278) (37.70000000000001,-1.836391510055291) (37.80000000000001,-1.778771870666677) (37.90000000000001,-1.715716410878712) (38,-1.646672834843224) (38.1,-1.570977682294701) (38.2,-1.487823999230427) (38.3,-1.396216222559935) (39.50000000000004,-0.1962162225599349) (39.60000000000005,-0.1327102381223858) (42.20000000000002,2.467289761877614) (42.30000000000003,2.492107470750208) (42.40000000000003,2.514830250429997) (42.50000000000004,2.535298662821247) (42.60000000000005,2.553328088340963) (42.70000000000006,2.568703142762869) (42.80000000000007,2.581170419991226) (42.90000000000008,2.590428915686842) (43,2.596117175148872) (43.10000000000001,2.597795712055409) (43.20000000000002,2.59492242832522) (43.30000000000003,2.586817377446398) (43.40000000000003,2.572610759547719) (43.50000000000004,2.551163494642791) (43.60000000000005,2.520940849663983) (43.70000000000005,2.479801472718656) (43.80000000000005,2.424621577331016) (43.90000000000006,2.350571412911811) (44,2.417011982223798) (44.09999999999999,2.487470208105149) (44.19999999999999,2.565035419307322) (44.29999999999998,2.658994508490123) (44.39999999999998,2.758994508490124) (44.49999999999997,2.813141426199449) (44.89999999999995,3.213141426199451) (45,3.224174792301479) (45.09999999999999,3.233463538161407) (45.19999999999999,3.241080329042985) (45.29999999999998,3.247091938968747) (45.39999999999998,3.251559857693458) (45.49999999999997,3.254540819643343) (45.59999999999997,3.256087266576947) (45.69999999999996,3.25624775369924) (45.79999999999995,3.255067307325699) (45.89999999999995,3.252587740865196) (46,3.248847934806213) (46.09999999999999,3.243884085500844) (46.19999999999999,3.23772992680698) (46.29999999999998,3.230416928040829) (46.39999999999998,3.22197447118563) (46.49999999999998,3.212430009359446) (46.59999999999998,3.201809208881422) (46.69999999999998,3.190136078540119) (46.79999999999998,3.177433086423942) (46.89999999999998,3.16372126511694) (47,3.149020306798957) (47.1,3.133348649416763) (47.2,3.116723554884045) (47.3,3.099161180131611) (47.4,3.080676641723569) (47.5,3.061284074667473) (47.59999999999999,3.040996685971312) (47.7,3.01982680343526) (47.8,2.997785920109393) (47.90000000000001,2.974884734799077) (48,2.951133188956186) (48.1,2.926540500256082) (48.2,2.901115193126426) (48.3,2.874865126463948) (48.4,2.847797518748701) (48.5,2.819918970741567) (48.6,2.791235485929518) (48.7,2.761752488864064) (48.8,2.731474840779181) (48.90000000000001,2.700406854120209) (49,2.668552305116748) (49.1,2.635914444726036) (49.2,2.602496007982436) (49.3,2.568299221798814) (49.40000000000001,2.53332581126385) (49.5,2.49757700447301) (49.6,2.461053535922829) (49.7,2.423755648489578) (49.8,2.385683094004651) (49.90000000000001,2.346835132430308) (50,2.307210529630651)
ta[0]:
[0]: (0,0) (0.1,0) (0.1,1) (0.2,1) (0.2,-0.03469455266614783) (0.3,-0.03469455266614783) (0.3,-0.03758180996622427) (0.4000000000000001,-0.03758180996622427) (0.4000000000000001,-0.04050580937664294) (0.5000000000000001,-0.04050580937664294) (0.5000000000000001,-0.04348462482503631) (0.6000000000000001,-0.04348462482503631) (0.6000000000000001,-0.04653787795154758) (0.7000000000000001,-0.04653787795154758) (0.7000000000000001,-0.04968737225876921) (0.8,-0.04968737225876921) (0.8,-0.05295787234985454) (0.9,-0.05295787234985454) (0.9,-0.05637809590959255) (1,-0.05637809590959255) (1,-0.05998201365668621) (1.1,-0.05998201365668621) (1.1,-0.06381059719556165) (1.2,-0.06381059719556165) (1.2,-0.06791422695698901) (1.3,-0.06791422695698901) (1.3,-0.07235609146566342) (1.4,-0.07235609146566342) (1.4,-0.0772171106466238) (1.5,-0.0772171106466238) (1.5,-0.08260326909042801) (1.6,-0.08260326909042801) (1.6,-0.08865688634019642) (1.7,-0.08865688634019642) (1.7,-0.09557457195872822) (1.8,-0.09557457195872822) (1.8,-0.1036368438717712) (1.9,-0.1036368438717712) (1.9,-0.1132597263063744) (2,-0.1132597263063744) (2,-0.1250912511206233) (2.1,-0.1250912511206233) (2.1,-0.1402031193112133) (2.2,-0.1402031193112133) (2.2,-0.1605156110083239) (2.3,-0.1605156110083239) (2.3,-0.1898650905714462) (2.4,-0.1898650905714462) (2.4,-0.2372632513039473) (2.5,-0.2372632513039473) (2.5,-0.3303782460083397) (2.600000000000001,-0.3303782460083397) (2.600000000000001,-0.6196704044423873) (2.700000000000001,-0.6196704044423873) (2.700000000000001,-1) (2.800000000000001,-1) (2.800000000000001,0.9999999999999999) (7.399999999999997,0.9999999999999999) (7.399999999999997,0.9560087512192251) (7.499999999999996,0.9560087512192251) (7.499999999999996,0.9001955471173017) (7.599999999999994,0.9001955471173017) (7.599999999999994,0.8450632981318152) (7.699999999999993,0.8450632981318152) (7.699999999999993,0.7904794534267745) (7.799999999999993,0.7904794534267745) (7.799999999999993,0.7363168708029416) (7.899999999999992,0.7363168708029416) (7.899999999999992,0.6824523345273906) (8,0.6824523345273906) (8,0.6287655337371365) (8.100000000000001,0.6287655337371365) (8.100000000000001,0.5751378426214603) (8.200000000000003,0.5751378426214603) (8.200000000000003,0.521451136926863) (8.300000000000004,0.521451136926863) (8.300000000000004,0.4675866204291889) (8.400000000000006,0.4675866204291889) (8.400000000000006,0.4134238653794609) (8.500000000000004,0.4134238653794609) (8.500000000000004,0.3588401331125993) (8.600000000000001,0.3588401331125993) (8.600000000000001,0.3037073211477752) (8.699999999999999,0.3037073211477752) (8.699999999999999,0.2478915419021587) (8.799999999999997,0.2478915419021587) (8.799999999999997,0.1912515812861868) (8.899999999999995,0.1912515812861868) (8.899999999999995,0.1336371789300069) (9,0.1336371789300069) (9,0.0748870810976982) (9.099999999999998,0.0748870810976982) (9.099999999999998,0.01482680703892394) (9.199999999999996,0.01482680703892394) (9.199999999999996,-0.04673394404820828) (9.299999999999994,-0.04673394404820828) (9.299999999999994,-0.1100043361420022) (9.399999999999991,-0.1100043361420022) (9.399999999999991,-0.1752160039055698) (9.499999999999989,-0.1752160039055698) (9.499999999999989,-0.2426273701911936) (9.599999999999987,-0.2426273701911936) (9.599999999999987,-0.3125288610030225) (9.699999999999985,-0.3125288610030225) (9.699999999999985,-0.3852492617709861) (9.799999999999983,-0.3852492617709861) (9.799999999999983,-0.4611635354919986) (9.899999999999981,-0.4611635354919986) (9.899999999999981,-0.5407025287279851) (10,-0.5407025287279851) (10,-0.6243651380564905) (10.1,-0.6243651380564905) (10.1,-0.7127337160114386) (10.2,-0.7127337160114386) (10.2,-0.8064937902688666) (10.29999999999999,-0.8064937902688666) (10.29999999999999,-0.906459596916327) (10.39999999999999,-0.906459596916327) (10.39999999999999,-1) (16.3,-0.9999999999999999) (16.3,0.518602900156269) (16.4,0.518602900156269) (16.4,0.521166973139481) (16.5,0.521166973139481) (16.5,0.5236475748502831) (16.6,0.5236475748502831) (16.6,0.5260532851514776) (16.7,0.5260532851514776) (16.7,0.5283918216714115) (16.8,0.5283918216714115) (16.8,0.5306701819946505) (16.9,0.5306701819946505) (16.9,0.5328947432991477) (17,0.5328947432991477) (17,0.5350713486223047) (17.1,0.5350713486223047) (17.1,0.5372053813000137) (17.2,0.5372053813000137) (17.2,0.5393018290477553) (17.3,0.5393018290477553) (17.3,0.5413653388424328) (17.4,0.5413653388424328) (17.4,0.5434002576311167) (17.5,0.5434002576311167) (17.5,0.5454106707082302) (17.6,0.5454106707082302) (17.6,0.5474004527596774) (17.70000000000001,0.5474004527596774) (17.70000000000001,0.5493733095548016) (17.8,0.5493733095548016) (17.8,0.5513328127117693) (17.9,0.5513328127117693) (17.9,0.5532824306038965) (18,0.5532824306038965) (18,0.5552255568931475) (18.1,0.5552255568931475) (18.1,0.5571655375514765) (18.2,0.5571655375514765) (18.2,0.5591056969818081) (18.3,0.5591056969818081) (18.3,0.5453679476035324) (18.4,0.5453679476035324) (18.4,1) (18.59999999999999,0.9999999999999999) (18.59999999999999,0.5485040028881552) (18.7,0.5485040028881552) (18.7,0.5493803237191045) (18.79999999999999,0.5493803237191045) (18.79999999999999,-1) (18.9,-1) (18.9,0.8228058822216235) (19,0.8228058822216235) (19,0.5553724553122502) (19.1,0.5553724553122502) (19.1,0.5573443043608358) (19.2,0.5573443043608358) (19.2,0.5593488565283138) (19.3,0.5593488565283138) (19.3,-1) (19.4,-1) (19.4,0.566072631500343) (19.5,0.566072631500343) (19.5,0.5695454116777072) (19.6,0.5695454116777072) (19.6,0.5731029938695291) (19.70000000000001,0.5731029938695291) (19.70000000000001,0.5767555055574446) (19.80000000000001,0.5767555055574446) (19.80000000000001,-1) (19.90000000000001,-1) (19.90000000000001,0.587140965132997) (20,0.587140965132997) (20,0.5925906896621305) (20.1,0.5925906896621305) (20.1,0.5982370140654862) (20.2,0.5982370140654862) (20.2,-1) (20.3,-1) (20.3,0.6130598880787685) (20.40000000000001,0.6130598880787685) (20.40000000000001,0.620999839084542) (20.50000000000001,0.620999839084542) (20.50000000000001,-1) (20.60000000000001,-1) (20.60000000000001,0.6409780834837231) (20.70000000000001,0.6409780834837231) (20.70000000000001,0.6518623440392989) (20.80000000000001,0.6518623440392989) (20.80000000000001,-1) (20.90000000000001,-1) (20.90000000000001,0.6786647678129835) (21,0.6786647678129835) (21,-1) (21.1,-1) (21.1,0.7126203216627507) (21.2,0.7126203216627507) (21.2,0.7316633477621347) (21.29999999999999,0.7316633477621347) (21.29999999999999,-1) (21.39999999999999,-1) (21.39999999999999,0.7780683102398137) (21.49999999999999,0.7780683102398137) (21.49999999999999,-0.9999999999999999) (21.59999999999999,-0.9999999999999999) (21.59999999999999,0.8378043463663295) (21.69999999999999,0.8378043463663295) (21.69999999999999,-0.9999999999999999) (21.89999999999998,-0.9999999999999999) (21.89999999999998,0.9668712121789759) (22,0.9668712121789759) (22,-1) (22.1,-1) (22.1,1) (22.2,1) (22.2,-1) (22.4,-1) (22.4,0.9999999999999999) (22.5,0.9999999999999999) (22.5,-0.9999999999999999) (22.7,-0.9999999999999999) (22.7,0.9999999999999999) (22.8,0.9999999999999999) (22.8,-1) (23,-1) (23,1) (23.1,1) (23.1,-1) (23.3,-0.9999999999999999) (23.3,1) (23.40000000000001,1) (23.40000000000001,-1) (23.90000000000001,-1) (23.90000000000001,0.9999999999999999) (24,0.9999999999999999) (24,-1) (24.70000000000001,-1) (24.70000000000001,1) (24.80000000000001,1) (24.80000000000001,-1) (25.2,-1) (25.2,0.9576242782928862) (25.3,0.9576242782928862) (25.3,-1) (25.60000000000001,-1) (25.60000000000001,0.8840366756929927) (25.70000000000001,0.8840366756929927) (25.70000000000001,-1) (25.80000000000001,-1) (25.80000000000001,0.8386764888969492) (25.90000000000001,0.8386764888969492) (25.90000000000001,-0.9999999999999999) (26.1,-1) (26.1,0.8419461319407572) (26.2,0.8419461319407572) (26.2,-1) (26.3,-1) (26.3,0.8351461496146754) (26.4,0.8351461496146754) (26.4,-1) (26.5,-1) (26.5,0.8323363055863541) (26.6,0.8323363055863541) (26.6,0.8312476576428919) (26.7,0.8312476576428919) (26.7,-0.9999999999999999) (26.8,-0.9999999999999999) (26.8,0.8320670102109464) (26.9,0.8320670102109464) (26.9,0.8326621628411447) (27,0.8326621628411447) (27,0.8156915021914258) (27.1,0.8156915021914258) (27.1,-1) (27.2,-1) (27.2,0.8373075379895248) (27.29999999999999,0.8373075379895248) (27.29999999999999,0.8394236846055008) (27.4,0.8394236846055008) (27.4,0.8414906542221805) (27.5,0.8414906542221805) (27.5,0.8435137943261317) (27.6,0.8435137943261317) (27.6,0.8454980344434057) (27.7,0.8454980344434057) (27.7,0.8474479457482651) (27.8,0.8474479457482651) (27.8,0.8493677922171292) (27.9,0.8493677922171292) (27.9,0.8512615745756236) (28,0.8512615745756236) (28,0.8531330609807983) (28.1,0.8531330609807983) (28.1,0.8549858256987419) (28.2,0.8549858256987419) (28.2,0.8568232889534726) (28.3,0.8568232889534726) (28.3,0.8586487498235547) (28.4,0.8586487498235547) (28.4,0.8604654149536874) (28.5,0.8604654149536874) (28.5,0.8622764248796372) (28.6,0.8622764248796372) (28.6,0.8640848789160821) (28.7,0.8640848789160821) (28.7,0.8658938592265124) (28.8,0.8658938592265124) (28.8,0.8518773054961812) (28.9,0.8518773054961812) (28.9,0.8536804628121984) (29,0.8536804628121984) (29,0.8554934386855043) (29.1,0.8554934386855043) (29.1,0.8573194578351209) (29.2,0.8573194578351209) (29.2,-0.925656041832805) (29.3,-0.925656041832805) (29.3,0.8641341136590724) (29.4,0.8641341136590724) (29.4,0.8676051056737017) (29.5,0.8676051056737017) (29.5,0.8711263475899738) (29.6,0.8711263475899738) (29.6,-0.9646945978946251) (29.7,-0.9646945978946251) (29.7,0.8816671270125908) (29.8,0.8816671270125908) (29.8,0.8870963633134317) (29.9,0.8870963633134317) (29.9,-1) (30,-1) (30,0.9018620875627931) (30.1,0.9018620875627931) (30.1,0.9095384529770074) (30.2,0.9095384529770074) (30.2,-1) (30.29999999999999,-1) (30.29999999999999,0.9292258716596437) (30.39999999999999,0.9292258716596437) (30.39999999999999,0.9395712665955548) (30.49999999999999,0.9395712665955548) (30.49999999999999,-1) (30.59999999999999,-1) (30.59999999999999,0.9651467371977502) (30.69999999999999,0.9651467371977502) (30.69999999999999,0.9787889949538663) (30.79999999999999,0.9787889949538663) (30.79999999999999,-1) (30.89999999999999,-1) (30.89999999999999,1) (31,1) (31,-1) (31.1,-1) (31.1,1) (31.2,1) (31.2,-1) (31.3,-1) (31.3,0.9999999999999999) (31.40000000000001,0.9999999999999999) (31.40000000000001,-1) (31.50000000000001,-1) (31.50000000000001,1) (31.6,1) (31.6,-1) (31.7,-1) (31.7,1) (31.8,1) (31.8,-1) (31.9,-1) (31.9,0.9999999999999999) (32,0.9999999999999999) (32,-1) (32.19999999999999,-1) (32.19999999999999,0.9999999999999999) (32.29999999999998,0.9999999999999999) (32.29999999999998,-1) (32.39999999999998,-1) (32.39999999999998,1) (32.49999999999997,1) (32.49999999999997,-1) (32.69999999999996,-1) (32.69999999999996,1) (32.79999999999995,1) (32.79999999999995,-1) (33,-0.9999999999999999) (33,1) (33.09999999999999,1) (33.09999999999999,-1) (33.29999999999998,-1) (33.29999999999998,1) (33.39999999999998,1) (33.39999999999998,-1) (33.59999999999997,-1) (33.59999999999997,0.9999999999999999) (33.69999999999996,0.9999999999999999) (33.69999999999996,-1) (34.79999999999995,-0.9999999999999999) (34.79999999999995,1) (34.89999999999995,1) (34.89999999999995,-1) (35.89999999999995,-1) (35.89999999999995,1) (36,1) (36,-1) (36.29999999999998,-1) (36.29999999999998,1) (36.39999999999998,1) (36.39999999999998,-1) (36.59999999999997,-1) (36.59999999999997,1) (36.69999999999996,1) (36.69999999999996,-1) (38.3,-1) (38.3,-0.9870637424406261) (38.40000000000001,-0.9870637424406261) (38.40000000000001,-0.8880160248976505) (38.50000000000001,-0.8880160248976505) (38.50000000000001,-0.7936742923990354) (38.60000000000001,-0.7936742923990354) (38.60000000000001,-0.7033652180695479) (38.70000000000002,-0.7033652180695479) (38.70000000000002,-0.6165112533714502) (38.80000000000003,-0.6165112533714502) (38.80000000000003,-0.5326058128885409) (38.90000000000003,-0.5326058128885409) (38.90000000000003,-0.4512026781056815) (39,-0.4512026781056815) (39,-0.3719040977670676) (39.10000000000001,-0.3719040977670676) (39.10000000000001,-0.2943511213926232) (39.20000000000002,-0.2943511213926232) (39.20000000000002,-0.218215615293902) (39.30000000000003,-0.218215615293902) (39.30000000000003,-0.1431935446507193) (39.40000000000003,-0.1431935446507193) (39.40000000000003,-0.06899920011848043) (39.50000000000004,-0.06899920011848043) (39.50000000000004,1) (39.60000000000005,1) (39.60000000000005,0.0228027898586639) (39.70000000000006,0.0228027898586639) (39.70000000000006,0.05452454331891744) (39.80000000000007,0.05452454331891744) (39.80000000000007,0.08627166600697624) (39.90000000000008,0.08627166600697624) (39.90000000000008,0.1180939489434256) (40,0.1180939489434256) (40,0.1500417410793679) (40.10000000000001,0.1500417410793679) (40.10000000000001,0.1821663111833792) (40.20000000000002,0.1821663111833792) (40.20000000000002,0.2145202246199091) (40.30000000000003,0.2145202246199091) (40.30000000000003,0.2471577412811498) (40.40000000000003,0.2471577412811498) (40.40000000000003,0.2801352415421423) (40.50000000000004,0.2801352415421423) (40.50000000000004,0.3135116879290759) (40.60000000000005,0.3135116879290759) (40.60000000000005,0.3473491312608857) (40.70000000000006,0.3473491312608857) (40.70000000000006,0.3817132713947445) (40.80000000000007,0.3817132713947445) (40.80000000000007,0.4166740844434875) (40.90000000000008,0.4166740844434875) (40.90000000000008,0.4523065305250155) (41,0.4523065305250155) (41,0.4886913588653935) (41.10000000000001,0.4886913588653935) (41.10000000000001,0.5259160305600599) (41.20000000000002,0.5259160305600599) (41.20000000000002,0.5640757837012205) (41.30000000000003,0.5640757837012205) (41.30000000000003,0.6032748711695113) (41.40000000000003,0.6032748711695113) (41.40000000000003,0.6436280085188129) (41.50000000000004,0.6436280085188129) (41.50000000000004,0.6852620785315688) (41.60000000000005,0.6852620785315688) (41.60000000000005,0.7283181508345723) (41.70000000000006,0.7283181508345723) (41.70000000000006,0.7729538903259242) (41.80000000000007,0.7729538903259242) (41.80000000000007,0.8193464482925107) (41.90000000000008,0.8193464482925107) (41.90000000000008,0.8676959566935037) (42,0.8676959566935037) (42,0.9182297815422621) (42.10000000000001,0.9182297815422621) (42.10000000000001,0.9712077390442059) (42.20000000000002,0.9712077390442059) (42.20000000000002,-1) (44.29999999999998,-1) (44.29999999999998,-0.5610892166366217) (44.39999999999998,-0.5610892166366217) (44.39999999999998,0.9999999999999999) (44.49999999999997,0.9999999999999999) (44.49999999999997,0.1934395446581669) (44.59999999999997,0.1934395446581669) (44.59999999999997,0.3715984456547828) (44.69999999999996,0.3715984456547828) (44.69999999999996,0.5883164223288049) (44.79999999999995,0.5883164223288049) (44.79999999999995,0.8597910316391255) (44.89999999999995,0.8597910316391255) (44.89999999999995,1) (50,1)
ta[Y]:
[0]: (0,0) (0.1,0) (0.1,0.2026036694286316) (0.2,0.2026036694286316) (0.2,1) (2.700000000000001,1) (2.700000000000001,-0.264391454509639) (2.800000000000001,-0.264391454509639) (2.800000000000001,-0.004851319002892856) (2.900000000000001,-0.004851319002892856) (2.900000000000001,-0.01846134494635967) (3,-0.01846134494635967) (3,-0.03205515021384219) (3.1,-0.03205515021384219) (3.1,-0.04564759824494168) (3.2,-0.04564759824494168) (3.2,-0.05925355227406199) (3.3,-0.05925355227406199) (3.3,-0.07288794858614718) (3.4,-0.07288794858614718) (3.4,-0.08656587061688784) (3.5,-0.08656587061688784) (3.5,-0.1003026247183411) (3.600000000000001,-0.1003026247183411) (3.600000000000001,-0.1141138184437338) (3.700000000000001,-0.1141138184437338) (3.700000000000001,-0.1280154422550411) (3.800000000000001,-0.1280154422550411) (3.800000000000001,-0.1420239556252872) (3.900000000000001,-0.1420239556252872) (3.900000000000001,-0.1561563785965133) (4,-0.1561563785965133) (4,-0.1704303899668101) (4.1,-0.1704303899668101) (4.1,-0.1848644334193518) (4.199999999999999,-0.1848644334193518) (4.199999999999999,-0.1994778330775953) (4.299999999999999,-0.1994778330775953) (4.299999999999999,-0.2142909201795469) (4.399999999999999,-0.2142909201795469) (4.399999999999999,-0.2293251728175671) (4.499999999999998,-0.2293251728175671) (4.499999999999998,-0.2446033709977537) (4.599999999999998,-0.2446033709977537) (4.599999999999998,-0.2601497696460568) (4.699999999999998,-0.2601497696460568) (4.699999999999998,-0.2759902926414698) (4.799999999999997,-0.2759902926414698) (4.799999999999997,-0.2921527515082444) (4.899999999999997,-0.2921527515082444) (4.899999999999997,-0.3086670930723681) (5,-0.3086670930723681) (5,-0.3255656812121491) (5.1,-0.3255656812121491) (5.1,-0.3428836188465824) (5.199999999999999,-0.3428836188465824) (5.199999999999999,-0.3606591175570106) (5.299999999999999,-0.3606591175570106) (5.299999999999999,-0.3789339237905668) (5.399999999999999,-0.3789339237905668) (5.399999999999999,-0.3977538125301649) (5.499999999999998,-0.3977538125301649) (5.499999999999998,-0.4171691617430598) (5.599999999999998,-0.4171691617430598) (5.599999999999998,-0.4372356239803055) (5.699999999999998,-0.4372356239803055) (5.699999999999998,-0.4580149153815474) (5.799999999999997,-0.4580149153815474) (5.799999999999997,-0.4795757472962925) (5.899999999999997,-0.4795757472962925) (5.899999999999997,-0.5019941802349649) (6,-0.5019941802349649) (6,-0.5253563347817767) (6.1,-0.5253563347817767) (6.1,-0.5497593008331986) (6.199999999999999,-0.5497593008331986) (6.199999999999999,-0.5753128929131686) (6.299999999999999,-0.5753128929131686) (6.299999999999999,-0.6021422811262791) (6.399999999999999,-0.6021422811262791) (6.399999999999999,-0.6303906784288216) (6.499999999999998,-0.6303906784288216) (6.499999999999998,-0.6602223150551484) (6.599999999999998,-0.6602223150551484) (6.599999999999998,-0.6918277283651862) (6.699999999999998,-0.6918277283651862) (6.699999999999998,-0.7254287733565625) (6.799999999999997,-0.7254287733565625) (6.799999999999997,-0.7612852445974111) (6.899999999999997,-0.7612852445974111) (6.899999999999997,-0.7997033750493996) (7,-0.7997033750493996) (7,-0.8410483235022981) (7.1,-0.8410483235022981) (7.1,-0.8857583987839394) (7.199999999999999,-0.8857583987839394) (7.199999999999999,-0.9343641677886572) (7.299999999999998,-0.9343641677886572) (7.299999999999998,-0.9875149288604802) (7.399999999999997,-0.9875149288604802) (7.399999999999997,-1) (10.39999999999999,-0.9999999999999999) (10.39999999999999,-0.9865751220604573) (10.49999999999999,-0.9865751220604573) (10.49999999999999,-0.8856481548952356) (10.59999999999999,-0.8856481548952356) (10.59999999999999,-0.7971979003807489) (10.69999999999999,-0.7971979003807489) (10.69999999999999,-0.7188390139722924) (10.79999999999998,-0.7188390139722924) (10.79999999999998,-0.6487627904463432) (10.89999999999998,-0.6487627904463432) (10.89999999999998,-0.5855718995864699) (11,-0.5855718995864699) (11,-0.5281690081927012) (11.1,-0.5281690081927012) (11.1,-0.4756798189229102) (11.2,-0.4756798189229102) (11.2,-0.427398707709809) (11.29999999999999,-0.427398707709809) (11.29999999999999,-0.3827495666727211) (11.39999999999999,-0.3827495666727211) (11.39999999999999,-0.3412571028290795) (11.49999999999999,-0.3412571028290795) (11.49999999999999,-0.3025254653320781) (11.59999999999999,-0.3025254653320781) (11.59999999999999,-0.2662220388540407) (11.69999999999999,-0.2662220388540407) (11.69999999999999,-0.2320651114887061) (11.79999999999999,-0.2320651114887061) (11.79999999999999,-0.199814390699572) (11.89999999999999,-0.199814390699572) (11.89999999999999,-0.1692635393970614) (12,-0.1692635393970614) (12,-0.1402342630324065) (12.1,-0.1402342630324065) (12.1,-0.112571594863919) (12.2,-0.112571594863919) (12.2,-0.08614012362061371) (12.3,-0.08614012362061371) (12.3,-0.06082088195943082) (12.4,-0.06082088195943082) (12.4,-0.03650881007317845) (12.5,-0.03650881007317845) (12.5,-0.01311068711119504) (12.6,-0.01311068711119504) (12.6,0.009456578370198445) (12.7,0.009456578370198445) (12.7,0.03126737281199902) (12.8,0.03126737281199902) (12.8,0.05238857147418081) (12.9,0.05238857147418081) (12.9,0.07288054461766158) (13,0.07288054461766158) (13,0.09279801010212603) (13.1,0.09279801010212603) (13.1,0.1121907595920246) (13.2,0.1121907595920246) (13.2,0.1311042809937845) (13.3,0.1311042809937845) (13.3,0.1495802944586715) (13.4,0.1495802944586715) (13.4,0.1676572135993052) (13.5,0.1676572135993052) (13.5,0.1853705464909465) (13.6,0.1853705464909465) (13.6,0.202753245983421) (13.7,0.202753245983421) (13.7,0.2198360170828893) (13.8,0.2198360170828893) (13.8,0.2366475879886472) (13.9,0.2366475879886472) (13.9,0.2532149503338655) (14,0.2532149503338655) (14,0.2695635733110321) (14.1,0.2695635733110321) (14.1,0.2857175956475568) (14.2,0.2857175956475568) (14.2,0.3016999988104133) (14.3,0.3016999988104133) (14.3,0.3175327643381406) (14.4,0.3175327643381406) (14.4,0.3332370178050802) (14.5,0.3332370178050802) (14.5,0.3488331790017341) (14.6,0.3488331790017341) (14.6,0.3643410796307016) (14.7,0.3643410796307016) (14.7,0.3797800749507539) (14.8,0.3797800749507539) (14.8,0.3951691519772128) (14.9,0.3951691519772128) (14.9,0.4105270346618322) (15,0.4105270346618322) (15,0.425872286518339) (15.1,0.425872286518339) (15.1,0.441223411598924) (15.2,0.441223411598924) (15.2,0.4565989548963198) (15.3,0.4565989548963198) (15.3,0.4720176033177992) (15.4,0.4720176033177992) (15.4,0.4874982884231225) (15.5,0.4874982884231225) (15.5,0.5030602921682228) (15.6,0.5030602921682228) (15.6,0.5247140887346526) (15.7,0.5247140887346526) (15.7,0.5406983474421088) (15.8,0.5406983474421088) (15.8,0.5568284549396698) (15.9,0.5568284549396698) (15.9,0.573126818306169) (16,0.573126818306169) (16,0.5896168543619378) (16.1,0.5896168543619378) (16.1,0.6063231513439989) (16.2,0.6063231513439989) (16.2,0.6232716466092434) (16.3,0.6232716466092434) (16.3,1) (18.4,1) (18.4,0.6853257676756396) (18.5,0.6853257676756396) (18.5,0.6810111848417303) (18.59999999999999,0.6810111848417303) (18.59999999999999,1) (18.79999999999999,1) (18.79999999999999,0.7741570558393366) (18.9,0.7741570558393366) (18.9,0.9999999999999999) (19.3,1) (19.3,0.7360132532754933) (19.4,0.7360132532754933) (19.4,1) (19.80000000000001,1) (19.80000000000001,0.6795955351822303) (19.90000000000001,0.6795955351822303) (19.90000000000001,0.9999999999999999) (20.2,1) (20.2,0.6228541361433356) (20.3,0.6228541361433356) (20.3,0.9999999999999999) (20.50000000000001,0.9999999999999999) (20.50000000000001,0.5748277888954154) (20.60000000000001,0.5748277888954154) (20.60000000000001,1) (20.80000000000001,1) (20.80000000000001,0.5225882727989287) (20.90000000000001,0.5225882727989287) (20.90000000000001,1) (21,1) (21,0.4860577156870837) (21.1,0.4860577156870837) (21.1,1) (21.29999999999999,1) (21.29999999999999,0.4280496611806259) (21.39999999999999,0.4280496611806259) (21.39999999999999,1) (21.49999999999999,1) (21.49999999999999,0.3877818508359649) (21.59999999999999,0.3877818508359649) (21.59999999999999,1) (21.69999999999999,1) (21.69999999999999,0.3464189742851637) (21.79999999999998,0.3464189742851637) (21.79999999999998,0.3258327948223936) (21.89999999999998,0.3258327948223936) (21.89999999999998,0.9999999999999999) (22,0.9999999999999999) (22,0.2835689907740859) (22.1,0.2835689907740859) (22.1,0.915685434478842) (22.2,0.915685434478842) (22.2,0.2402741257938874) (22.3,0.2402741257938874) (22.3,0.2186942620025418) (22.4,0.2186942620025418) (22.4,0.7190733357294563) (22.5,0.7190733357294563) (22.5,0.1748099017699979) (22.6,0.1748099017699979) (22.6,0.1529158635847551) (22.7,0.1529158635847551) (22.7,0.5034158331418679) (22.8,0.5034158331418679) (22.8,0.1086277275300374) (22.90000000000001,0.1086277275300374) (22.90000000000001,0.08651626340094602) (23,0.08651626340094602) (23,0.2743102562223157) (23.1,0.2743102562223157) (23.1,0.04202759493015856) (23.2,0.04202759493015856) (23.2,0.0198007155367187) (23.3,0.0198007155367187) (23.3,0.03826565281323479) (23.40000000000001,0.03826565281323479) (23.40000000000001,-0.02467963366333724) (23.50000000000001,-0.02467963366333724) (23.50000000000001,-0.04691722769105025) (23.60000000000001,-0.04691722769105025) (23.60000000000001,-0.06986045188089487) (23.70000000000001,-0.06986045188089487) (23.70000000000001,-0.0924433893166912) (23.80000000000001,-0.0924433893166912) (23.80000000000001,-0.1151141698753431) (23.90000000000001,-0.1151141698753431) (23.90000000000001,-0.4047087927251625) (24,-0.4047087927251625) (24,-0.1601992695862007) (24.1,-0.1601992695862007) (24.1,-0.1828586494675245) (24.2,-0.1828586494675245) (24.2,-0.2056647050373631) (24.3,-0.2056647050373631) (24.3,-0.2286481080470411) (24.40000000000001,-0.2286481080470411) (24.40000000000001,-0.2518405918016766) (24.50000000000001,-0.2518405918016766) (24.50000000000001,-0.2752751584591721) (24.60000000000001,-0.2752751584591721) (24.60000000000001,-0.2989863037670257) (24.70000000000001,-0.2989863037670257) (24.70000000000001,-0.865187134417457) (24.80000000000001,-0.865187134417457) (24.80000000000001,-0.3459893336578688) (24.90000000000001,-0.3459893336578688) (24.90000000000001,-0.3698401984919511) (25,-0.3698401984919511) (25,-0.3940441203382123) (25.1,-0.3940441203382123) (25.1,-0.4186420037788676) (25.2,-0.4186420037788676) (25.2,-1) (25.3,-1) (25.3,-0.4674627823684399) (25.40000000000001,-0.4674627823684399) (25.40000000000001,-0.4923874906715527) (25.50000000000001,-0.4923874906715527) (25.50000000000001,-0.5178044253436719) (25.60000000000001,-0.5178044253436719) (25.60000000000001,-1) (25.70000000000001,-1) (25.70000000000001,-0.5684487201645825) (25.80000000000001,-0.5684487201645825) (25.80000000000001,-1) (25.90000000000001,-1) (25.90000000000001,-0.6191175754570334) (26,-0.6191175754570334) (26,-0.6451469086700046) (26.1,-0.6451469086700046) (26.1,-0.9999999999999999) (26.2,-0.9999999999999999) (26.2,-0.6970881174455734) (26.3,-0.6970881174455734) (26.3,-1) (26.4,-1) (26.4,-0.7491667704291772) (26.5,-0.7491667704291772) (26.5,-1) (26.7,-0.9999999999999999) (26.7,-0.8259045618302902) (26.8,-0.8259045618302902) (26.8,-0.9999999999999999) (27.1,-1) (27.1,-0.9226837131278671) (27.2,-0.9226837131278671) (27.2,-1) (29.9,-1) (29.9,-0.9921098753210263) (30,-0.9921098753210263) (30,-1) (30.2,-1) (30.2,-0.938656290016598) (30.29999999999999,-0.938656290016598) (30.29999999999999,-0.9999999999999999) (30.49999999999999,-0.9999999999999999) (30.49999999999999,-0.8770307629038304) (30.59999999999999,-0.8770307629038304) (30.59999999999999,-1) (30.79999999999999,-1) (30.79999999999999,-0.8081218746378779) (30.89999999999999,-0.8081218746378779) (30.89999999999999,-0.9883588987517391) (31,-0.9883588987517391) (31,-0.7595298002335417) (31.1,-0.7595298002335417) (31.1,-0.9501845709450244) (31.2,-0.9501845709450244) (31.2,-0.7092607829202611) (31.3,-0.7092607829202611) (31.3,-0.9071659784604795) (31.40000000000001,-0.9071659784604795) (31.40000000000001,-0.6575302602763156) (31.50000000000001,-0.6575302602763156) (31.50000000000001,-0.8592334818712167) (31.6,-0.8592334818712167) (31.6,-0.6045724249313614) (31.7,-0.6045724249313614) (31.7,-0.8063836427195078) (31.8,-0.8063836427195078) (31.8,-0.5505361789512118) (31.9,-0.5505361789512118) (31.9,-0.7485914266570662) (32,-0.7485914266570662) (32,-0.4956449067570159) (32.09999999999999,-0.4956449067570159) (32.09999999999999,-0.4685142538150634) (32.19999999999999,-0.4685142538150634) (32.19999999999999,-0.6512206064264692) (32.29999999999998,-0.6512206064264692) (32.29999999999998,-0.4134941714767882) (32.39999999999998,-0.4134941714767882) (32.39999999999998,-0.5802303159113257) (32.49999999999997,-0.5802303159113257) (32.49999999999997,-0.3579632585024262) (32.59999999999997,-0.3579632585024262) (32.59999999999997,-0.3304726844865554) (32.69999999999996,-0.3304726844865554) (32.69999999999996,-0.4644871627967596) (32.79999999999995,-0.4644871627967596) (32.79999999999995,-0.275081217152595) (32.89999999999995,-0.275081217152595) (32.89999999999995,-0.2476104161907848) (33,-0.2476104161907848) (33,-0.3389446444233479) (33.09999999999999,-0.3389446444233479) (33.09999999999999,-0.192410415306318) (33.19999999999999,-0.192410415306318) (33.19999999999999,-0.1649913245830273) (33.29999999999998,-0.1649913245830273) (33.29999999999998,-0.2057324757120745) (33.39999999999998,-0.2057324757120745) (33.39999999999998,-0.1100532266553662) (33.49999999999997,-0.1100532266553662) (33.49999999999997,-0.08272308035798555) (33.59999999999997,-0.08272308035798555) (33.59999999999997,-0.06730957213402339) (33.69999999999996,-0.06730957213402339) (33.69999999999996,-0.02812590407532524) (33.79999999999995,-0.02812590407532524) (33.79999999999995,-0.0009258568939899065) (33.89999999999995,-0.0009258568939899065) (33.89999999999995,0.02625129908204973) (34,0.02625129908204973) (34,0.05435018631590736) (34.09999999999999,0.05435018631590736) (34.09999999999999,0.08199268172967938) (34.19999999999999,0.08199268172967938) (34.19999999999999,0.1097398088278151) (34.29999999999998,0.1097398088278151) (34.29999999999998,0.1376354039183139) (34.39999999999998,0.1376354039183139) (34.39999999999998,0.1657243777883358) (34.49999999999997,0.1657243777883358) (34.49999999999997,0.1940530499218918) (34.59999999999997,0.1940530499218918) (34.59999999999997,0.2226695056639533) (34.69999999999996,0.2226695056639533) (34.69999999999996,0.2516239826601768) (34.79999999999995,0.2516239826601768) (34.79999999999995,0.461118136642972) (34.89999999999995,0.461118136642972) (34.89999999999995,0.3096526865958822) (35,0.3096526865958822) (35,0.339161479948195) (35.09999999999999,0.339161479948195) (35.09999999999999,0.3691253814198656) (35.19999999999999,0.3691253814198656) (35.19999999999999,0.3996050962667014) (35.29999999999998,0.3996050962667014) (35.29999999999998,0.4306656245482437) (35.39999999999998,0.4306656245482437) (35.39999999999998,0.4623769553297281) (35.49999999999997,0.4623769553297281) (35.49999999999997,0.4948148618673148) (35.59999999999997,0.4948148618673148) (35.59999999999997,0.528061818953004) (35.69999999999996,0.528061818953004) (35.69999999999996,0.5622080683699771) (35.79999999999995,0.5622080683699771) (35.79999999999995,0.5973528644962591) (35.89999999999995,0.5973528644962591) (35.89999999999995,0.7575376488812262) (36,0.7575376488812262) (36,0.6687756443558763) (36.09999999999999,0.6687756443558763) (36.09999999999999,0.706025148255772) (36.19999999999999,0.706025148255772) (36.19999999999999,0.7445797107958289) (36.29999999999998,0.7445797107958289) (36.29999999999998,0.8093940027758257) (36.39999999999998,0.8093940027758257) (36.39999999999998,0.8233660151300337) (36.49999999999997,0.8233660151300337) (36.49999999999997,0.8648178983101269) (36.59999999999997,0.8648178983101269) (36.59999999999997,0.8326852337460652) (36.69999999999996,0.8326852337460652) (36.69999999999996,0.9498515298605265) (36.79999999999995,0.9498515298605265) (36.79999999999995,0.9948704130950192) (36.89999999999995,0.9948704130950192) (36.89999999999995,0.2634166757193494) (37,0.2634166757193494) (37,0.2944713761518232) (37.1,0.2944713761518232) (37.1,0.3272403841291116) (37.2,0.3272403841291116) (37.2,0.3619533968031378) (37.3,0.3619533968031378) (37.3,0.3988806547113482) (37.40000000000001,0.3988806547113482) (37.40000000000001,0.4383427184537839) (37.50000000000001,0.4383427184537839) (37.50000000000001,0.4807232247222696) (37.60000000000001,0.4807232247222696) (37.60000000000001,0.526485746149865) (37.70000000000001,0.526485746149865) (37.70000000000001,0.5761963938861432) (37.80000000000001,0.5761963938861432) (37.80000000000001,0.6305545978796487) (37.90000000000001,0.6305545978796487) (37.90000000000001,0.6904357603548766) (38,0.6904357603548766) (38,0.756951525485229) (38.1,0.756951525485229) (38.1,0.8315368306427436) (38.2,0.8315368306427436) (38.2,0.9160777667049116) (38.3,0.9160777667049116) (38.3,1) (39.50000000000004,1) (39.50000000000004,0.6350598443754905) (39.60000000000005,0.6350598443754905) (39.60000000000005,1) (42.20000000000002,1) (42.20000000000002,0.2481770887259496) (42.30000000000003,0.2481770887259496) (42.30000000000003,0.2272277967978771) (42.40000000000003,0.2272277967978771) (42.40000000000003,0.2046841239124977) (42.50000000000004,0.2046841239124977) (42.50000000000004,0.1802942551971633) (42.60000000000005,0.1802942551971633) (42.60000000000005,0.1537505442190639) (42.70000000000006,0.1537505442190639) (42.70000000000006,0.124672772283569) (42.80000000000007,0.124672772283569) (42.80000000000007,0.09258495695615884) (42.90000000000008,0.09258495695615884) (42.90000000000008,0.05688259462029852) (43,0.05688259462029852) (43,0.01678536906537574) (43.10000000000001,0.01678536906537574) (43.10000000000001,-0.02873283730189238) (43.20000000000002,-0.02873283730189238) (43.20000000000002,-0.08105050878822501) (43.30000000000003,-0.08105050878822501) (43.30000000000003,-0.1420661789867883) (43.40000000000003,-0.1420661789867883) (43.40000000000003,-0.2144726490492829) (43.50000000000004,-0.2144726490492829) (43.50000000000004,-0.3022264497880826) (43.60000000000005,-0.3022264497880826) (43.60000000000005,-0.4113937694532644) (43.70000000000005,-0.4113937694532644) (43.70000000000005,-0.5517989538763934) (43.80000000000005,-0.5517989538763934) (43.80000000000005,-0.7405016441920597) (43.90000000000006,-0.7405016441920597) (43.90000000000006,0.6644056931198624) (44,0.6644056931198624) (44,0.7045822588135171) (44.09999999999999,0.7045822588135171) (44.09999999999999,0.7756521120217332) (44.19999999999999,0.7756521120217332) (44.19999999999999,0.9395908918280161) (44.29999999999998,0.9395908918280161) (44.29999999999998,1) (44.39999999999998,1) (44.39999999999998,0.541469177093249) (44.49999999999997,0.541469177093249) (44.49999999999997,1) (44.89999999999995,1) (44.89999999999995,0.1103336610202783) (45,0.1103336610202783) (45,0.09288745859928207) (45.09999999999999,0.09288745859928207) (45.09999999999999,0.07616790881578821) (45.19999999999999,0.07616790881578821) (45.19999999999999,0.06011609925762033) (45.29999999999998,0.06011609925762033) (45.29999999999998,0.04467918724711621) (45.39999999999998,0.04467918724711621) (45.39999999999998,0.02980961949885191) (45.49999999999997,0.02980961949885191) (45.49999999999997,0.01546446933603978) (45.59999999999997,0.01546446933603978) (45.59999999999997,0.001604871222942685) (45.69999999999996,0.001604871222942685) (45.69999999999996,-0.01180446373540971) (45.79999999999995,-0.01180446373540971) (45.79999999999995,-0.02479566460502945) (45.89999999999995,-0.02479566460502945) (45.89999999999995,-0.03739806058982479) (46,-0.03739806058982479) (46,-0.04963849305369847) (46.09999999999999,-0.04963849305369847) (46.09999999999999,-0.06154158693864308) (46.19999999999999,-0.06154158693864308) (46.19999999999999,-0.07312998766150715) (46.29999999999998,-0.07312998766150715) (46.29999999999998,-0.08442456855198456) (46.39999999999998,-0.08442456855198456) (46.39999999999998,-0.09544461826184331) (46.49999999999998,-0.09544461826184331) (46.49999999999998,-0.106208004780242) (46.59999999999998,-0.106208004780242) (46.59999999999998,-0.1167313034130304) (46.69999999999998,-0.1167313034130304) (46.69999999999998,-0.1270299211617699) (46.79999999999998,-0.1270299211617699) (46.79999999999998,-0.1371182130700222) (46.89999999999998,-0.1371182130700222) (46.89999999999998,-0.1470095831798302) (47,-0.1470095831798302) (47,-0.1567165738219345) (47.1,-0.1567165738219345) (47.1,-0.1662509453271791) (47.2,-0.1662509453271791) (47.2,-0.1756237475243424) (47.3,-0.1756237475243424) (47.3,-0.1848453840804059) (47.4,-0.1848453840804059) (47.4,-0.1939256705609625) (47.5,-0.1939256705609625) (47.5,-0.2028738869616121) (47.59999999999999,-0.2028738869616121) (47.59999999999999,-0.2116988253605253) (47.7,-0.2116988253605253) (47.7,-0.2204088332586584) (47.8,-0.2204088332586584) (47.8,-0.2290118531031638) (47.90000000000001,-0.2290118531031638) (47.90000000000001,-0.2375154584289144) (48,-0.2375154584289144) (48,-0.2459268870010343) (48.1,-0.2459268870010343) (48.1,-0.2542530712965633) (48.2,-0.2542530712965633) (48.2,-0.2625006666247888) (48.3,-0.2625006666247888) (48.3,-0.2706760771524642) (48.4,-0.2706760771524642) (48.4,-0.2787854800713346) (48.5,-0.2787854800713346) (48.5,-0.2868348481204935) (48.6,-0.2868348481204935) (48.6,-0.2948299706545439) (48.7,-0.2948299706545439) (48.7,-0.3027764808488224) (48.8,-0.3027764808488224) (48.8,-0.3106798665897224) (48.90000000000001,-0.3106798665897224) (48.90000000000001,-0.3185454900346067) (49,-0.3185454900346067) (49,-0.3263786039071217) (49.1,-0.3263786039071217) (49.1,-0.3341843674359982) (49.2,-0.3341843674359982) (49.2,-0.3419678618362239) (49.3,-0.3419678618362239) (49.3,-0.349734105349639) (49.40000000000001,-0.349734105349639) (49.40000000000001,-0.3574880679083977) (49.5,-0.3574880679083977) (49.5,-0.365234685501807) (49.6,-0.365234685501807) (49.6,-0.3729788743325178) (49.7,-0.3729788743325178) (49.7,-0.38072554484927) (49.8,-0.38072554484927) (49.8,-0.388479615743427) (49.90000000000001,-0.388479615743427) (49.90000000000001,-0.3962460279965881) (50,-0.3962460279965881)
 -- States explored : 0 states
 -- CPU user time used : 7 ms
 -- Virtual memory used : 58008 KiB
 -- Resident memory used : 17208 KiB
Options for the verification:
  Generating no trace
  Search order is breadth first
  Using conservative space optimisation
  Seed is 1758963052
  State space representation uses minimal constraint systems with future testing
  Using HashMap + Compress integers for discrete state storage

Verifying formula 1 at car/shield/simulate.q:1
 -- Formula is satisfied.
tp[0]:
[0]: (0,0) (0,-39.28095) (50,-39.28095)
tp[Y]:
[0]: (0,0) (0,-0.40495) (50,-0.40495)
tv[0]:
[0]: (0,0) (50,0)
tv[Y]:
[0]: (0,0) (50,0)
ta[0]:
[0]: (0,0) (50,0)
ta[Y]:
[0]: (0,0) (50,0)
 -- States explored : 0 states
 -- CPU user time used : 11 ms
 -- Virtual memory used : 58012 KiB
 -- Resident memory used : 17192 KiB
Options for the verification:
  Generating no trace
  Search order is breadth first
  Using conservative space optimisation
  Seed is 1758963136
  State space representation uses minimal constraint systems with future testing
  Using HashMap + Compress integers for discrete state storage

Verifying formula 1 at car/shield/simulate.q:1
 -- Formula is satisfied.
tp[0]:
[0]: (0,0) (0,-39.28095) (0.1,-39.27095) (0.1834023877495533,-39.25565380294272) (0.2,-39.25118097685034) (0.2881511581544831,-39.22578011853546) (0.3,-39.22130261411335) (0.3909401963991428,-39.18575043587249) (0.4000000000000001,-39.18137640366766) (0.4925476322084053,-39.13579228655692) (0.5000000000000001,-39.13142804620574) (0.5934642688861814,-39.07596034220422) (0.6000000000000001,-39.07146882377008) (0.6939838609885545,-39.00624554105062) (0.7000000000000001,-39.00150400924683) (0.7942773999001672,-38.92662160118478) (0.8,-38.92153621634773) (0.8944429182484911,-38.83706241694164) (0.9,-38.83156680151283) (0.9945361499886156,-38.7375471828684) (1,-38.73159649132592) (1.094588633282164,-38.62806084849757) (1.1,-38.62162568289444) (1.194605509099344,-38.50860942053321) (1.2,-38.50165478342652) (1.294605509099344,-38.37917797015536) (1.3,-38.3716838839586) (1.394605509099344,-38.2397465197775) (1.4,-38.23171298449068) (1.494605509099344,-38.09031506939965) (1.5,-38.08174208502275) (1.594605509099344,-37.93088361902179) (1.6,-37.92182251343607) (1.685090638802045,-37.77843707454106) (1.7,-37.7520448024874) (1.785090638802045,-37.60015029971219) (1.8,-37.57239813219246) (1.876301486001624,-37.42923354062349) (1.900000000000001,-37.38295975175819) (1.976301486001624,-37.23216501158905) (2,-37.18370786218845) (2.068432179743163,-37.04216053947772) (2.1,-36.97470438946421) (2.168432179743163,-36.82631384877917) (2.2,-36.75591939662338) (2.2615112114399,-36.6168111023228) (2.3,-36.52740078346821) (2.3615112114399,-36.38214136802364) (2.4,-36.28888217031304) (2.455301485303153,-36.15310035130874) (2.5,-36.04088012752914) (2.555301485303153,-35.89956815999452) (2.600000000000001,-35.78287808474524) (2.655301485303153,-35.63603596868031) (2.700000000000001,-35.51512470202933) (2.749738435397252,-35.37835701450098) (2.799476870794504,-35.23911541501686) (2.800000000000001,-35.23762490727744) (2.849738435397252,-35.09588337620937) (2.899476870794504,-34.95166793318553) (2.9,-34.95012511252557) (2.949738435397252,-34.80340973791778) (2.99445656533624,-34.66950324013241) (3,-34.6526557737774) (3.044718129938988,-34.5165016728152) (3.089436259877976,-34.37834786070776) (3.1,-34.34523946823143) (3.144718129938988,-34.20461355427533) (3.189436259877976,-34.06198792917398) (3.2,-34.02782316268545) (3.244718129938988,-33.88272543573545) (3.289436259877976,-33.73562799764021) (3.3,-33.70045495017784) (3.34016547739271,-33.56629560920771) (3.38033095478542,-33.43052300266341) (3.4,-33.36324510368259) (3.44016547739271,-33.22506921497319) (3.48033095478542,-33.08528006068961) (3.5,-33.01603525718733) (3.54016547739271,-32.87384282073866) (3.58033095478542,-32.73003711871581) (3.600000000000001,-32.65882541069207) (3.64016547739271,-32.51261642650413) (3.676272768991159,-32.37987617363873) (3.700000000000001,-32.29179167434851) (3.736107291598449,-32.15689095892768) (3.772214583196897,-32.02068650700026) (3.8,-31.9148706963887) (3.836107291598449,-31.77635925180802) (3.872214583196897,-31.63654407072077) (3.9,-31.52794971842889) (3.936107291598448,-31.38582754468837) (3.972214583196897,-31.24240163444127) (4,-31.13102874046908) (4.036107291598449,-30.98529583756871) (4.068578256218601,-30.85318517695672) (4.100000000000001,-30.72432305910462) (4.132470964620152,-30.59013774061863) (4.164941929240304,-30.45489805858928) (4.197412893860456,-30.31860401301657) (4.200000000000001,-30.30766085451673) (4.232470964620153,-30.17022843956874) (4.264941929240305,-30.03174166107737) (4.297412893860456,-29.89220051904265) (4.300000000000002,-29.88099864992885) (4.332470964620153,-29.74031913851884) (4.364941929240305,-29.59858526356546) (4.397412893860457,-29.45579702506872) (4.400000000000002,-29.44433644534097) (4.432470964620154,-29.30040983746894) (4.464941929240306,-29.15542886605355) (4.497412893860457,-29.00939353109479) (4.500000000000003,-28.99768275014948) (4.529181808345452,-28.86551303465665) (4.558363616690902,-28.73249174122551) (4.587545425036351,-28.59861886985605) (4.600000000000003,-28.54111949444117) (4.629181808345453,-28.40603159811379) (4.658363616690902,-28.27009212384811) (4.687545425036352,-28.13330107164411) (4.700000000000004,-28.07455623873285) (4.729181808345453,-27.93655016157093) (4.758363616690903,-27.7976925064707) (4.787545425036352,-27.65798327343215) (4.800000000000004,-27.59799298302454) (4.829181808345454,-27.45706872502807) (4.858363616690903,-27.31529288909329) (4.887545425036353,-27.1726654752202) (4.900000000000005,-27.11142972731622) (4.929181808345454,-26.96758728848521) (4.958363616690904,-26.82289327171588) (4.987545425036354,-26.67734767700825) (5,-26.61490312909264) (5.026238513624458,-26.48302210137313) (5.052477027248916,-26.3504526140564) (5.078715540873374,-26.21719466714245) (5.100000000000001,-26.10853848122619) (5.126238513624458,-25.97403360214423) (5.152477027248916,-25.83884026346506) (5.178715540873374,-25.70295846518866) (5.200000000000001,-25.59217383335973) (5.226238513624459,-25.45504510291532) (5.252477027248917,-25.3172279128737) (5.278715540873375,-25.17872226323486) (5.300000000000002,-25.06580918549326) (5.326238513624459,-24.92605660368642) (5.352477027248917,-24.78561556228235) (5.378715540873375,-24.64448606128106) (5.400000000000002,-24.52944453762681) (5.42623851362446,-24.38706810445752) (5.452477027248918,-24.244003211691) (5.478715540873376,-24.10024985932727) (5.500000000000003,-23.98307988976035) (5.526238513624461,-23.83807960522861) (5.549844735500839,-23.70706873902292) (5.573450957377218,-23.57550061910596) (5.597057179253596,-23.44337524547772) (5.600000000000002,-23.42683464061231) (5.623606221876381,-23.29408254439331) (5.64721244375276,-23.16077319446304) (5.670818665629138,-23.02690659082149) (5.694424887505517,-22.89248273346866) (5.700000000000002,-22.86060406678689) (5.723606221876381,-22.72549134838025) (5.747212443752759,-22.58982137626234) (5.770818665629138,-22.45359415043315) (5.794424887505516,-22.31680967089268) (5.800000000000002,-22.28437349296147) (5.82360622187638,-22.14690015236719) (5.847212443752759,-22.00886955806164) (5.870818665629137,-21.87028171004482) (5.894424887505516,-21.73113660831671) (5.900000000000001,-21.69814291913605) (5.92360622187638,-21.55830895635414) (5.947212443752758,-21.41791773986095) (5.970818665629137,-21.27696926965649) (5.994424887505516,-21.13546354574074) (6,-21.10191234531063) (6.023606221876379,-20.96083226776364) (6.047212443752757,-20.82030944392791) (6.070818665629136,-20.68034387380347) (6.094424887505514,-20.54093555739031) (6.1,-20.50814291913605) (6.123606221876378,-20.36830895635414) (6.147212443752757,-20.22791773986095) (6.170818665629136,-20.08696926965649) (6.194424887505514,-19.94546354574075) (6.199999999999999,-19.91191234531063) (6.223606221876378,-19.76971776034108) (6.247212443752757,-19.62696592166026) (6.270818665629135,-19.48365682926816) (6.294424887505514,-19.33979048316478) (6.299999999999999,-19.30568177148522) (6.323606221876378,-19.16112656432803) (6.347212443752756,-19.01601410345956) (6.368444518520727,-18.88504522824025) (6.389676593288698,-18.75362555202199) (6.399999999999999,-18.68950781579489) (6.42123207476797,-18.55741815123452) (6.442464149535941,-18.4248776856752) (6.463696224303912,-18.29188641911692) (6.484928299071883,-18.15844435155969) (6.500000000000001,-18.06339978840044) (6.521232074767972,-17.92918691636327) (6.542464149535943,-17.79452324332715) (6.563696224303913,-17.65940876929207) (6.584928299071884,-17.52384349425805) (6.600000000000002,-17.42729176100597) (6.621232074767973,-17.29095568149201) (6.642464149535944,-17.15416880097909) (6.663696224303915,-17.01693111946722) (6.684928299071886,-16.8792426369564) (6.700000000000004,-16.78118373361152) (6.721232074767975,-16.64272444662075) (6.742464149535945,-16.50381435863104) (6.763696224303916,-16.36445346964237) (6.784928299071887,-16.22464177965475) (6.800000000000005,-16.12507570621706) (6.821232074767976,-15.9844932117495) (6.842464149535947,-15.84345991628299) (6.863696224303918,-15.70197581981752) (6.884928299071889,-15.56004092235311) (6.900000000000007,-15.4589676788226) (6.921232074767977,-15.31626197687824) (6.942464149535948,-15.17310547393494) (6.963696224303919,-15.02949816999267) (6.98492829907189,-14.88544006505146) (7,-14.78285965142814) (7.021232074767971,-14.63803074200699) (7.04033434203013,-14.507364847243) (7.059436609292289,-14.37633405586446) (7.078538876554449,-14.24493836787136) (7.097641143816608,-14.1131777832637) (7.099999999999999,-14.09686218029955) (7.119102267262158,-13.9646916395761) (7.138204534524317,-13.83215620223809) (7.157306801786476,-13.69925586828552) (7.176409069048636,-13.5659906377184) (7.195511336310795,-13.43236051053672) (7.199999999999997,-13.40087426916058) (7.219102267262156,-13.26679350171091) (7.238204534524315,-13.13234783764668) (7.257306801786474,-12.9975372769679) (7.276409069048634,-12.86236181967456) (7.295511336310793,-12.72682146576667) (7.299999999999994,-12.69488635802161) (7.319102267262154,-12.55889536384572) (7.338204534524313,-12.42253947305528) (7.357306801786472,-12.28581868565028) (7.376409069048631,-12.14873300163073) (7.395511336310791,-12.01128242099662) (7.399999999999992,-11.97889844688264) (7.419102267262152,-11.84099722598054) (7.438204534524311,-11.70273110846388) (7.45730680178647,-11.56410009433266) (7.476409069048629,-11.42510418358689) (7.495511336310789,-11.28574337622657) (7.49999999999999,-11.25291053574367) (7.519102267262149,-11.11309908811535) (7.538204534524309,-10.97292274387248) (7.557306801786468,-10.83238150301504) (7.576409069048627,-10.69147536554306) (7.595511336310786,-10.55020433145652) (7.599999999999988,-10.5169226246047) (7.619102267262147,-10.37520095025016) (7.638204534524307,-10.23311437928107) (7.657306801786466,-10.09066291169743) (7.676409069048625,-9.947846547499227) (7.695511336310784,-9.80466528668647) (7.699999999999986,-9.77093471346573) (7.719102267262145,-9.627302812384977) (7.738204534524304,-9.483306014689671) (7.757306801786464,-9.338944320379809) (7.776409069048623,-9.194217729455392) (7.793596206778194,-9.063705545586753) (7.799999999999985,-9.014967662792673) (7.817187137729555,-8.884050018344604) (7.834374275459126,-8.752836976193199) (7.851561413188697,-8.62132853633846) (7.868748550918268,-8.489524698780386) (7.885935688647838,-8.357425463518975) (7.899999999999987,-8.24908634570496) (7.917187137729558,-8.116449987483934) (7.934374275459128,-7.983518231559573) (7.951561413188699,-7.850291077931876) (7.96874855091827,-7.716768526600845) (7.985935688647841,-7.582950577566478) (8,-7.473205028617247) (8.01718713772957,-7.338849956623264) (8.03437427545914,-7.204199486925946) (8.051561413188709,-7.069253619525292) (8.068748550918279,-6.934012354421303) (8.085935688647849,-6.798475691613979) (8.099999999999998,-6.687323711529534) (8.117187137729568,-6.551249925762594) (8.134374275459137,-6.414880742292318) (8.151561413188707,-6.278216161118708) (8.168748550918277,-6.141256182241762) (8.185935688647847,-6.004000805661481) (8.199999999999996,-5.891442394441821) (8.217187137729566,-5.753649894901923) (8.234374275459135,-5.615561997658691) (8.251561413188705,-5.477178702712123) (8.268748550918275,-5.33850001006222) (8.285935688647845,-5.199525919708982) (8.299999999999994,-5.085561077354107) (8.317187137729563,-4.946049864041253) (8.334374275459133,-4.806243253025063) (8.351561413188703,-4.666141244305539) (8.368748550918273,-4.525743837882679) (8.385935688647843,-4.385051033756484) (8.399999999999991,-4.269679760266394) (8.417187137729561,-4.128449833180583) (8.434374275459131,-3.986924508391437) (8.451561413188701,-3.845103785898955) (8.468748550918271,-3.702987665703138) (8.485935688647841,-3.560576147803986) (8.499999999999989,-3.443798443178681) (8.517187137729559,-3.300849802319912) (8.534374275459129,-3.157605763757809) (8.551561413188699,-3.01406632749237) (8.568748550918269,-2.870231493523596) (8.585935688647838,-2.726101261851487) (8.599999999999987,-2.607917126090967) (8.617187137729557,-2.463249771459242) (8.632651400119585,-2.332845037564159) (8.648115662509612,-2.202201160257809) (8.66357992489964,-2.071318139540191) (8.679044187289668,-1.940195975411306) (8.694508449679695,-1.808834667871153) (8.699999999999987,-1.76210172449851) (8.715464262390014,-1.630416350772008) (8.730928524780042,-1.498491833634239) (8.74639278717007,-1.366328173085202) (8.761857049560097,-1.233925369124898) (8.777321311950125,-1.101283421753326) (8.792785574340153,-0.9684023309704861) (8.799999999999986,-0.9062987524621118) (8.815464262390014,-0.7735452393191427) (8.830928524780042,-0.6410308695874412) (8.846392787170069,-0.5087556432670073) (8.861857049560097,-0.376719560357841) (8.877321311950125,-0.2449226208599424) (8.892785574340152,-0.1133648247733114) (8.899999999999986,-0.05210172449851203) (8.915464262390014,0.07910536240545435) (8.930928524780041,0.2100733058981531) (8.946392787170069,0.3408021059795843) (8.961857049560097,0.4712917626497478) (8.977321311950124,0.6015422759086437) (8.992785574340152,0.731553645756272) (9,0.7920953034650879) (9.015464262390028,0.9222342509525868) (9.030928524780055,1.052612341851353) (9.046392787170083,1.183229576161387) (9.061857049560111,1.314085953882689) (9.077321311950138,1.445181475015258) (9.092785574340166,1.576516139559095) (9.1,1.637898275501486) (9.115464262390027,1.769583649227988) (9.130928524780055,1.901508166365757) (9.146392787170083,2.033671826914794) (9.16185704956011,2.166074630875098) (9.177321311950138,2.298716578246671) (9.192785574340165,2.43159766902951) (9.199999999999999,2.493701247537885) (9.215464262390027,2.626933047503389) (9.230928524780055,2.760403990880161) (9.246392787170082,2.8941140776682) (9.26185704956011,3.028063307867507) (9.277321311950137,3.162251681478082) (9.292785574340165,3.296679198499925) (9.299999999999999,3.359504219574283) (9.315464262390027,3.49428244577879) (9.330928524780054,3.629299815394564) (9.346392787170082,3.764556328421607) (9.361857049560109,3.900051984859917) (9.377321311950137,4.035786784709495) (9.392785574340165,4.17176072797034) (9.399999999999999,4.235307191610681) (9.415464262390026,4.371631844054191) (9.430928524780054,4.508195639908968) (9.446392787170081,4.644998579175013) (9.461857049560109,4.782040661852326) (9.477321311950137,4.919321887940907) (9.492785574340164,5.056842257440755) (9.499999999999998,5.12111016364708) (9.515464262390026,5.258981242329592) (9.530928524780053,5.397091464423372) (9.546392787170081,5.535440829928421) (9.561857049560109,5.674029338844736) (9.577321311950136,5.812856991172319) (9.592785574340164,5.95192378691117) (9.599999999999998,6.016913135683478) (9.615464262390025,6.156330640604994) (9.630928524780053,6.295987288937777) (9.646392787170081,6.435883080681828) (9.661857049560108,6.576018015837146) (9.677321311950136,6.716392094403732) (9.692785574340164,6.857005316381586) (9.699999999999998,6.922716107719878) (9.715464262390025,7.063680038880396) (9.730928524780053,7.204883113452182) (9.74639278717008,7.346325331435236) (9.761857049560108,7.488006692829557) (9.777321311950136,7.629927197635146) (9.792785574340163,7.772086845852002) (9.799999999999997,7.838519079756278) (9.815464262390025,7.981029437155799) (9.830928524780052,8.123778937966588) (9.84639278717008,8.266767582188644) (9.861857049560108,8.409995369821967) (9.877321311950135,8.553462300866558) (9.892785574340163,8.697168375322416) (9.899999999999997,8.764322051792675) (9.915464262390024,8.908378835431199) (9.930928524780052,9.05267476248099) (9.94639278717008,9.197209832942049) (9.956392787170079,9.29077376081375) (9.966426363359311,9.384752513351348) (9.97648251109592,9.479043806732657) (9.986552924250931,9.573570272781243) (9.996631346332277,9.668273489632393) (10,9.699961448126588) (10.01008172656627,9.79483131906006) (10.02016345313254,9.88980283120409) (10.0302451796988,9.984875984558675) (10.04032690626507,10.08005077912382) (10.05040863283134,10.17532721489952) (10.06049035939761,10.27070529188578) (10.07057208596388,10.36618501008259) (10.08065381253014,10.46176636948996) (10.09073553909641,10.55744937010789) (10.1,10.64546932021779) (10.11008172656627,10.74134736380789) (10.12016345313254,10.83732704860854) (10.13024517969881,10.93340837461976) (10.14032690626508,11.02959134184153) (10.15040863283135,11.12587595027385) (10.16049035939761,11.22226219991674) (10.17057208596388,11.31875009077018) (10.18065381253015,11.41533962283418) (10.19073553909642,11.51203079610873) (10.20000000000001,11.60097719230899) (10.21008172656628,11.69786340855572) (10.22016345313255,11.794851266013) (10.23024517969881,11.89194076468084) (10.24032690626508,11.98913190455924) (10.25040863283135,12.08642468564819) (10.26049035939762,12.1838191079477) (10.27057208596389,12.28131517145777) (10.28065381253015,12.3789128761784) (10.29073553909642,12.47661222210958) (10.30000000000001,12.5664850644002) (10.31008172656628,12.66437945330355) (10.32016345313255,12.76237548341746) (10.33024517969882,12.86047315474193) (10.34032690626509,12.95867246727695) (10.35040863283136,13.05697342102253) (10.36049035939762,13.15537601597867) (10.37057208596389,13.25388025214536) (10.38065381253016,13.35248612952261) (10.39073553909643,13.45119364811042) (10.40000000000002,13.5419929364914) (10.41008172656629,13.64089549805138) (10.42016345313256,13.73989970082192) (10.43024517969882,13.83900554480301) (10.44032690626509,13.93821302999466) (10.45040863283136,14.03752215639687) (10.46049035939763,14.13693292400963) (10.4705720859639,14.23644533283296) (10.48065381253016,14.33605938286683) (10.49073553909643,14.43577507411127) (10.50000000000002,14.52750080858261) (10.51008172656629,14.62741154279922) (10.52016345313256,14.72742391822638) (10.53024517969883,14.8275379348641) (10.5403269062651,14.92775359271238) (10.55040863283137,15.02807089177121) (10.56049035939763,15.1284898320406) (10.5705720859639,15.22901041352055) (10.58065381253017,15.32963263621105) (10.59073553909644,15.43035650011212) (10.60000000000003,15.52300868067381) (10.6100817265663,15.62392758754705) (10.62016345313257,15.72494813563084) (10.63024517969883,15.82607032492518) (10.6403269062651,15.92729415543009) (10.65040863283137,16.02861962714555) (10.66049035939764,16.13004674007157) (10.67057208596391,16.23157549420814) (10.68065381253017,16.33320588955527) (10.69073553909644,16.43493792611296) (10.70000000000003,16.52851655276502) (10.7100817265663,16.63044363229488) (10.72016345313257,16.73247235303529) (10.73024517969884,16.83460271498627) (10.74032690626511,16.9368347181478) (10.75040863283138,17.03916836251988) (10.76049035939764,17.14160364810253) (10.77057208596391,17.24414057489573) (10.78065381253018,17.34677914289949) (10.79073553909645,17.4495193521138) (10.80000000000004,17.54402442485622) (10.81008172656631,17.64695967704271) (10.82016345313258,17.74999657043975) (10.83024517969884,17.85313510504735) (10.84032690626511,17.95637528086551) (10.85040863283138,18.05971709789422) (10.86049035939765,18.16316055613349) (10.87057208596392,18.26670565558332) (10.88065381253018,18.37035239624371) (10.89073553909645,18.47410077811465) (10.90000000000004,18.56953229694743) (10.91008172656631,18.67347572179054) (10.92016345313258,18.77752078784421) (10.93024517969885,18.88166749510843) (10.94032690626512,18.98591584358322) (10.95040863283138,19.09026583326856) (10.96049035939765,19.19471746416446) (10.97057208596392,19.29927073627091) (10.98065381253019,19.40392564958793) (10.99073553909646,19.50868220411549) (11,19.60504016903863) (11.01008172656627,19.70999176653837) (11.02016345313254,19.81504500524867) (11.0302451796988,19.92019988516952) (11.04032690626507,20.02545640630093) (11.05040863283134,20.1308145686429) (11.06049035939761,20.23627437219542) (11.07057208596388,20.34183581695851) (11.08065381253014,20.44749890293215) (11.09073553909641,20.55326363011634) (11.1,20.65054804112983) (11.11008172656627,20.75630452886509) (11.12016345313254,20.86195937538978) (11.13024517969881,20.96751258070392) (11.14032690626508,21.0729641448075) (11.15040863283135,21.17831406770053) (11.16049035939761,21.283562349383) (11.17057208596388,21.38870898985491) (11.18065381253015,21.49375398911626) (11.19073553909642,21.59869734716706) (11.20000000000001,21.69504016903863) (11.21008172656628,21.79999176653837) (11.22016345313255,21.90504500524867) (11.23024517969881,22.01019988516952) (11.24032690626508,22.11545640630094) (11.25040863283135,22.2208145686429) (11.26049035939762,22.32627437219543) (11.27057208596389,22.43183581695851) (11.28065381253015,22.53749890293215) (11.29073553909642,22.64326363011634) (11.30000000000001,22.74054804112984) (11.31008172656628,22.84650781128621) (11.32016345313255,22.95256922265313) (11.33024517969882,23.05873227523061) (11.34032690626509,23.16499696901865) (11.35040863283136,23.27136330401724) (11.36049035939762,23.3778312802264) (11.37057208596389,23.4844008976461) (11.38065381253016,23.59107215627637) (11.39073553909643,23.69784505611719) (11.40000000000002,23.79605591322105) (11.41008172656629,23.90302385603404) (11.42016345313256,24.01009344005759) (11.43024517969882,24.1172646652917) (11.44032690626509,24.22453753173636) (11.45040863283136,24.33191203939158) (11.46049035939763,24.43938818825736) (11.4705720859639,24.5469659783337) (11.48065381253016,24.65464540962059) (11.49073553909643,24.76242648211804) (11.50000000000002,24.86156378531225) (11.51008172656629,24.96953990078187) (11.52016345313256,25.07761765746205) (11.53024517969883,25.18579705535278) (11.5403269062651,25.29407809445407) (11.55040863283137,25.40246077476592) (11.56049035939763,25.51094509628832) (11.5705720859639,25.61953105902129) (11.58065381253017,25.72821866296481) (11.59073553909644,25.83700790811888) (11.60000000000003,25.93707165740345) (11.6100817265663,26.04585266310859) (11.62016345313257,26.15453202760316) (11.63024517969883,26.26310975088718) (11.6403269062651,26.37158583296064) (11.65040863283137,26.47996027382355) (11.66049035939764,26.5882330734759) (11.67057208596391,26.69640423191769) (11.68065381253017,26.80447374914892) (11.69073553909644,26.9124416251696) (11.70000000000003,27.01156378531225) (11.7100817265663,27.11953990078187) (11.72016345313257,27.22761765746205) (11.73024517969884,27.33579705535278) (11.74032690626511,27.44407809445407) (11.75040863283138,27.55246077476592) (11.76049035939764,27.66094509628833) (11.77057208596391,27.76953105902129) (11.78065381253018,27.87821866296481) (11.79073553909645,27.98700790811888) (11.80000000000004,28.08707165740346) (11.81008172656631,28.1960559455297) (11.82016345313258,28.30514187486651) (11.83024517969884,28.41432944541387) (11.84032690626511,28.52361865717179) (11.85040863283138,28.63300951014026) (11.86049035939765,28.7425020043193) (11.87057208596392,28.85209613970888) (11.88065381253018,28.96179191630903) (11.89073553909645,29.07158933411973) (11.90000000000004,29.17257952949466) (11.91008172656631,29.28257199027754) (11.92016345313258,29.39266609227097) (11.93024517969885,29.50286183547496) (11.94032690626512,29.6131592198895) (11.95040863283138,29.7235582455146) (11.96049035939765,29.83405891235026) (11.97057208596392,29.94466122039648) (11.98065381253019,30.05536516965325) (11.99073553909646,30.16617076012058) (12,30.26808740158587) (12.01008172656627,30.37908803502537) (12.02016345313254,30.49019030967543) (12.0302451796988,30.60139422553604) (12.04032690626507,30.71269978260721) (12.05040863283134,30.82410698088894) (12.06049035939761,30.93561582038123) (12.07057208596388,31.04722630108407) (12.08065381253014,31.15893842299747) (12.09073553909641,31.27075218612142) (12.1,31.37359527367707) (12.11008172656627,31.48540079735209) (12.12016345313254,31.59710467981654) (12.13024517969881,31.70870692107044) (12.14032690626508,31.82020752111378) (12.15040863283135,31.93160647994657) (12.16049035939761,32.0429037975688) (12.17057208596388,32.15409947398047) (12.18065381253015,32.26519350918158) (12.19073553909642,32.37618590317214) (12.20000000000001,32.47808740158587) (12.21008172656628,32.58908803502537) (12.22016345313255,32.70019030967543) (12.23024517969881,32.81139422553604) (12.24032690626508,32.92269978260721) (12.25040863283135,33.03410698088894) (12.26049035939762,33.14561582038122) (12.27057208596389,33.25722630108407) (12.28065381253015,33.36893842299747) (12.29073553909642,33.48075218612142) (12.30000000000001,33.58359527367707) (12.31008172656628,33.6956040797732) (12.32016345313255,33.80771452707988) (12.33024517969882,33.91992661559712) (12.34032690626509,34.03224034532492) (12.35040863283136,34.14465571626327) (12.36049035939762,34.25717272841219) (12.37057208596389,34.36979138177166) (12.38065381253016,34.48251167634168) (12.39073553909643,34.59533361212226) (12.40000000000002,34.69910314576827) (12.41008172656629,34.81212012452102) (12.42016345313256,34.92523874448433) (12.43024517969882,35.0384590056582) (12.44032690626509,35.15178090804262) (12.45040863283136,35.26520445163761) (12.46049035939763,35.37872963644315) (12.4705720859639,35.49235646245924) (12.48065381253016,35.60608492968589) (12.49073553909643,35.7199150381231) (12.50000000000002,35.82461101785947) (12.51008172656629,35.93863616926885) (12.52016345313256,36.05276296188879) (12.53024517969883,36.16699139571929) (12.5403269062651,36.28132147076034) (12.55040863283137,36.39575318701195) (12.56049035939763,36.51028654447411) (12.5705720859639,36.62492154314683) (12.58065381253017,36.73965818303012) (12.59073553909644,36.85449646412395) (12.60000000000003,36.96011888995069) (12.6100817265663,37.07494893159558) (12.62016345313257,37.18967733202992) (12.63024517969883,37.3043040912537) (12.6403269062651,37.41882920926692) (12.65040863283137,37.53325268606958) (12.66049035939764,37.64757452166169) (12.67057208596391,37.76179471604324) (12.68065381253017,37.87591326921424) (12.69073553909644,37.98993018117468) (12.70000000000003,38.09461101785949) (12.7100817265663,38.20863616926886) (12.72016345313257,38.3227629618888) (12.73024517969884,38.4369913957193) (12.74032690626511,38.55132147076035) (12.75040863283138,38.66575318701196) (12.76049035939764,38.78028654447412) (12.77057208596391,38.89492154314684) (12.78065381253018,39.00965818303013) (12.79073553909645,39.12449646412396) (12.80000000000004,39.2301188899507) (12.81008172656631,39.3451522140167) (12.82016345313258,39.46028717929327) (12.83024517969884,39.57552378578039) (12.84032690626511,39.69086203347807) (12.85040863283138,39.8063019223863) (12.86049035939765,39.92184345250509) (12.87057208596392,40.03748662383445) (12.88065381253018,40.15323143637436) (12.89073553909645,40.26907789012482) (12.90000000000004,40.3756267620419) (12.91008172656631,40.49166825876454) (12.92016345313258,40.60781139669773) (12.93024517969885,40.72405617584148) (12.94032690626512,40.84040259619579) (12.95040863283138,40.95685065776065) (12.96049035939765,41.07340036053607) (12.97057208596392,41.19005170452205) (12.98065381253019,41.30680468971858) (12.99073553909646,41.42365931612567) (13,41.53113463413312) (13.01008172656627,41.64818430351238) (13.02016345313254,41.7653356141022) (13.0302451796988,41.88258856590257) (13.04032690626507,41.9999431589135) (13.05040863283134,42.11739939313499) (13.06049035939761,42.23495726856704) (13.07057208596388,42.35261678520964) (13.08065381253014,42.4703779430628) (13.09073553909641,42.58824074212652) (13.1,42.69664250622432) (13.11008172656627,42.8144970658391) (13.12016345313254,42.93224998424331) (13.13024517969881,43.04990126143697) (13.14032690626508,43.16745089742007) (13.15040863283135,43.28489889219262) (13.16049035939761,43.40224524575461) (13.17057208596388,43.51948995810604) (13.18065381253015,43.63663302924692) (13.19073553909642,43.75367445917723) (13.20000000000001,43.86113463413312) (13.21008172656628,43.97818430351239) (13.22016345313255,44.0953356141022) (13.23024517969881,44.21258856590258) (13.24032690626508,44.32994315891351) (13.25040863283135,44.44739939313499) (13.26049035939762,44.56495726856704) (13.27057208596389,44.68261678520965) (13.28065381253015,44.80037794306281) (13.29073553909642,44.91824074212652) (13.30000000000001,45.02664250622433) (13.31008172656628,45.14470034826022) (13.32016345313255,45.26285983150666) (13.33024517969882,45.38112095596366) (13.34032690626509,45.49948372163121) (13.35040863283136,45.61794812850933) (13.36049035939762,45.73651417659801) (13.37057208596389,45.85518186589724) (13.38065381253016,45.97395119640702) (13.39073553909643,46.09282216812736) (13.40000000000002,46.20215037831553) (13.41008172656629,46.32121639300804) (13.42016345313256,46.44038404891111) (13.43024517969882,46.55965334602474) (13.44032690626509,46.67902428434893) (13.45040863283136,46.79849686388367) (13.46049035939763,46.91807108462897) (13.4705720859639,47.03774694658483) (13.48065381253016,47.15752444975124) (13.49073553909643,47.27740359412821) (13.50000000000002,47.38765825040673) (13.51008172656629,47.50773243775587) (13.52016345313256,47.62790826631556) (13.53024517969883,47.74818573608582) (13.5403269062651,47.86856484706664) (13.55040863283137,47.98904559925801) (13.56049035939763,48.10962799265993) (13.5705720859639,48.23031202727241) (13.58065381253017,48.35109770309545) (13.59073553909644,48.47198502012905) (13.60000000000003,48.58316612249794) (13.6100817265663,48.7042484825037) (13.62016345313257,48.82543248372003) (13.63024517969883,48.94671812614691) (13.6403269062651,49.06810540978435) (13.65040863283137,49.18959433463235) (13.66049035939764,49.3111849006909) (13.67057208596391,49.43287710796) (13.68065381253017,49.55467095643967) (13.69073553909644,49.6765664461299) (13.70000000000003,49.78867399458914) (13.7100817265663,49.91076452725154) (13.72016345313257,50.03295670112449) (13.73024517969884,50.155250516208) (13.74032690626511,50.27764597250206) (13.75040863283138,50.40014307000668) (13.76049035939764,50.52274180872186) (13.77057208596391,50.6454421886476) (13.78065381253018,50.76824420978389) (13.79073553909645,50.89114787213074) (13.80000000000004,51.00418186668035) (13.81008172656631,51.12728057199937) (13.82016345313258,51.25048091852895) (13.83024517969884,51.37378290626908) (13.84032690626511,51.49718653521978) (13.85040863283138,51.62069180538102) (13.86049035939765,51.74429871675283) (13.87057208596392,51.86800726933519) (13.88065381253018,51.99181746312811) (13.89073553909645,52.11572929813159) (13.90000000000004,52.22968973877155) (13.91008172656631,52.3537966167472) (13.92016345313258,52.4780051359334) (13.93024517969885,52.60231529633016) (13.94032690626512,52.72672709793748) (13.95040863283138,52.85124054075536) (13.96049035939765,52.97585562478379) (13.97057208596392,53.10057235002278) (13.98065381253019,53.22539071647233) (13.99073553909646,53.35031072413243) (14,53.46519761086275) (14.01008172656627,53.59031266149502) (14.02016345313254,53.71552935333785) (14.0302451796988,53.84084768639124) (14.04032690626507,53.96626766065518) (14.05040863283134,54.09178927612969) (14.06049035939761,54.21741253281475) (14.07057208596388,54.34313743071036) (14.08065381253014,54.46896396981654) (14.09073553909641,54.59489215013327) (14.1,54.71070548295395) (14.11008172656627,54.83682870624285) (14.12016345313254,54.9630535707423) (14.13024517969881,55.08938007645232) (14.14032690626508,55.2158082233729) (14.15040863283135,55.34233801150403) (14.16049035939761,55.46896944084571) (14.17057208596388,55.59570251139795) (14.18065381253015,55.72253722316076) (14.19073553909642,55.84947357613412) (14.20000000000001,55.96621335504516) (14.21008172656628,56.09334475099068) (14.22016345313255,56.22057778814677) (14.23024517969881,56.34791246651341) (14.24032690626508,56.47534878609061) (14.25040863283135,56.60288674687837) (14.26049035939762,56.73052634887668) (14.27057208596389,56.85826759208555) (14.28065381253015,56.98611047650498) (14.29073553909642,57.11405500213497) (14.30000000000001,57.23172122713637) (14.31008172656628,57.35986079573853) (14.32016345313255,57.48810200555124) (14.33024517969882,57.61644485657451) (14.34032690626509,57.74488934880834) (14.35040863283136,57.87343548225272) (14.36049035939762,58.00208325690766) (14.37057208596389,58.13083267277316) (14.38065381253016,58.25968372984921) (14.39073553909643,58.38863642813583) (14.40000000000002,58.50722909922758) (14.41008172656629,58.63637684048636) (14.42016345313256,58.7656262229557) (14.43024517969882,58.8949772466356) (14.44032690626509,59.02442991152605) (14.45040863283136,59.15398421762706) (14.46049035939763,59.28364016493863) (14.4705720859639,59.41339775346076) (14.48065381253016,59.54325698319344) (14.49073553909643,59.67321785413667) (14.50000000000002,59.79273697131879) (14.51008172656629,59.9228928852342) (14.52016345313256,60.05315044036016) (14.53024517969883,60.18350963669668) (14.5403269062651,60.31397047424377) (14.55040863283137,60.44453295300141) (14.56049035939763,60.5751970729696) (14.5705720859639,60.70596283414835) (14.58065381253017,60.83683023653766) (14.59073553909644,60.96779928013752) (14.60000000000003,61.08824484341) (14.6100817265663,61.21940892998203) (14.62016345313257,61.35067465776462) (14.63024517969883,61.48204202675777) (14.6403269062651,61.61351103696148) (14.65040863283137,61.74508168837574) (14.66049035939764,61.87675398100056) (14.67057208596391,62.00852791483594) (14.68065381253017,62.14040348988187) (14.69073553909644,62.27238070613836) (14.70000000000003,62.3937527155012) (14.7100817265663,62.52592497472986) (14.72016345313257,62.65819887516908) (14.73024517969884,62.79057441681886) (14.74032690626511,62.92305159967919) (14.75040863283138,63.05563042375008) (14.76049035939764,63.18831088903153) (14.77057208596391,63.32109299552353) (14.78065381253018,63.45397674322609) (14.79073553909645,63.58696213213921) (14.80000000000004,63.7092605875924) (14.81008172656631,63.84244101947769) (14.82016345313258,63.97572309257354) (14.83024517969884,64.10910680687994) (14.84032690626511,64.24259216239689) (14.85040863283138,64.3761791591244) (14.86049035939765,64.50986779706248) (14.87057208596392,64.64365807621111) (14.88065381253018,64.7775499965703) (14.89073553909645,64.91154355814004) (14.90000000000004,65.03476845968359) (14.91008172656631,65.16895706422551) (14.92016345313258,65.30324730997798) (14.93024517969885,65.43763919694101) (14.94032690626512,65.5721327251146) (14.95040863283138,65.70672789449874) (14.96049035939765,65.84142470509344) (14.97057208596392,65.9762231568987) (14.98065381253019,66.11112324991451) (14.99073553909646,66.24612498414089) (15,66.3702763317748) (15.01008172656627,66.50547310897335) (15.02016345313254,66.64077152738244) (15.0302451796988,66.7761715870021) (15.04032690626507,66.91167328783231) (15.05040863283134,67.04727662987308) (15.06049035939761,67.18298161312441) (15.07057208596388,67.31878823758629) (15.08065381253014,67.45469650325873) (15.09073553909641,67.59070641014173) (15.1,67.71578420386601) (15.11008172656627,67.85198915372118) (15.12016345313254,67.98829574478691) (15.13024517969881,68.12470397706319) (15.14032690626508,68.26121385055004) (15.15040863283135,68.39782536524743) (15.16049035939761,68.53453852115538) (15.17057208596388,68.6713533182739) (15.18065381253015,68.80826975660297) (15.19073553909642,68.9452878361426) (15.20000000000001,69.07129207595723) (15.21008172656628,69.20850519846903) (15.22016345313255,69.34581996219138) (15.23024517969881,69.48323636712429) (15.24032690626508,69.62075441326776) (15.25040863283135,69.75837410062178) (15.26049035939762,69.89609542918636) (15.27057208596389,70.0339183989615) (15.28065381253015,70.1718430099472) (15.29073553909642,70.30986926214345) (15.30000000000001,70.43679994804845) (15.31008172656628,70.57494093598839) (15.32016345313255,70.71310325791042) (15.33024517969882,70.85128691381452) (15.34032690626509,70.9894919037007) (15.35040863283136,71.12771822756895) (15.36049035939762,71.26596588541928) (15.37057208596389,71.40423487725168) (15.38065381253016,71.54252520306618) (15.39073553909643,71.68083686286275) (15.40000000000002,71.80795602287122) (15.41008172656629,71.94618564602015) (15.42016345313256,72.08431362795854) (15.43024517969882,72.22233996868636) (15.44032690626509,72.36026466820363) (15.45040863283136,72.49808772651033) (15.46049035939763,72.63580914360648) (15.4705720859639,72.77342891949208) (15.48065381253016,72.91094705416711) (15.49073553909643,73.0483635476316) (15.50000000000002,73.17454710079852) (15.51008172656629,73.31197183371195) (15.52016345313256,73.44949820783593) (15.53024517969883,73.58712622317047) (15.5403269062651,73.72485587971556) (15.55040863283137,73.86268717747122) (15.56049035939763,74.00062011643742) (15.5705720859639,74.13865469661418) (15.58065381253017,74.27679091800151) (15.59073553909644,74.41502878059939) (15.60000000000003,74.54215392290823) (15.6100817265663,74.68058682847828) (15.62016345313257,74.81912137525889) (15.63024517969883,74.95775756325006) (15.6403269062651,75.09649539245177) (15.65040863283137,75.23533486286405) (15.66049035939764,75.37427597448689) (15.67057208596391,75.51331872732028) (15.68065381253017,75.65246312136424) (15.69073553909644,75.79170915661874) (15.70000000000003,75.91976074501794) (15.7100817265663,76.05920182324462) (15.72016345313257,76.19874454268185) (15.73024517969884,76.33838890332964) (15.74032690626511,76.47813490518799) (15.75040863283138,76.61798254825689) (15.76049035939764,76.75793183253636) (15.77057208596391,76.89798275802637) (15.78065381253018,77.03813532472695) (15.79073553909645,77.17838953263808) (15.80000000000004,77.30736756712764) (15.81008172656631,77.44781681801095) (15.82016345313258,77.58836771010481) (15.83024517969884,77.72902024340922) (15.84032690626511,77.86977441792421) (15.85040863283138,78.01063023364974) (15.86049035939765,78.15158769058583) (15.87057208596392,78.29264678873247) (15.88065381253018,78.43380752808967) (15.89073553909645,78.57506990865744) (15.90000000000004,78.70497438923735) (15.91008172656631,78.84643181277728) (15.92016345313258,78.98799087752776) (15.93024517969885,79.12965158348881) (15.94032690626512,79.27141393066042) (15.95040863283138,79.41327791904257) (15.96049035939765,79.55524354863529) (15.97057208596392,79.69731081943856) (15.98065381253019,79.83947973145239) (15.99073553909646,79.98175028467678) (16,80.11258121134705) (16.01008172656627,80.25504680754361) (16.02016345313253,80.39761404495073) (16.0302451796988,80.5402829235684) (16.04032690626507,80.68305344339663) (16.05040863283133,80.82592560443541) (16.0604903593976,80.96889940668476) (16.07057208596386,81.11197485014466) (16.08065381253013,81.25515193481512) (16.0907355390964,81.39843066069614) (16.09999999999999,81.53018803345677) (16.11008172656625,81.67366180230995) (16.12016345313252,81.8172372123737) (16.13024517969879,81.96091426364799) (16.14032690626505,82.10469295613285) (16.15040863283132,82.24857328982826) (16.16049035939758,82.39255526473423) (16.17057208596385,82.53663888085076) (16.18065381253012,82.68082413817784) (16.19073553909638,82.82511103671548) (16.19999999999997,82.95779485556648) (16.20999999999998,83.10110475056833) (16.21999999999998,83.24451464557018) (16.22999999999998,83.38802454057203) (16.23999999999998,83.53163443557388) (16.24999999999998,83.67534433057573) (16.25999999999998,83.81915422557758) (16.26999999999999,83.96306412057943) (16.27999999999999,84.10707401558128) (16.28999999999999,84.25118391058312) (16.29999999999999,84.39539380558497) (16.30999999999999,84.53970370058683) (16.31999999999999,84.68411359558868) (16.32999999999999,84.82862349059053) (16.34,84.97323338559238) (16.35,85.11794328059423) (16.36,85.26275317559609) (16.37,85.40766307059793) (16.38,85.55267296559978) (16.39,85.69778286060163) (16.40000000000001,85.84299275560349) (16.41000000000001,85.98830265060533) (16.42000000000001,86.13371254560718) (16.43000000000001,86.27922244060903) (16.44000000000001,86.42483233561089) (16.45000000000001,86.57054223061273) (16.46000000000002,86.71635212561458) (16.47000000000002,86.86226202061643) (16.48000000000002,87.00827191561828) (16.49000000000002,87.15438181062014) (16.50000000000002,87.30059170562198) (16.51000000000002,87.44690160062383) (16.52000000000002,87.59331149562568) (16.53000000000003,87.73982139062754) (16.54000000000003,87.88643128562939) (16.55000000000003,88.03314118063123) (16.56000000000003,88.17995107563308) (16.57000000000003,88.32686097063494) (16.58000000000003,88.47387086563678) (16.59000000000004,88.62098076063863) (16.60000000000004,88.76819065564048) (16.61000000000004,88.91550055064234) (16.62000000000004,89.06291044564419) (16.63000000000004,89.21042034064604) (16.64000000000004,89.35803023564789) (16.65000000000004,89.50574013064974) (16.66000000000005,89.6535500256516) (16.67000000000005,89.80145992065344) (16.68000000000005,89.94946981565529) (16.69000000000005,90.09757971065714) (16.70000000000005,90.245789605659) (16.71000000000005,90.39409950066084) (16.72000000000006,90.54250939566269) (16.73000000000006,90.69101929066454) (16.74000000000006,90.8396291856664) (16.75000000000006,90.98833908066824) (16.76000000000006,91.13714897567009) (16.77000000000006,91.28605887067194) (16.78000000000007,91.43506876567379) (16.79000000000007,91.58417866067565) (16.80000000000007,91.73338855567749) (16.81000000000007,91.88269845067934) (16.82000000000007,92.03210834568119) (16.83000000000007,92.18161824068305) (16.84000000000007,92.3312281356849) (16.85000000000008,92.48093803068674) (16.86000000000008,92.6307479256886) (16.87000000000008,92.78065782069045) (16.88000000000008,92.93066771569229) (16.89000000000008,93.08077761069414) (16.90000000000008,93.23098750569599) (16.91000000000009,93.38129740069785) (16.92000000000009,93.5317072956997) (16.93000000000009,93.68221719070155) (16.94000000000009,93.8328270857034) (16.95000000000009,93.98353698070525) (16.96000000000009,94.13434687570711) (16.97000000000009,94.28525677070895) (16.9800000000001,94.4362666657108) (16.9900000000001,94.58737656071266) (17,94.73858645571451) (17.01,94.88969635071636) (17.02,95.04070624571821) (17.03,95.19161614072006) (17.04000000000001,95.34242603572191) (17.05000000000001,95.49313593072377) (17.06000000000001,95.64374582572562) (17.07000000000001,95.79425572072746) (17.08000000000001,95.94466561572932) (17.09000000000001,96.09497551073117) (17.10000000000002,96.24518540573303) (17.11000000000002,96.39549530073488) (17.12000000000002,96.54590519573674) (17.13000000000002,96.69641509073858) (17.14000000000002,96.84702498574043) (17.15000000000002,96.99773488074229) (17.16000000000003,97.14854477574414) (17.17000000000003,97.29945467074599) (17.18000000000003,97.45046456574784) (17.19000000000003,97.60157446074969) (17.20000000000003,97.75278435575154) (17.21000000000003,97.90409425075339) (17.22000000000003,98.05550414575524) (17.23000000000004,98.20701404075709) (17.24000000000004,98.35862393575894) (17.25000000000004,98.51033383076079) (17.26000000000004,98.66214372576263) (17.27000000000004,98.81405362076448) (17.28000000000004,98.96606351576634) (17.29000000000005,99.11817341076819) (17.30000000000005,99.27038330577004) (17.31000000000005,99.42269320077189) (17.32000000000005,99.57510309577374) (17.33000000000005,99.7276129907756) (17.34000000000005,99.88022288577744) (17.35000000000005,100.0329327807793) (17.36000000000006,100.1857426757811) (17.37000000000006,100.338652570783) (17.38000000000006,100.4916624657848) (17.39000000000006,100.6447723607867) (17.40000000000006,100.7979822557885) (17.41000000000006,100.9512921507904) (17.42000000000007,101.1047020457922) (17.43000000000007,101.2582119407941) (17.44000000000007,101.4118218357959) (17.45000000000007,101.5655317307978) (17.46000000000007,101.7193416257996) (17.47000000000007,101.8732515208015) (17.48000000000008,102.0272614158033) (17.49000000000008,102.1813713108052) (17.50000000000008,102.335581205807) (17.51000000000008,102.4898911008089) (17.52000000000008,102.6443009958107) (17.53000000000008,102.7988108908126) (17.54000000000008,102.9534207858144) (17.55000000000009,103.1081306808163) (17.56000000000009,103.2629405758181) (17.57000000000009,103.41785047082) (17.58000000000009,103.5728603658218) (17.59000000000009,103.7279702608237) (17.60000000000009,103.8831801558255) (17.6100000000001,104.0384900508274) (17.6200000000001,104.1938999458292) (17.6300000000001,104.3494098408311) (17.6400000000001,104.5050197358329) (17.6500000000001,104.6607296308348) (17.6600000000001,104.8165395258366) (17.6700000000001,104.9724494208385) (17.68000000000011,105.1284593158403) (17.69000000000011,105.2845692108422) (17.70000000000011,105.440779105844) (17.71000000000011,105.5970890008459) (17.72000000000011,105.7534988958477) (17.73000000000011,105.9100087908496) (17.74000000000012,106.0666186858514) (17.75000000000012,106.2233285808533) (17.76000000000012,106.3801384758551) (17.77000000000012,106.537048370857) (17.78000000000012,106.6940582658588) (17.79000000000012,106.8511681608607) (17.80000000000013,107.0083780558626) (17.81000000000013,107.1656879508644) (17.82000000000013,107.3230978458662) (17.83000000000013,107.4806077408681) (17.84000000000013,107.6382176358699) (17.85000000000013,107.7959275308718) (17.86000000000013,107.9537374258736) (17.87000000000014,108.1116473208755) (17.88000000000014,108.2696572158773) (17.89000000000014,108.4277671108792) (17.90000000000014,108.585977005881) (17.91000000000014,108.7442869008829) (17.92000000000014,108.9026967958848) (17.93000000000015,109.0612066908866) (17.94000000000015,109.2198165858885) (17.95000000000015,109.3785264808903) (17.96000000000015,109.5373363758922) (17.97000000000015,109.696246270894) (17.98000000000015,109.8552561658959) (17.99000000000015,110.0143660608977) (18,110.1735759558996) (18.01,110.3328858509014) (18.02,110.4922957459032) (18.03,110.6518056409051) (18.04000000000001,110.8114155359069) (18.05000000000001,110.9711254309088) (18.06000000000001,111.1309353259107) (18.07000000000001,111.2908452209125) (18.08000000000001,111.4508551159144) (18.09000000000001,111.6109650109162) (18.10000000000002,111.7711749059181) (18.11000000000002,111.9314848009199) (18.12000000000002,112.0918946959218) (18.13000000000002,112.2524045909236) (18.14000000000002,112.4130144859255) (18.15000000000002,112.5737243809273) (18.16000000000003,112.7345342759291) (18.17000000000003,112.895444170931) (18.18000000000003,113.0564540659329) (18.19000000000003,113.2175639609347) (18.20000000000003,113.3787738559366) (18.21000000000003,113.5400837509384) (18.22000000000003,113.7014936459403) (18.23000000000004,113.8630035409421) (18.24000000000004,114.024613435944) (18.25000000000004,114.1863233309458) (18.26000000000004,114.3481332259477) (18.27000000000004,114.5100431209495) (18.28000000000004,114.6720530159514) (18.29000000000005,114.8341629109532) (18.30000000000005,114.9963728059551) (18.31000000000005,115.1586827009569) (18.32000000000005,115.3210925959588) (18.33000000000005,115.4836024909606) (18.34000000000005,115.6462123859625) (18.35000000000005,115.8089222809643) (18.36000000000006,115.9717321759662) (18.37000000000006,116.134642070968) (18.38000000000006,116.2976519659699) (18.39000000000006,116.4607618609717) (18.40000000000006,116.6239717559736) (18.41000000000006,116.7872816509754) (18.42000000000007,116.9506915459773) (18.43000000000007,117.1142014409791) (18.44000000000007,117.277811335981) (18.45000000000007,117.4415212309828) (18.46000000000007,117.6053311259847) (18.47000000000007,117.7692410209865) (18.48000000000008,117.9332509159884) (18.49000000000008,118.0973608109902) (18.50000000000008,118.2615707059921) (18.51000000000008,118.4258806009939) (18.52000000000008,118.5902904959958) (18.53000000000008,118.7548003909976) (18.54000000000008,118.9194102859995) (18.55000000000009,119.0841201810013) (18.56000000000009,119.2489300760032) (18.57000000000009,119.413839971005) (18.58000000000009,119.5788498660069) (18.59000000000009,119.7439597610087) (18.60000000000009,119.9091696560106) (18.6100000000001,120.0742795510124) (18.6200000000001,120.2392894460143) (18.6300000000001,120.4041993410161) (18.6400000000001,120.569009236018) (18.6500000000001,120.7337191310198) (18.6600000000001,120.8983290260217) (18.6700000000001,121.0628389210235) (18.68000000000011,121.2272488160254) (18.69000000000011,121.3915587110272) (18.70000000000011,121.5557686060291) (18.71000000000011,121.7200785010309) (18.72000000000011,121.8844883960328) (18.73000000000011,122.0489982910346) (18.74000000000012,122.2136081860365) (18.75000000000012,122.3783180810383) (18.76000000000012,122.5431279760402) (18.77000000000012,122.708037871042) (18.78000000000012,122.8730477660439) (18.79000000000012,123.0381576610457) (18.80000000000013,123.2033675560476) (18.81000000000013,123.3686774510494) (18.82000000000013,123.5340873460513) (18.83000000000013,123.6995972410531) (18.84000000000013,123.865207136055) (18.85000000000013,124.0309170310568) (18.86000000000013,124.1967269260587) (18.87000000000014,124.3626368210605) (18.88000000000014,124.5286467160624) (18.89000000000014,124.6947566110642) (18.90000000000014,124.8609665060661) (18.91000000000014,125.027276401068) (18.92000000000014,125.1936862960698) (18.93000000000015,125.3601961910717) (18.94000000000015,125.5268060860735) (18.95000000000015,125.6935159810754) (18.96000000000015,125.8603258760772) (18.97000000000015,126.027235771079) (18.98000000000015,126.1942456660809) (18.99000000000015,126.3613555610828) (19,126.5285654560846) (19.01,126.6958753510865) (19.02,126.8632852460883) (19.03,127.0307951410902) (19.04000000000001,127.198405036092) (19.05000000000001,127.3661149310939) (19.06000000000001,127.5339248260957) (19.07000000000001,127.7018347210976) (19.08000000000001,127.8698446160994) (19.09000000000001,128.0379545111013) (19.10000000000002,128.2061644061031) (19.11000000000002,128.374474301105) (19.12000000000002,128.5428841961068) (19.13000000000002,128.7113940911087) (19.14000000000002,128.8800039861105) (19.15000000000002,129.0487138811124) (19.16000000000003,129.2175237761142) (19.17000000000003,129.3864336711161) (19.18000000000003,129.555443566118) (19.19000000000003,129.7245534611198) (19.20000000000003,129.8937633561216) (19.21000000000003,130.0630732511235) (19.22000000000003,130.2324831461253) (19.23000000000004,130.4019930411272) (19.24000000000004,130.571602936129) (19.25000000000004,130.7413128311309) (19.26000000000004,130.9111227261328) (19.27000000000004,131.0810326211346) (19.28000000000004,131.2510425161365) (19.29000000000005,131.4211524111383) (19.30000000000005,131.5913623061402) (19.31000000000005,131.761672201142) (19.32000000000005,131.9320820961439) (19.33000000000005,132.1025919911457) (19.34000000000005,132.2732018861476) (19.35000000000005,132.4439117811494) (19.36000000000006,132.6147216761513) (19.37000000000006,132.7856315711531) (19.38000000000006,132.956641466155) (19.39000000000006,133.1277513611568) (19.40000000000006,133.2989612561587) (19.41000000000006,133.4702711511605) (19.42000000000007,133.6416810461624) (19.43000000000007,133.8131909411642) (19.44000000000007,133.9848008361661) (19.45000000000007,134.1565107311679) (19.46000000000007,134.3283206261698) (19.47000000000007,134.5002305211716) (19.48000000000008,134.6722404161735) (19.49000000000008,134.8443503111753) (19.50000000000008,135.0165602061772) (19.51000000000008,135.188870101179) (19.52000000000008,135.3612799961809) (19.53000000000008,135.5337898911828) (19.54000000000008,135.7063997861846) (19.55000000000009,135.8791096811865) (19.56000000000009,136.0519195761883) (19.57000000000009,136.2248294711902) (19.58000000000009,136.397839366192) (19.59000000000009,136.5709492611939) (19.60000000000009,136.7441591561957) (19.6100000000001,136.9174690511976) (19.6200000000001,137.0908789461994) (19.6300000000001,137.2643888412013) (19.6400000000001,137.4379987362031) (19.6500000000001,137.611708631205) (19.6600000000001,137.7855185262068) (19.6700000000001,137.9594284212087) (19.68000000000011,138.1334383162105) (19.69000000000011,138.3075482112124) (19.70000000000011,138.4817581062143) (19.71000000000011,138.6560680012161) (19.72000000000011,138.830477896218) (19.73000000000011,139.0049877912198) (19.74000000000012,139.1795976862217) (19.75000000000012,139.3543075812235) (19.76000000000012,139.5291174762254) (19.77000000000012,139.7040273712272) (19.78000000000012,139.8790372662291) (19.79000000000012,140.0541471612309) (19.80000000000013,140.2293570562328) (19.81000000000013,140.4046669512346) (19.82000000000013,140.5800768462365) (19.83000000000013,140.7555867412383) (19.84000000000013,140.9311966362402) (19.85000000000013,141.106906531242) (19.86000000000013,141.2827164262439) (19.87000000000014,141.4586263212458) (19.88000000000014,141.6346362162476) (19.89000000000014,141.8107461112494) (19.90000000000014,141.9869560062513) (19.91000000000014,142.1632659012531) (19.92000000000014,142.339675796255) (19.93000000000015,142.5161856912569) (19.94000000000015,142.6927955862587) (19.95000000000015,142.8695054812606) (19.96000000000015,143.0463153762624) (19.97000000000015,143.2232252712643) (19.98000000000015,143.4002351662661) (19.99000000000015,143.577345061268) (20,143.7545549562698) (20.01,143.9318648512717) (20.02,144.1092747462735) (20.03,144.2867846412754) (20.04000000000001,144.4643945362773) (20.05000000000001,144.6421044312791) (20.06000000000001,144.819914326281) (20.07000000000001,144.9978242212828) (20.08000000000001,145.1758341162846) (20.09000000000001,145.3539440112865) (20.10000000000002,145.5321539062884) (20.11000000000002,145.7104638012902) (20.12000000000002,145.8888736962921) (20.13000000000002,146.0673835912939) (20.14000000000002,146.2459934862958) (20.15000000000002,146.4247033812976) (20.16000000000003,146.6035132762995) (20.17000000000003,146.7824231713013) (20.18000000000003,146.9614330663032) (20.19000000000003,147.140542961305) (20.20000000000003,147.3197528563069) (20.21000000000003,147.4990627513088) (20.22000000000003,147.6784726463106) (20.23000000000004,147.8579825413125) (20.24000000000004,148.0375924363143) (20.25000000000004,148.2173023313161) (20.26000000000004,148.397112226318) (20.27000000000004,148.5770221213199) (20.28000000000004,148.7570320163217) (20.29000000000005,148.9371419113236) (20.30000000000005,149.1173518063254) (20.31000000000005,149.2976617013273) (20.32000000000005,149.4780715963291) (20.33000000000005,149.658581491331) (20.34000000000005,149.8391913863328) (20.35000000000005,150.0199012813347) (20.36000000000006,150.2007111763365) (20.37000000000006,150.3816210713384) (20.38000000000006,150.5626309663403) (20.39000000000006,150.7437408613421) (20.40000000000006,150.924950756344) (20.41000000000006,151.1062606513458) (20.42000000000007,151.2876705463477) (20.43000000000007,151.4691804413495) (20.44000000000007,151.6507903363514) (20.45000000000007,151.8325002313532) (20.46000000000007,152.0143101263551) (20.47000000000007,152.196220021357) (20.48000000000008,152.3782299163588) (20.49000000000008,152.5603398113606) (20.50000000000008,152.7425497063625) (20.51000000000008,152.924789267411) (20.52000000000008,153.1070584945061) (20.53000000000008,153.2893573876478) (20.54000000000008,153.4716859468362) (20.55000000000009,153.6540441720712) (20.56000000000009,153.8364320633528) (20.57000000000009,154.018849620681) (20.58000000000009,154.2012968440558) (20.59000000000009,154.3837737334773) (20.60000000000009,154.5662802889454) (20.6100000000001,154.7486868444135) (20.6200000000001,154.9309933998816) (20.6300000000001,155.1131999553497) (20.6400000000001,155.2953065108178) (20.6500000000001,155.4773130662859) (20.6600000000001,155.659219621754) (20.6700000000001,155.8410261772221) (20.68000000000011,156.0227327326903) (20.69000000000011,156.2043392881584) (20.70000000000011,156.3858458436265) (20.71000000000011,156.5674523990946) (20.72000000000011,156.7491589545627) (20.73000000000011,156.9309655100308) (20.74000000000012,157.1128720654989) (20.75000000000012,157.294878620967) (20.76000000000012,157.4769851764351) (20.77000000000012,157.6591917319032) (20.78000000000012,157.8414982873713) (20.79000000000012,158.0239048428394) (20.80000000000013,158.2064113983075) (20.81000000000013,158.3890179537756) (20.82000000000013,158.5717245092438) (20.83000000000013,158.7545310647119) (20.84000000000013,158.93743762018) (20.85000000000013,159.1204441756481) (20.86000000000013,159.3035507311162) (20.87000000000014,159.4867572865843) (20.88000000000014,159.6700638420524) (20.89000000000014,159.8534703975205) (20.90000000000014,160.0369769529886) (20.91000000000014,160.2205835084567) (20.92000000000014,160.4042900639248) (20.93000000000015,160.5880966193929) (20.94000000000015,160.772003174861) (20.95000000000015,160.9560097303291) (20.96000000000015,161.1401162857972) (20.97000000000015,161.3243228412653) (20.98000000000015,161.5086293967334) (20.99000000000015,161.6930359522015) (21,161.8775425076697) (21.01,162.0621490631378) (21.02,162.2468556186058) (21.03,162.4316621740739) (21.04000000000001,162.6165687295421) (21.05000000000001,162.8015752850102) (21.06000000000001,162.9866818404783) (21.07000000000001,163.1718883959464) (21.08000000000001,163.3571949514145) (21.09000000000001,163.5426015068826) (21.10000000000002,163.7281080623507) (21.11000000000002,163.9137146178188) (21.12000000000002,164.0994211732869) (21.13000000000002,164.285227728755) (21.14000000000002,164.4711342842231) (21.15000000000002,164.6571408396912) (21.16000000000003,164.8432473951594) (21.17000000000003,165.0294539506275) (21.18000000000003,165.2157605060956) (21.19000000000003,165.4021670615637) (21.20000000000003,165.5886736170318) (21.21000000000003,165.7752801724999) (21.22000000000003,165.961986727968) (21.23000000000004,166.1487932834361) (21.24000000000004,166.3356998389042) (21.25000000000004,166.5227063943723) (21.26000000000004,166.7098129498404) (21.27000000000004,166.8970195053085) (21.28000000000004,167.0843260607766) (21.29000000000005,167.2717326162447) (21.30000000000005,167.4592391717128) (21.31000000000005,167.6468457271809) (21.32000000000005,167.834552282649) (21.33000000000005,168.0223588381172) (21.34000000000005,168.2102653935853) (21.35000000000005,168.3982719490534) (21.36000000000006,168.5863785045215) (21.37000000000006,168.7745850599896) (21.38000000000006,168.9628916154577) (21.39000000000006,169.1512981709258) (21.40000000000006,169.3398047263939) (21.41000000000006,169.528411281862) (21.42000000000007,169.7171178373301) (21.43000000000007,169.9059243927982) (21.44000000000007,170.0948309482663) (21.45000000000007,170.2838375037344) (21.46000000000007,170.4729440592025) (21.47000000000007,170.6621506146706) (21.48000000000008,170.8514571701387) (21.49000000000008,171.0408637256068) (21.50000000000008,171.230370281075) (21.51000000000008,171.4199768365431) (21.52000000000008,171.6096833920112) (21.53000000000008,171.7994899474793) (21.54000000000008,171.9893965029474) (21.55000000000009,172.1794030584155) (21.56000000000009,172.3695096138836) (21.57000000000009,172.5597161693517) (21.58000000000009,172.7500227248198) (21.59000000000009,172.9404292802879) (21.60000000000009,173.130935835756) (21.6100000000001,173.3215423912241) (21.6200000000001,173.5122489466922) (21.6300000000001,173.7030555021603) (21.6400000000001,173.8939620576284) (21.6500000000001,174.0849686130965) (21.6600000000001,174.2760751685647) (21.6700000000001,174.4672817240328) (21.68000000000011,174.6585882795009) (21.69000000000011,174.849994834969) (21.70000000000011,175.0415013904371) (21.71000000000011,175.2331079459052) (21.72000000000011,175.4248145013733) (21.73000000000011,175.6166210568414) (21.74000000000012,175.8085276123095) (21.75000000000012,176.0005341677776) (21.76000000000012,176.1926407232457) (21.77000000000012,176.3848472787139) (21.78000000000012,176.577153834182) (21.79000000000012,176.7695603896501) (21.80000000000013,176.9620669451182) (21.81000000000013,177.1546735005863) (21.82000000000013,177.3473800560544) (21.83000000000013,177.5401866115225) (21.84000000000013,177.7330931669906) (21.85000000000013,177.9260997224587) (21.86000000000013,178.1192062779268) (21.87000000000014,178.3124128333949) (21.88000000000014,178.505719388863) (21.89000000000014,178.6991259443311) (21.90000000000014,178.8926324997992) (21.91000000000014,179.0862390552673) (21.92000000000014,179.2799456107354) (21.93000000000015,179.4737521662036) (21.94000000000015,179.6676587216717) (21.95000000000015,179.8616652771398) (21.96000000000015,180.0557718326079) (21.97000000000015,180.249978388076) (21.98000000000015,180.4442849435441) (21.99000000000015,180.6386914990122) (22,180.8331980544803) (22.01,181.0276046099484) (22.02,181.2219111654165) (22.03,181.4161177208846) (22.04000000000001,181.6102242763527) (22.05000000000001,181.8042308318208) (22.06000000000001,181.9981373872889) (22.07000000000001,182.1919439427571) (22.08000000000001,182.3856504982252) (22.09000000000001,182.5792570536933) (22.10000000000002,182.7727636091614) (22.11000000000002,182.9663701646295) (22.12000000000002,183.1600767200976) (22.13000000000002,183.3538832755657) (22.14000000000002,183.5477898310338) (22.15000000000002,183.741796386502) (22.16000000000003,183.9359029419701) (22.17000000000003,184.1301094974382) (22.18000000000003,184.3244160529063) (22.19000000000003,184.5188226083744) (22.20000000000003,184.7133291638425) (22.21000000000003,184.9079357193106) (22.22000000000003,185.1026422747787) (22.23000000000004,185.2974488302468) (22.24000000000004,185.4923553857149) (22.25000000000004,185.687361941183) (22.26000000000004,185.8824684966511) (22.27000000000004,186.0776750521192) (22.28000000000004,186.2729816075873) (22.29000000000005,186.4683881630554) (22.30000000000005,186.6638947185236) (22.31000000000005,186.8595012739917) (22.32000000000005,187.0552078294598) (22.33000000000005,187.2510143849279) (22.34000000000005,187.446920940396) (22.35000000000005,187.6429274958641) (22.36000000000006,187.8390340513322) (22.37000000000006,188.0352406068003) (22.38000000000006,188.2315471622684) (22.39000000000006,188.4279537177365) (22.40000000000006,188.6244602732046) (22.41000000000006,188.8210668286727) (22.42000000000007,189.0177733841408) (22.43000000000007,189.2145799396089) (22.44000000000007,189.411486495077) (22.45000000000007,189.6084930505451) (22.46000000000007,189.8055996060133) (22.47000000000007,190.0028061614814) (22.48000000000008,190.2001127169495) (22.49000000000008,190.3975192724176) (22.50000000000008,190.5950258278857) (22.51000000000008,190.7926323833538) (22.52000000000008,190.9903389388219) (22.53000000000008,191.18814549429) (22.54000000000008,191.3860520497581) (22.55000000000009,191.5840586052262) (22.56000000000009,191.7821651606943) (22.57000000000009,191.9803717161625) (22.58000000000009,192.1786782716306) (22.59000000000009,192.3770848270987) (22.60000000000009,192.5755913825668) (22.6100000000001,192.7741979380349) (22.6200000000001,192.972904493503) (22.6300000000001,193.1717110489711) (22.6400000000001,193.3706176044392) (22.6500000000001,193.5696241599073) (22.6600000000001,193.7687307153755) (22.6700000000001,193.9679372708435) (22.68000000000011,194.1672438263116) (22.69000000000011,194.3666503817797) (22.70000000000011,194.5661569372479) (22.71000000000011,194.765763492716) (22.72000000000011,194.9654700481841) (22.73000000000011,195.1652766036522) (22.74000000000012,195.3651831591203) (22.75000000000012,195.5651897145884) (22.76000000000012,195.7652962700565) (22.77000000000012,195.9655028255246) (22.78000000000012,196.1658093809927) (22.79000000000012,196.3662159364608) (22.80000000000013,196.5667224919289) (22.81000000000013,196.7673290473971) (22.82000000000013,196.9680356028652) (22.83000000000013,197.1688421583333) (22.84000000000013,197.3697487138014) (22.85000000000013,197.5707552692695) (22.86000000000013,197.7718618247376) (22.87000000000014,197.9730683802057) (22.88000000000014,198.1743749356738) (22.89000000000014,198.3757814911419) (22.90000000000014,198.57728804661) (22.91000000000014,198.7788946020781) (22.92000000000014,198.9806011575463) (22.93000000000015,199.1824077130144) (22.94000000000015,199.3843142684825) (22.95000000000015,199.5863208239506) (22.96000000000015,199.7884273794187) (22.97000000000015,199.9906339348868) (22.98000000000015,200.1929404903549) (22.99000000000015,200.395347045823) (23,200.5978536012911) (23.01,200.8004601567592) (23.02,201.0031667122273) (23.03,201.2059732676954) (23.04000000000001,201.4088798231635) (23.05000000000001,201.6118863786317) (23.06000000000001,201.8149929340998) (23.07000000000001,202.0181994895679) (23.08000000000001,202.221506045036) (23.09000000000001,202.4249126005041) (23.10000000000002,202.6284191559722) (23.11000000000002,202.8320257114403) (23.12000000000002,203.0357322669084) (23.13000000000002,203.2395388223765) (23.14000000000002,203.4434453778446) (23.15000000000002,203.6474519333127) (23.16000000000003,203.8515584887809) (23.17000000000003,204.055765044249) (23.18000000000003,204.2600715997171) (23.19000000000003,204.4644781551852) (23.20000000000003,204.6689847106533) (23.21000000000003,204.8735912661214) (23.22000000000003,205.0782978215895) (23.23000000000004,205.2831043770576) (23.24000000000004,205.4880109325257) (23.25000000000004,205.6930174879938) (23.26000000000004,205.898124043462) (23.27000000000004,206.1033305989301) (23.28000000000004,206.3086371543982) (23.29000000000005,206.5140437098663) (23.30000000000005,206.7195502653344) (23.31000000000005,206.9249568208025) (23.32000000000005,207.1302633762706) (23.33000000000005,207.3354699317387) (23.34000000000005,207.5405764872068) (23.35000000000005,207.7455830426749) (23.36000000000006,207.950489598143) (23.37000000000006,208.1552961536111) (23.38000000000006,208.3600027090792) (23.39000000000006,208.5646092645473) (23.40000000000006,208.7691158200154) (23.41000000000006,208.9737223754835) (23.42000000000007,209.1784289309516) (23.43000000000007,209.3832354864197) (23.44000000000007,209.5881420418879) (23.45000000000007,209.793148597356) (23.46000000000007,209.9982551528241) (23.47000000000007,210.2034617082922) (23.48000000000008,210.4087682637603) (23.49000000000008,210.6141748192284) (23.50000000000008,210.8196813746965) (23.51000000000008,211.0252879301646) (23.52000000000008,211.2309944856327) (23.53000000000008,211.4368010411008) (23.54000000000008,211.642707596569) (23.55000000000009,211.8487141520371) (23.56000000000009,212.0548207075052) (23.57000000000009,212.2610272629733) (23.58000000000009,212.4673338184414) (23.59000000000009,212.6737403739095) (23.60000000000009,212.8802469293776) (23.6100000000001,213.0868534848457) (23.6200000000001,213.2935600403138) (23.6300000000001,213.5003665957819) (23.6400000000001,213.7072731512501) (23.6500000000001,213.9142797067182) (23.6600000000001,214.1213862621863) (23.6700000000001,214.3285928176544) (23.68000000000011,214.5358993731225) (23.69000000000011,214.7433059285906) (23.70000000000011,214.9508124840587) (23.71000000000011,215.1584190395268) (23.72000000000011,215.3661255949949) (23.73000000000011,215.573932150463) (23.74000000000012,215.7818387059311) (23.75000000000012,215.9898452613992) (23.76000000000012,216.1979518168673) (23.77000000000012,216.4061583723355) (23.78000000000012,216.6144649278036) (23.79000000000012,216.8228714832717) (23.80000000000013,217.0313780387398) (23.81000000000013,217.2399845942079) (23.82000000000013,217.448691149676) (23.83000000000013,217.6574977051441) (23.84000000000013,217.8664042606122) (23.85000000000013,218.0754108160803) (23.86000000000013,218.2845173715484) (23.87000000000014,218.4937239270166) (23.88000000000014,218.7030304824847) (23.89000000000014,218.9124370379528) (23.90000000000014,219.1219435934209) (23.91000000000014,219.331550148889) (23.92000000000014,219.5412567043571) (23.93000000000015,219.7510632598252) (23.94000000000015,219.9609698152933) (23.95000000000015,220.1709763707614) (23.96000000000015,220.3810829262295) (23.97000000000015,220.5912894816977) (23.98000000000015,220.8015960371658) (23.99000000000015,221.0120025926339) (24,221.222509148102) (24.01,221.4331157035701) (24.02,221.6438222590382) (24.03,221.8546288145063) (24.04000000000001,222.0655353699744) (24.05000000000001,222.2765419254425) (24.06000000000001,222.4876484809107) (24.07000000000001,222.6988550363788) (24.08000000000001,222.9101615918469) (24.09000000000001,223.121568147315) (24.10000000000002,223.3330747027831) (24.11000000000002,223.5446812582512) (24.12000000000002,223.7563878137193) (24.13000000000002,223.9681943691874) (24.14000000000002,224.1801009246555) (24.15000000000002,224.3921074801237) (24.16000000000003,224.6042140355918) (24.17000000000003,224.8164205910599) (24.18000000000003,225.028727146528) (24.19000000000003,225.2411337019961) (24.20000000000003,225.4536402574642) (24.21000000000003,225.6662468129323) (24.22000000000003,225.8789533684004) (24.23000000000004,226.0917599238685) (24.24000000000004,226.3046664793366) (24.25000000000004,226.5176730348047) (24.26000000000004,226.7307795902728) (24.27000000000004,226.943986145741) (24.28000000000004,227.1572927012091) (24.29000000000005,227.3706992566772) (24.30000000000005,227.5842058121453) (24.31000000000005,227.7976123676134) (24.32000000000005,228.0109189230815) (24.33000000000005,228.2241254785496) (24.34000000000005,228.4372320340177) (24.35000000000005,228.6502385894858) (24.36000000000006,228.8631451449539) (24.37000000000006,229.0759517004221) (24.38000000000006,229.2886582558902) (24.39000000000006,229.5012648113583) (24.40000000000006,229.7137713668264) (24.41000000000006,229.9263779222945) (24.42000000000007,230.1390844777626) (24.43000000000007,230.3518910332307) (24.44000000000007,230.5647975886989) (24.45000000000007,230.777804144167) (24.46000000000007,230.9909106996351) (24.47000000000007,231.2041172551032) (24.48000000000008,231.4174238105713) (24.49000000000008,231.6308303660394) (24.50000000000008,231.8443369215075) (24.51000000000008,232.0579434769756) (24.52000000000008,232.2716500324437) (24.53000000000008,232.4854565879118) (24.54000000000008,232.6993631433799) (24.55000000000009,232.913369698848) (24.56000000000009,233.1274762543162) (24.57000000000009,233.3416828097843) (24.58000000000009,233.5559893652524) (24.59000000000009,233.7703959207205) (24.60000000000009,233.9849024761886) (24.6100000000001,234.1995090316567) (24.6200000000001,234.4142155871248) (24.6300000000001,234.6290221425929) (24.6400000000001,234.843928698061) (24.6500000000001,235.0589352535291) (24.6600000000001,235.2740418089973) (24.6700000000001,235.4892483644654) (24.68000000000011,235.7045549199335) (24.69000000000011,235.9199614754016) (24.70000000000011,236.1354680308697) (24.71000000000011,236.3510745863378) (24.72000000000011,236.5667811418059) (24.73000000000011,236.782587697274) (24.74000000000012,236.9984942527421) (24.75000000000012,237.2145008082103) (24.76000000000012,237.4306073636784) (24.77000000000012,237.6468139191465) (24.78000000000012,237.8631204746146) (24.79000000000012,238.0795270300827) (24.80000000000013,238.2960335855508) (24.81000000000013,238.5126401410189) (24.82000000000013,238.729346696487) (24.83000000000013,238.9461532519551) (24.84000000000013,239.1630598074233) (24.85000000000013,239.3800663628914) (24.86000000000013,239.5971729183595) (24.87000000000014,239.8143794738276) (24.88000000000014,240.0316860292957) (24.89000000000014,240.2490925847638) (24.90000000000014,240.4665991402319) (24.91000000000014,240.6842056957) (24.92000000000014,240.9019122511681) (24.93000000000015,241.1197188066363) (24.94000000000015,241.3376253621044) (24.95000000000015,241.5556319175725) (24.96000000000015,241.7737384730406) (24.97000000000015,241.9919450285087) (24.98000000000015,242.2102515839768) (24.99000000000015,242.4286581394449) (25,242.647164694913) (25.01,242.8657712503811) (25.02,243.0844778058492) (25.03,243.3032843613174) (25.04000000000001,243.5221909167855) (25.05000000000001,243.7411974722536) (25.06000000000001,243.9603040277217) (25.07000000000001,244.1795105831898) (25.08000000000001,244.3988171386579) (25.09000000000001,244.618223694126) (25.10000000000002,244.8377302495941) (25.11000000000002,245.0573368050622) (25.12000000000002,245.2770433605304) (25.13000000000002,245.4968499159985) (25.14000000000002,245.7167564714666) (25.15000000000002,245.9367630269347) (25.16000000000003,246.1568695824028) (25.17000000000003,246.3770761378709) (25.18000000000003,246.597382693339) (25.19000000000003,246.8177892488071) (25.20000000000003,247.0382958042753) (25.21000000000003,247.2589023597434) (25.22000000000003,247.4796089152115) (25.23000000000004,247.7004154706796) (25.24000000000004,247.9213220261477) (25.25000000000004,248.1423285816158) (25.26000000000004,248.3634351370839) (25.27000000000004,248.584641692552) (25.28000000000004,248.8059482480201) (25.29000000000005,249.0273548034883) (25.30000000000005,249.2488613589564) (25.31000000000005,249.4704679144245) (25.32000000000005,249.6921744698926) (25.33000000000005,249.9139810253607) (25.34000000000005,250.1358875808288) (25.35000000000005,250.3578941362969) (25.36000000000006,250.580000691765) (25.37000000000006,250.8022072472332) (25.38000000000006,251.0245138027013) (25.39000000000006,251.2469203581694) (25.40000000000006,251.4694269136375) (25.41000000000006,251.6920334691056) (25.42000000000007,251.9147400245737) (25.43000000000007,252.1375465800418) (25.44000000000007,252.3604531355099) (25.45000000000007,252.583459690978) (25.46000000000007,252.8065662464462) (25.47000000000007,253.0297728019143) (25.48000000000008,253.2530793573824) (25.49000000000008,253.4764859128505) (25.50000000000008,253.6999924683186) (25.51000000000008,253.9235990237867) (25.52000000000008,254.1473055792548) (25.53000000000008,254.3711121347229) (25.54000000000008,254.595018690191) (25.55000000000009,254.8190252456592) (25.56000000000009,255.0431318011273) (25.57000000000009,255.2673383565954) (25.58000000000009,255.4916449120635) (25.59000000000009,255.7160514675316) (25.60000000000009,255.9405580229997) (25.6100000000001,256.1649645784678) (25.6200000000001,256.3892711339359) (25.6300000000001,256.6134776894041) (25.6400000000001,256.8375842448722) (25.6500000000001,257.0615908003403) (25.6600000000001,257.2854973558084) (25.6700000000001,257.5093039112765) (25.68000000000011,257.7330104667446) (25.69000000000011,257.9566170222127) (25.70000000000011,258.1801235776808) (25.71000000000011,258.4037301331489) (25.72000000000011,258.627436688617) (25.73000000000011,258.8512432440851) (25.74000000000012,259.0751497995532) (25.75000000000012,259.2991563550214) (25.76000000000012,259.5232629104894) (25.77000000000012,259.7474694659576) (25.78000000000012,259.9717760214257) (25.79000000000012,260.1961825768938) (25.80000000000013,260.4206891323619) (25.81000000000013,260.64529568783) (25.82000000000013,260.8700022432981) (25.83000000000013,261.0948087987662) (25.84000000000013,261.3197153542343) (25.85000000000013,261.5447219097024) (25.86000000000013,261.7698284651706) (25.87000000000014,261.9950350206387) (25.88000000000014,262.2203415761068) (25.89000000000014,262.4457481315749) (25.90000000000014,262.671254687043) (25.91000000000014,262.8968612425111) (25.92000000000014,263.1225677979792) (25.93000000000015,263.3483743534474) (25.94000000000015,263.5742809089155) (25.95000000000015,263.8002874643836) (25.96000000000015,264.0263940198517) (25.97000000000015,264.2526005753198) (25.98000000000015,264.4789071307879) (25.99000000000015,264.705313686256) (26,264.9318202417242) (26.01,265.1584267971922) (26.02,265.3851333526604) (26.03,265.6119399081285) (26.04000000000001,265.8388464635966) (26.05000000000001,266.0658530190647) (26.06000000000001,266.2929595745329) (26.07000000000001,266.520166130001) (26.08000000000001,266.7474726854691) (26.09000000000001,266.9748792409372) (26.10000000000002,267.2023857964053) (26.11000000000002,267.4299923518734) (26.12000000000002,267.6576989073415) (26.13000000000002,267.8855054628096) (26.14000000000002,268.1134120182778) (26.15000000000002,268.3414185737458) (26.16000000000003,268.569525129214) (26.17000000000003,268.797731684682) (26.18000000000003,269.0260382401502) (26.19000000000003,269.2544447956183) (26.20000000000003,269.4829513510864) (26.21000000000003,269.7115579065545) (26.22000000000003,269.9402644620226) (26.23000000000004,270.1690710174908) (26.24000000000004,270.3979775729588) (26.25000000000004,270.626984128427) (26.26000000000004,270.856090683895) (26.27000000000004,271.0852972393632) (26.28000000000004,271.3146037948313) (26.29000000000005,271.5440103502994) (26.30000000000005,271.7735169057675) (26.31000000000005,272.0031234612356) (26.32000000000005,272.2328300167038) (26.33000000000005,272.4626365721718) (26.34000000000005,272.69254312764) (26.35000000000005,272.9225496831081) (26.36000000000006,273.1526562385762) (26.37000000000006,273.3828627940443) (26.38000000000006,273.6131693495124) (26.39000000000006,273.8435759049805) (26.40000000000006,274.0740824604487) (26.41000000000006,274.3046890159168) (26.42000000000007,274.5353955713849) (26.43000000000007,274.766202126853) (26.44000000000007,274.9971086823211) (26.45000000000007,275.2281152377892) (26.46000000000007,275.4592217932573) (26.47000000000007,275.6904283487254) (26.48000000000008,275.9217349041936) (26.49000000000008,276.1531414596617) (26.50000000000008,276.3846480151298) (26.51000000000008,276.6162545705979) (26.52000000000008,276.847961126066) (26.53000000000008,277.0797676815341) (26.54000000000008,277.3116742370023) (26.55000000000009,277.5436807924704) (26.56000000000009,277.7757873479385) (26.57000000000009,278.0079939034066) (26.58000000000009,278.2403004588747) (26.59000000000009,278.4727070143428) (26.60000000000009,278.7052135698109) (26.6100000000001,278.937820125279) (26.6200000000001,279.1705266807471) (26.6300000000001,279.4033332362152) (26.6400000000001,279.6362397916834) (26.6500000000001,279.8692463471515) (26.6600000000001,280.1023529026196) (26.6700000000001,280.3355594580877) (26.68000000000011,280.5688660135558) (26.69000000000011,280.8022725690239) (26.70000000000011,281.035779124492) (26.71000000000011,281.2693856799601) (26.72000000000011,281.5030922354283) (26.73000000000011,281.7368987908964) (26.74000000000012,281.9708053463645) (26.75000000000012,282.2048119018326) (26.76000000000012,282.4389184573007) (26.77000000000012,282.6731250127688) (26.78000000000012,282.9074315682369) (26.79000000000012,283.141838123705) (26.80000000000013,283.3763446791731) (26.81000000000013,283.6109512346413) (26.82000000000013,283.8456577901094) (26.83000000000013,284.0804643455775) (26.84000000000013,284.3153709010456) (26.85000000000013,284.5503774565137) (26.86000000000013,284.7854840119819) (26.87000000000014,285.0206905674499) (26.88000000000014,285.2559971229181) (26.89000000000014,285.4914036783862) (26.90000000000014,285.7269102338543) (26.91000000000014,285.9623167893224) (26.92000000000014,286.1976233447905) (26.93000000000015,286.4328299002586) (26.94000000000015,286.6679364557268) (26.95000000000015,286.9029430111948) (26.96000000000015,287.137849566663) (26.97000000000015,287.3726561221311) (26.98000000000015,287.6073626775992) (26.99000000000015,287.8419692330673) (27,288.0764757885354) (27.01,288.3110823440036) (27.02,288.5457888994717) (27.03,288.7805954549398) (27.04000000000001,289.0155020104079) (27.05000000000001,289.250508565876) (27.06000000000001,289.4856151213442) (27.07000000000001,289.7208216768122) (27.08000000000001,289.9561282322804) (27.09000000000001,290.1915347877485) (27.10000000000002,290.4270413432166) (27.11000000000002,290.6626478986847) (27.12000000000002,290.8983544541529) (27.13000000000002,291.134161009621) (27.14000000000002,291.3700675650891) (27.15000000000002,291.6060741205572) (27.16000000000003,291.8421806760253) (27.17000000000003,292.0783872314934) (27.18000000000003,292.3146937869615) (27.19000000000003,292.5511003424297) (27.20000000000003,292.7876068978978) (27.21000000000003,293.0242134533659) (27.22000000000003,293.260920008834) (27.23000000000004,293.4977265643021) (27.24000000000004,293.7346331197702) (27.25000000000004,293.9716396752383) (27.26000000000004,294.2087462307064) (27.27000000000004,294.4459527861745) (27.28000000000004,294.6832593416427) (27.29000000000005,294.9206658971108) (27.30000000000005,295.1581724525789) (27.31000000000005,295.395779008047) (27.32000000000005,295.6334855635151) (27.33000000000005,295.8712921189832) (27.34000000000005,296.1091986744513) (27.35000000000005,296.3472052299194) (27.36000000000006,296.5853117853875) (27.37000000000006,296.8235183408557) (27.38000000000006,297.0618248963238) (27.39000000000006,297.3002314517919) (27.40000000000006,297.53873800726) (27.41000000000006,297.7773445627281) (27.42000000000007,298.0160511181962) (27.43000000000007,298.2548576736643) (27.44000000000007,298.4937642291325) (27.45000000000007,298.7327707846006) (27.46000000000007,298.9718773400687) (27.47000000000007,299.2110838955368) (27.48000000000008,299.4503904510049) (27.49000000000008,299.689797006473) (27.50000000000008,299.9293035619411) (27.51000000000008,300.1689101174093) (27.52000000000008,300.4086166728774) (27.53000000000008,300.6484232283455) (27.54000000000008,300.8883297838136) (27.55000000000009,301.1283363392818) (27.56000000000009,301.3684428947499) (27.57000000000009,301.608649450218) (27.58000000000009,301.8489560056861) (27.59000000000009,302.0893625611542) (27.60000000000009,302.3298691166223) (27.6100000000001,302.5704756720904) (27.6200000000001,302.8111822275586) (27.6300000000001,303.0519887830267) (27.6400000000001,303.2928953384948) (27.6500000000001,303.5339018939629) (27.6600000000001,303.775008449431) (27.6700000000001,304.0162150048991) (27.68000000000011,304.2575215603672) (27.69000000000011,304.4989281158353) (27.70000000000011,304.7404346713034) (27.71000000000011,304.9820412267716) (27.72000000000011,305.2237477822397) (27.73000000000011,305.4655543377078) (27.74000000000012,305.7074608931759) (27.75000000000012,305.949467448644) (27.76000000000012,306.1915740041121) (27.77000000000012,306.4337805595802) (27.78000000000012,306.6760871150483) (27.79000000000012,306.9184936705165) (27.80000000000013,307.1610002259846) (27.81000000000013,307.4036067814527) (27.82000000000013,307.6463133369208) (27.83000000000013,307.8891198923889) (27.84000000000013,308.132026447857) (27.85000000000013,308.3750330033251) (27.86000000000013,308.6181395587932) (27.87000000000014,308.8613461142614) (27.88000000000014,309.1046526697295) (27.89000000000014,309.3480592251976) (27.90000000000014,309.5915657806657) (27.91000000000014,309.8349723361339) (27.92000000000014,310.078278891602) (27.93000000000015,310.3214854470701) (27.94000000000015,310.5645920025382) (27.95000000000015,310.8075985580064) (27.96000000000015,311.0505051134745) (27.97000000000015,311.2933116689426) (27.98000000000015,311.5360182244107) (27.99000000000015,311.7786247798788) (28,312.0211313353469) (28.01,312.263737890815) (28.02,312.5064444462831) (28.03,312.7492510017512) (28.04000000000001,312.9921575572193) (28.05000000000001,313.2351641126875) (28.06000000000001,313.4782706681556) (28.07000000000001,313.7214772236237) (28.08000000000001,313.9647837790918) (28.09000000000001,314.20819033456) (28.10000000000002,314.4516968900281) (28.11000000000002,314.6953034454962) (28.12000000000002,314.9390100009643) (28.13000000000002,315.1828165564324) (28.14000000000002,315.4267231119005) (28.15000000000002,315.6707296673686) (28.16000000000003,315.9148362228368) (28.17000000000003,316.1590427783049) (28.18000000000003,316.403349333773) (28.19000000000003,316.6477558892411) (28.20000000000003,316.8922624447092) (28.21000000000003,317.1368690001773) (28.22000000000003,317.3815755556454) (28.23000000000004,317.6263821111136) (28.24000000000004,317.8712886665817) (28.25000000000004,318.1162952220498) (28.26000000000004,318.3614017775179) (28.27000000000004,318.606608332986) (28.28000000000004,318.8519148884541) (28.29000000000005,319.0973214439222) (28.30000000000005,319.3428279993904) (28.31000000000005,319.5884345548585) (28.32000000000005,319.8341411103266) (28.33000000000005,320.0799476657947) (28.34000000000005,320.3258542212628) (28.35000000000005,320.5718607767309) (28.36000000000006,320.817967332199) (28.37000000000006,321.0641738876672) (28.38000000000006,321.3104804431352) (28.39000000000006,321.5568869986034) (28.40000000000006,321.8033935540715) (28.41000000000006,322.0500001095396) (28.42000000000007,322.2967066650077) (28.43000000000007,322.5435132204759) (28.44000000000007,322.790419775944) (28.45000000000007,323.0374263314121) (28.46000000000007,323.2845328868802) (28.47000000000007,323.5317394423483) (28.48000000000008,323.7790459978164) (28.49000000000008,324.0264525532845) (28.50000000000008,324.2739591087526) (28.51000000000008,324.5215656642208) (28.52000000000008,324.7692722196889) (28.53000000000008,325.017078775157) (28.54000000000008,325.2649853306251) (28.55000000000009,325.5129918860932) (28.56000000000009,325.7610984415613) (28.57000000000009,326.0093049970295) (28.58000000000009,326.2576115524976) (28.59000000000009,326.5060181079657) (28.60000000000009,326.7545246634338) (28.6100000000001,327.003131218902) (28.6200000000001,327.2518377743701) (28.6300000000001,327.5006443298382) (28.6400000000001,327.7495508853063) (28.6500000000001,327.9985574407744) (28.6600000000001,328.2476639962425) (28.6700000000001,328.4968705517106) (28.68000000000011,328.7461771071788) (28.69000000000011,328.9955836626469) (28.70000000000011,329.245090218115) (28.71000000000011,329.4946967735831) (28.72000000000011,329.7444033290512) (28.73000000000011,329.9942098845193) (28.74000000000012,330.2441164399874) (28.75000000000012,330.4941229954555) (28.76000000000012,330.7442295509236) (28.77000000000012,330.9944361063918) (28.78000000000012,331.2447426618599) (28.79000000000012,331.495149217328) (28.80000000000013,331.7456557727961) (28.81000000000013,331.9960623282642) (28.82000000000013,332.2463688837323) (28.83000000000013,332.4965754392005) (28.84000000000013,332.7466819946686) (28.85000000000013,332.9966885501367) (28.86000000000013,333.2465951056048) (28.87000000000014,333.4964016610729) (28.88000000000014,333.746108216541) (28.89000000000014,333.9957147720091) (28.90000000000014,334.2452213274772) (28.91000000000014,334.4948278829453) (28.92000000000014,334.7445344384134) (28.93000000000015,334.9943409938816) (28.94000000000015,335.2442475493497) (28.95000000000015,335.4942541048178) (28.96000000000015,335.7443606602859) (28.97000000000015,335.994567215754) (28.98000000000015,336.2448737712222) (28.99000000000015,336.4952803266902) (29,336.7457868821584) (29.01,336.9963934376265) (29.02,337.2470999930946) (29.03,337.4979065485627) (29.04000000000001,337.7488131040308) (29.05000000000001,337.9998196594989) (29.06000000000001,338.2509262149671) (29.07000000000001,338.5021327704352) (29.08000000000001,338.7534393259033) (29.09000000000001,339.0048458813714) (29.10000000000002,339.2563524368395) (29.11000000000002,339.5079589923076) (29.12000000000002,339.7596655477757) (29.13000000000002,340.0114721032439) (29.14000000000002,340.263378658712) (29.15000000000002,340.5153852141801) (29.16000000000003,340.7674917696482) (29.17000000000003,341.0196983251163) (29.18000000000003,341.2720048805845) (29.19000000000003,341.5244114360526) (29.20000000000003,341.7769179915207) (29.21000000000003,342.0295245469888) (29.22000000000003,342.2822311024569) (29.23000000000004,342.535037657925) (29.24000000000004,342.7879442133932) (29.25000000000004,343.0409507688613) (29.26000000000004,343.2940573243294) (29.27000000000004,343.5472638797975) (29.28000000000004,343.8005704352656) (29.29000000000005,344.0539769907338) (29.30000000000005,344.3074835462019) (29.31000000000005,344.56109010167) (29.32000000000005,344.8147966571381) (29.33000000000005,345.0686032126062) (29.34000000000005,345.3225097680743) (29.35000000000005,345.5765163235424) (29.36000000000006,345.8306228790105) (29.37000000000006,346.0848294344786) (29.38000000000006,346.3391359899468) (29.39000000000006,346.5935425454149) (29.40000000000006,346.848049100883) (29.41000000000006,347.1026556563511) (29.42000000000007,347.3573622118192) (29.43000000000007,347.6121687672874) (29.44000000000007,347.8670753227555) (29.45000000000007,348.1220818782236) (29.46000000000007,348.3771884336917) (29.47000000000007,348.6323949891598) (29.48000000000008,348.8877015446279) (29.49000000000008,349.1431081000961) (29.50000000000008,349.3986146555642) (29.51000000000008,349.6542212110323) (29.52000000000008,349.9099277665004) (29.53000000000008,350.1657343219685) (29.54000000000008,350.4216408774366) (29.55000000000009,350.6776474329047) (29.56000000000009,350.9337539883729) (29.57000000000009,351.189960543841) (29.58000000000009,351.4462670993091) (29.59000000000009,351.7026736547772) (29.60000000000009,351.9591802102453) (29.6100000000001,352.2157867657135) (29.6200000000001,352.4724933211816) (29.6300000000001,352.7292998766497) (29.6400000000001,352.9862064321178) (29.6500000000001,353.2432129875859) (29.6600000000001,353.500319543054) (29.6700000000001,353.7575260985222) (29.68000000000011,354.0148326539903) (29.69000000000011,354.2722392094584) (29.70000000000011,354.5297457649265) (29.71000000000011,354.7873523203946) (29.72000000000011,355.0450588758628) (29.73000000000011,355.3028654313309) (29.74000000000012,355.560771986799) (29.75000000000012,355.8187785422671) (29.76000000000012,356.0768850977352) (29.77000000000012,356.3350916532033) (29.78000000000012,356.5933982086714) (29.79000000000012,356.8518047641396) (29.80000000000013,357.1103113196077) (29.81000000000013,357.3689178750758) (29.82000000000013,357.6276244305439) (29.83000000000013,357.886430986012) (29.84000000000013,358.1453375414802) (29.85000000000013,358.4043440969483) (29.86000000000013,358.6634506524164) (29.87000000000014,358.9226572078845) (29.88000000000014,359.1819637633526) (29.89000000000014,359.4413703188207) (29.90000000000014,359.7008768742888) (29.91000000000014,359.9604834297569) (29.92000000000014,360.2201899852251) (29.93000000000015,360.4799965406932) (29.94000000000015,360.7399030961613) (29.95000000000015,360.9999096516294) (29.96000000000015,361.2600162070975) (29.97000000000015,361.5202227625657) (29.98000000000015,361.7805293180338) (29.99000000000015,362.0409358735019) (30,362.30144242897) (30.01,362.5618489844381) (30.02,362.8221555399062) (30.03,363.0823620953744) (30.04000000000001,363.3424686508425) (30.05000000000001,363.6024752063106) (30.06000000000001,363.8623817617787) (30.07000000000001,364.1221883172468) (30.08000000000001,364.381894872715) (30.09000000000001,364.6415014281831) (30.10000000000002,364.9010079836512) (30.11000000000002,365.1606145391193) (30.12000000000002,365.4203210945875) (30.13000000000002,365.6801276500556) (30.14000000000002,365.9400342055237) (30.15000000000002,366.2000407609918) (30.16000000000003,366.4601473164599) (30.17000000000003,366.720353871928) (30.18000000000003,366.9806604273961) (30.19000000000003,367.2410669828643) (30.20000000000003,367.5015735383324) (30.21000000000003,367.7621800938005) (30.22000000000003,368.0228866492686) (30.23000000000004,368.2836932047367) (30.24000000000004,368.5445997602048) (30.25000000000004,368.8056063156729) (30.26000000000004,369.0667128711411) (30.27000000000004,369.3279194266092) (30.28000000000004,369.5892259820773) (30.29000000000005,369.8506325375454) (30.30000000000005,370.1121390930136) (30.31000000000005,370.3737456484817) (30.32000000000005,370.6354522039498) (30.33000000000005,370.8972587594179) (30.34000000000005,371.159165314886) (30.35000000000005,371.4211718703542) (30.36000000000006,371.6832784258223) (30.37000000000006,371.9454849812904) (30.38000000000006,372.2077915367585) (30.39000000000006,372.4701980922266) (30.40000000000006,372.7327046476947) (30.41000000000006,372.9953112031628) (30.42000000000007,373.258017758631) (30.43000000000007,373.5208243140991) (30.44000000000007,373.7837308695672) (30.45000000000007,374.0467374250353) (30.46000000000007,374.3098439805034) (30.47000000000007,374.5730505359716) (30.48000000000008,374.8363570914397) (30.49000000000008,375.0997636469078) (30.50000000000008,375.3632702023759) (30.51000000000008,375.626876757844) (30.52000000000008,375.8905833133121) (30.53000000000008,376.1543898687802) (30.54000000000008,376.4182964242484) (30.55000000000009,376.6823029797165) (30.56000000000009,376.9464095351846) (30.57000000000009,377.2106160906527) (30.58000000000009,377.4749226461208) (30.59000000000009,377.7393292015889) (30.60000000000009,378.0038357570571) (30.6100000000001,378.2684423125252) (30.6200000000001,378.5331488679933) (30.6300000000001,378.7979554234614) (30.6400000000001,379.0628619789296) (30.6500000000001,379.3278685343977) (30.6600000000001,379.5929750898658) (30.6700000000001,379.8581816453339) (30.68000000000011,380.123488200802) (30.69000000000011,380.3888947562701) (30.70000000000011,380.6544013117382) (30.71000000000011,380.9200078672064) (30.72000000000011,381.1857144226745) (30.73000000000011,381.4515209781426) (30.74000000000012,381.7174275336108) (30.75000000000012,381.9834340890789) (30.76000000000012,382.249540644547) (30.77000000000012,382.5157472000151) (30.78000000000012,382.7820537554832) (30.79000000000012,383.0484603109513) (30.80000000000013,383.3149668664195) (30.81000000000013,383.5815734218876) (30.82000000000013,383.8482799773557) (30.83000000000013,384.1150865328238) (30.84000000000013,384.3819930882919) (30.85000000000013,384.64899964376) (30.86000000000013,384.9161061992281) (30.87000000000014,385.1833127546963) (30.88000000000014,385.4506193101644) (30.89000000000014,385.7180258656325) (30.90000000000014,385.9855324211006) (30.91000000000014,386.2529389765688) (30.92000000000014,386.5202455320369) (30.93000000000015,386.787452087505) (30.94000000000015,387.0545586429731) (30.95000000000015,387.3215651984412) (30.96000000000015,387.5884717539093) (30.97000000000015,387.8552783093775) (30.98000000000015,388.1219848648456) (30.99000000000015,388.3885914203137) (50.000002,895.0176066665599)
tp[Y]:
[0]: (0,0) (0,-0.40495) (0.1,-0.40495) (0.1834023877495533,-0.4048781972416233) (0.2,-0.4048491594284609) (0.2881511581544831,-0.4046779097870344) (0.3,-0.4046439099448592) (0.3909401963991428,-0.4043706520711722) (0.4000000000000001,-0.4043348294668279) (0.4925476322084053,-0.4039595196749399) (0.5000000000000001,-0.4039221266440604) (0.5934642688861814,-0.4034455278995021) (0.6000000000000001,-0.4034058610893591) (0.6939838609885545,-0.4028288301845724) (0.7000000000000001,-0.4027860300325154) (0.7942773999001672,-0.4021092746740486) (0.8,-0.4020626028109592) (0.8944429182484911,-0.401286635215536) (0.9,-0.4012355352665242) (0.9945361499886156,-0.4003606959442007) (1,-0.4003047761494306) (1.094588633282164,-0.3993312746750611) (1.1,-0.3992702701443981) (1.194605509099344,-0.398198379024075) (1.2,-0.3981319613086882) (1.294605509099344,-0.3969618131336744) (1.3,-0.3968897896004364) (1.394605509099344,-0.395621325856816) (1.4,-0.3955436931227242) (1.494605509099344,-0.3941768543512615) (1.5,-0.3940936089746447) (1.594605509099344,-0.3926283346770276) (1.6,-0.3925400072280475) (1.685090638802045,-0.3911419403728268) (1.7,-0.3908837659392768) (1.785090638802045,-0.3893970570190196) (1.8,-0.3891247077398836) (1.876301486001624,-0.3877190170309244) (1.900000000000001,-0.3872635717933285) (1.976301486001624,-0.3857782950620344) (2,-0.3853000640806691) (2.068432179743163,-0.3839021656488643) (2.1,-0.3832347625350104) (2.168432179743163,-0.3817653918146834) (2.2,-0.3810672850353749) (2.2615112114399,-0.3796866816018724) (2.3,-0.3787980606177598) (2.3615112114399,-0.3773531235681459) (2.4,-0.3764242294287067) (2.455301485303153,-0.3750708755493039) (2.5,-0.3739511203554313) (2.555301485303153,-0.3725398416272723) (2.600000000000001,-0.3713732471336742) (2.655301485303153,-0.3699039970278791) (2.700000000000001,-0.3686931325077453) (2.749738435397252,-0.3673224024832444) (2.799476870794504,-0.3659257075898056) (2.849738435397252,-0.3644877889752486) (2.899476870794504,-0.3630388456740151) (2.949738435397252,-0.3615481049012814) (2.99445656533624,-0.3602007521974858) (3,-0.3600311226690642) (3.044718129938988,-0.3586601179963588) (3.089436259877976,-0.357268067760939) (3.1,-0.3569342528898927) (3.144718129938988,-0.3555161645321956) (3.189436259877976,-0.354077009634341) (3.2,-0.3537320622983764) (3.244718129938988,-0.3522668423065708) (3.289436259877976,-0.3507805337584244) (3.3,-0.3504249493194104) (3.34016547739271,-0.3490684520821072) (3.38033095478542,-0.3476949229736787) (3.4,-0.3470139648833999) (3.44016547739271,-0.3456150436602971) (3.48033095478542,-0.3441990708344473) (3.5,-0.3434973183816111) (3.54016547739271,-0.3420559228840739) (3.58033095478542,-0.340597454889357) (3.600000000000001,-0.3398748823087476) (3.64016547739271,-0.3383909592086686) (3.676272768991159,-0.337043151920579) (3.700000000000001,-0.3361483874280375) (3.736107291598449,-0.3347776680250922) (3.772214583196897,-0.3333931146615842) (3.8,-0.3323170224671436) (3.836107291598449,-0.3309079690941423) (3.872214583196897,-0.3294850612722328) (3.9,-0.3283794386465977) (3.936107291598448,-0.3269319930155818) (3.972214583196897,-0.325470670902312) (4,-0.3243354706136884) (4.036107291598449,-0.3228495699284267) (4.068578256218601,-0.3215020712187692) (4.100000000000001,-0.3201872354153327) (4.132470964620152,-0.3188175960272677) (4.164941929240304,-0.3174366942225962) (4.197412893860456,-0.3160445300013182) (4.200000000000001,-0.3159327127604771) (4.232470964620153,-0.3145283659502133) (4.264941929240305,-0.3131127338777751) (4.297412893860456,-0.3116858165431626) (4.300000000000002,-0.311571228547038) (4.332470964620153,-0.31013210168616) (4.364941929240305,-0.3086816644460358) (4.397412893860457,-0.3072199168266656) (4.400000000000002,-0.3071025517456861) (4.432470964620154,-0.3056285647863943) (4.464941929240306,-0.3041432396353893) (4.497412893860457,-0.3026465762926709) (4.500000000000003,-0.3025265186113575) (4.529181808345452,-0.301171465787651) (4.558363616690902,-0.2998072303703226) (4.587545425036351,-0.2984338123593724) (4.600000000000003,-0.297843728884401) (4.629181808345453,-0.2964571809717044) (4.658363616690902,-0.2950614222187284) (4.687545425036352,-0.2936564526254731) (4.700000000000004,-0.293052891118486) (4.729181808345453,-0.2916347474133758) (4.758363616690903,-0.2902073607133371) (4.787545425036352,-0.2887707310183703) (4.800000000000004,-0.2881536434962049) (4.829181808345454,-0.2867037889158259) (4.858363616690903,-0.2852446542903222) (4.887545425036353,-0.2837762396196939) (4.900000000000005,-0.283145570697711) (4.929181808345454,-0.281663872025687) (4.958363616690904,-0.2801728500052983) (4.987545425036354,-0.2786725046365449) (5,-0.2780285907906466) (5.026238513624458,-0.2766684142677835) (5.052477027248916,-0.2753006586521976) (5.078715540873374,-0.273925323943889) (5.100000000000001,-0.2728035160284337) (5.126238513624458,-0.2714144036359021) (5.152477027248916,-0.2700176616547135) (5.178715540873374,-0.268613290084868) (5.200000000000001,-0.2674678867523834) (5.226238513624459,-0.2660496336893384) (5.252477027248917,-0.2646236881905323) (5.278715540873375,-0.2631900502559651) (5.300000000000002,-0.2620208553162556) (5.326238513624459,-0.2605732041204475) (5.352477027248917,-0.2591177797018734) (5.378715540873375,-0.2576545820605333) (5.400000000000002,-0.2564613430043262) (5.42623851362446,-0.2549839582134258) (5.452477027248918,-0.2534986918451716) (5.478715540873376,-0.2520055438995634) (5.500000000000003,-0.2507879215149034) (5.526238513624461,-0.2492803444415961) (5.549844735500839,-0.2479175057999636) (5.573450957377218,-0.2465481629263987) (5.597057179253596,-0.2451723158209013) (5.600000000000002,-0.2449999878551678) (5.623606221876381,-0.2436166324421921) (5.64721244375276,-0.2422265795583377) (5.670818665629138,-0.2408298292036044) (5.694424887505517,-0.2394263813779923) (5.700000000000002,-0.2390933455070818) (5.723606221876381,-0.237681274365117) (5.747212443752759,-0.2362621616573131) (5.770818665629138,-0.2348360073836702) (5.794424887505516,-0.2334028115441881) (5.800000000000002,-0.2330626687803236) (5.82360622187638,-0.2316199665532159) (5.847212443752759,-0.2301694209543559) (5.870818665629137,-0.2287110319837436) (5.894424887505516,-0.227244799641379) (5.900000000000001,-0.2268966652395833) (5.92360622187638,-0.2254164806401522) (5.947212443752758,-0.2239241961630861) (5.970818665629137,-0.2224198118083849) (5.994424887505516,-0.2209033275760486) (6,-0.2205423198546521) (6.023606221876379,-0.2190240546885658) (6.047212443752757,-0.2175068662327581) (6.070818665629136,-0.2159907544872292) (6.094424887505514,-0.2144757194519789) (6.1,-0.2141181659214783) (6.123606221876378,-0.2125975743989763) (6.147212443752757,-0.2110711721011387) (6.170818665629136,-0.2095389590279654) (6.194424887505514,-0.2080009351794566) (6.199999999999999,-0.2076363257241237) (6.223606221876378,-0.2060911264186584) (6.247212443752757,-0.2045401239946967) (6.270818665629135,-0.2029833184522385) (6.294424887505514,-0.2014207097912839) (6.299999999999999,-0.2010502959167594) (6.323606221876378,-0.1994805217635199) (6.347212443752756,-0.1979049526481297) (6.368444518520727,-0.1964831552040207) (6.389676593288698,-0.1950566698149531) (6.399999999999999,-0.1943608082676017) (6.42123207476797,-0.1929273626235511) (6.442464149535941,-0.1914892360854831) (6.463696224303912,-0.1900464286533979) (6.484928299071883,-0.1885989403272953) (6.500000000000001,-0.18756811030141) (6.521232074767972,-0.1861126258843394) (6.542464149535943,-0.1846524681337551) (6.563696224303913,-0.1831876370496572) (6.584928299071884,-0.1817181326320455) (6.600000000000002,-0.1806716797336521) (6.621232074767973,-0.1791941927289581) (6.642464149535944,-0.1777120405277725) (6.663696224303915,-0.1762252231300953) (6.684928299071886,-0.1747337405359264) (6.700000000000004,-0.1736716920883995) (6.721232074767975,-0.1721722414761994) (6.742464149535945,-0.1706681344604505) (6.763696224303916,-0.1691593710411528) (6.784928299071887,-0.1676459512183062) (6.800000000000005,-0.166568336754324) (6.821232074767976,-0.1650469646989429) (6.842464149535947,-0.1635209457837926) (6.863696224303918,-0.161990280008873) (6.884928299071889,-0.1604549673741842) (6.900000000000007,-0.1593618189562584) (6.921232074767977,-0.1578185712728104) (6.942464149535948,-0.1562706871386659) (6.963696224303919,-0.1547181665538249) (6.98492829907189,-0.1531610095182875) (7,-0.1520523621254519) (7.021232074767971,-0.1504872888438103) (7.04033434203013,-0.1490754657036694) (7.059436609292289,-0.1476598988709924) (7.078538876554449,-0.1462405883457791) (7.097641143816608,-0.1448175341280297) (7.099999999999999,-0.1446413450386961) (7.119102267262158,-0.1432140950266949) (7.138204534524317,-0.1417831115128058) (7.157306801786476,-0.1403483944970288) (7.176409069048636,-0.1389099439793639) (7.195511336310795,-0.1374677599598111) (7.199999999999997,-0.137127997282062) (7.219102267262156,-0.1356812137751847) (7.238204534524315,-0.1342307080817831) (7.257306801786474,-0.1327764802018574) (7.276409069048634,-0.1313185301354075) (7.295511336310793,-0.1298568578824333) (7.299999999999994,-0.1295125185052974) (7.319102267262154,-0.1280462620820013) (7.338204534524313,-0.1265762961302919) (7.357306801786472,-0.125102620650169) (7.376409069048631,-0.1236252356416328) (7.395511336310791,-0.1221441411046832) (7.399999999999992,-0.1217952408405257) (7.419102267262152,-0.1203095793877609) (7.438204534524311,-0.1188202226866779) (7.45730680178647,-0.1173271707372768) (7.476409069048629,-0.1158304235395576) (7.495511336310789,-0.1143299810935203) (7.49999999999999,-0.1139765378001377) (7.519102267262149,-0.1124715480596456) (7.538204534524309,-0.1109628793366494) (7.557306801786468,-0.1094505316311491) (7.576409069048627,-0.1079345049431447) (7.595511336310786,-0.1064147992726362) (7.599999999999988,-0.1060568333158824) (7.619102267262147,-0.1045326029076901) (7.638204534524307,-0.1030047122516127) (7.657306801786466,-0.1014731613476502) (7.676409069048625,-0.09993795019580251) (7.695511336310784,-0.09839907879606974) (7.699999999999986,-0.09803661366556542) (7.719102267262145,-0.09649324379002411) (7.738204534524304,-0.09494623552619946) (7.757306801786464,-0.09339558887409148) (7.776409069048623,-0.09184130383370016) (7.793596206778194,-0.09043990080779717) (7.799999999999985,-0.08991665155239276) (7.817187137729555,-0.08851122664114097) (7.834374275459126,-0.08710287728272655) (7.851561413188697,-0.08569160347714948) (7.868748550918268,-0.08427740522440978) (7.885935688647838,-0.08286028252450744) (7.899999999999987,-0.08169825161946088) (7.917187137729558,-0.08027583668693158) (7.934374275459128,-0.07885052260991339) (7.951561413188699,-0.07742230938840632) (7.96874855091827,-0.07599119702241036) (7.985935688647841,-0.07455718551192553) (8,-0.07338135512325059) (8.01718713772957,-0.07194210331622315) (8.03437427545914,-0.0704999835955006) (8.051561413188709,-0.0690549959610829) (8.068748550918279,-0.06760714041297007) (8.085935688647849,-0.0661564169511621) (8.099999999999998,-0.0649669366545854) (8.117187137729568,-0.06351103810351467) (8.134374275459137,-0.06205231128973102) (8.151561413188707,-0.06059075621323443) (8.168748550918277,-0.05912637287402491) (8.185935688647847,-0.05765916127210247) (8.199999999999996,-0.05645622110361059) (8.217187137729566,-0.05498391906738267) (8.234374275459135,-0.05350884097682377) (8.251561413188705,-0.0520309868319339) (8.268748550918275,-0.05055035663271305) (8.285935688647845,-0.04906695037916123) (8.299999999999994,-0.04785080077746479) (8.317187137729563,-0.04636241899612905) (8.334374275459133,-0.04487133334463241) (8.351561413188703,-0.04337754382297487) (8.368748550918273,-0.04188105043115644) (8.385935688647843,-0.04038185316917711) (8.399999999999991,-0.03915284078358235) (8.417187137729561,-0.0376488340044226) (8.434374275459131,-0.0361422302970776) (8.451561413188701,-0.03463302966154735) (8.468748550918271,-0.03312123209783183) (8.485935688647841,-0.03160683760593107) (8.499999999999989,-0.03036547677050117) (8.517187137729559,-0.0288465363477246) (8.534374275459129,-0.02732517507197242) (8.551561413188699,-0.02580139294324464) (8.568748550918269,-0.02427518996154125) (8.585935688647838,-0.02274656612686225) (8.599999999999987,-0.02149370543999056) (8.617187137729557,-0.0199610278319696) (8.632651400119585,-0.01858031104862028) (8.648115662509612,-0.01719791621790485) (8.66357992489964,-0.01581384333982332) (8.679044187289668,-0.01442809241437567) (8.694508449679695,-0.0130406634415619) (8.699999999999987,-0.01254737440460739) (8.715464262390014,-0.01115850907222223) (8.730928524780042,-0.009768803275583436) (8.74639278717007,-0.008378257014691007) (8.761857049560097,-0.006986870289544944) (8.777321311950125,-0.005594643100145244) (8.792785574340153,-0.00420157544649191) (8.799999999999986,-0.00355128600884211) (8.815464262390014,-0.00239646556103524) (8.830928524780042,-0.001480284414522047) (8.846392787170069,-0.00080274256930253) (8.861857049560097,-0.0003638400253766895) (8.877321311950125,-0.0001635767827445251) (8.892785574340152,-0.000201952841406037) (8.899999999999986,-0.0003311867272923655) (8.915464262390014,-0.0004805888796856214) (8.930928524780041,-0.000629686533036383) (8.946392787170069,-0.0007784796873446502) (8.961857049560097,-0.000926968342610423) (8.977321311950124,-0.001075152498833702) (8.992785574340152,-0.001223032156014486) (9,-0.001291879281132695) (9.015464262390028,-0.001436920469105027) (9.030928524780055,-0.001579265243509853) (9.046392787170083,-0.001718913604347172) (9.061857049560111,-0.001855865551616986) (9.077321311950138,-0.001990121085319293) (9.092785574340166,-0.002121680205454093) (9.1,-0.002181797551720434) (9.115464262390027,-0.00230927023381269) (9.130928524780055,-0.002433914415340461) (9.146392787170083,-0.002555730096303746) (9.16185704956011,-0.002674717276702545) (9.177321311950138,-0.002790875956536858) (9.192785574340165,-0.002904206135806686) (9.199999999999999,-0.002955757650272757) (9.215464262390027,-0.003064795100178102) (9.230928524780055,-0.003170859379747168) (9.246392787170082,-0.003273950488979957) (9.26185704956011,-0.003374068427876467) (9.277321311950137,-0.0034712131964367) (9.292785574340165,-0.003565384794660654) (9.299999999999999,-0.003607930909159702) (9.315464262390027,-0.003697582961908233) (9.330928524780054,-0.003784102519906692) (9.346392787170082,-0.003867489583155078) (9.361857049560109,-0.003947744151653393) (9.377321311950137,-0.004024866225401636) (9.392785574340165,-0.004098855804399807) (9.399999999999999,-0.004131912225319708) (9.415464262390026,-0.004201131391041866) (9.430928524780054,-0.004267041522630077) (9.446392787170081,-0.004329642620084342) (9.461857049560109,-0.004388934683404661) (9.477321311950137,-0.004444917712591033) (9.492785574340164,-0.004497591707643458) (9.499999999999998,-0.004520621570417688) (9.515464262390026,-0.004568245835331816) (9.530928524780053,-0.004612364108836538) (9.546392787170081,-0.004652976390931853) (9.561857049560109,-0.004690082681617762) (9.577321311950136,-0.004723682980894265) (9.592785574340164,-0.004753777288761361) (9.599999999999998,-0.004766181335437901) (9.615464262390025,-0.004790912590818232) (9.630928524780053,-0.004811916417432427) (9.646392787170081,-0.004829192815280488) (9.661857049560108,-0.004842741784362414) (9.677321311950136,-0.004852563324678204) (9.692785574340164,-0.00485865743622786) (9.699999999999998,-0.00485976154689098) (9.715464262390025,-0.004860138150509315) (9.730928524780053,-0.004856536175416318) (9.74639278717008,-0.00484895562161199) (9.761857049560108,-0.004837396489096331) (9.777321311950136,-0.004821858777869341) (9.792785574340163,-0.00480234248793102) (9.799999999999997,-0.004791381604121275) (9.815464262390025,-0.004765742916546867) (9.830928524780052,-0.004735837927645448) (9.84639278717008,-0.004701666637417019) (9.861857049560108,-0.004663229045861578) (9.877321311950135,-0.004620525152979127) (9.892785574340163,-0.004573554958769665) (9.899999999999997,-0.004549651983070242) (9.915464262390024,-0.00449609168855983) (9.930928524780052,-0.004437931619118659) (9.94639278717008,-0.00437517177474673) (9.956392787170079,-0.004332664542586576) (9.966426363359311,-0.004288078211444667) (9.97648251109592,-0.004241446480986228) (9.986552924250931,-0.004192797979536503) (9.996631346332277,-0.004142157064127527) (10,-0.004124577399180612) (10.01008172656627,-0.004071145119240815) (10.02016345313254,-0.004015591313762994) (10.0302451796988,-0.003957915982747147) (10.04032690626507,-0.003898119126193275) (10.05040863283134,-0.003836200744101379) (10.06049035939761,-0.003772160836471457) (10.07057208596388,-0.003705999403303511) (10.08065381253014,-0.00363771644459754) (10.09073553909641,-0.003567311960353544) (10.1,-0.003500665203203115) (10.11008172656627,-0.003425990819560906) (10.12016345313254,-0.003348996082590179) (10.13024517969881,-0.003269680992290934) (10.14032690626508,-0.00318804554866317) (10.15040863283135,-0.003104089751706888) (10.16049035939761,-0.003017813601422088) (10.17057208596388,-0.00292921709780877) (10.18065381253015,-0.002838300240866934) (10.19073553909642,-0.002745063030596579) (10.20000000000001,-0.002657251750833613) (10.21008172656628,-0.002559319845261933) (10.22016345313255,-0.002458825500461662) (10.23024517969881,-0.002355768716432801) (10.24032690626508,-0.002250149493175349) (10.25040863283135,-0.002141967830689307) (10.26049035939762,-0.002031223728974674) (10.27057208596389,-0.00191791718803145) (10.28065381253015,-0.001802048207859635) (10.29073553909642,-0.00168361678845923) (10.30000000000001,-0.001572431182950585) (10.31008172656628,-0.001448780669945323) (10.32016345313255,-0.001322265780842674) (10.33024517969882,-0.001192886515642636) (10.34032690626509,-0.001060642874345212) (10.35040863283136,-0.0009255348569503991) (10.36049035939762,-0.0007875624634581989) (10.37057208596389,-0.0006467256938686111) (10.38065381253016,-0.0005030245481816356) (10.39073553909643,-0.0003564590263972725) (10.40000000000002,-0.0002191425223586462) (10.41008172656629,-6.669222891822746e-05) (10.42016345313256,8.901065802969233e-05) (10.43024517969882,0.0002479661384851133) (10.44032690626509,0.0004101742124480353) (10.45040863283136,0.0005756348799184583) (10.46049035939763,0.0007443481408963825) (10.4705720859639,0.0009163139953818077) (10.48065381253016,0.001091532443374734) (10.49073553909643,0.001270003484875161) (10.50000000000002,0.00143699586467473) (10.51008172656629,0.001622227791188532) (10.52016345313256,0.001811231677635519) (10.53024517969883,0.002004007524015693) (10.5403269062651,0.002200555330329052) (10.55040863283137,0.002400875096575597) (10.56049035939763,0.002604966822755328) (10.5705720859639,0.002812830508868244) (10.58065381253017,0.003024466154914347) (10.59073553909644,0.003239873760893634) (10.60000000000003,0.003441285741858926) (10.6100817265663,0.003664664896826373) (10.62016345313257,0.003892549411225932) (10.63024517969883,0.004124939285057604) (10.6403269062651,0.004361834518321388) (10.65040863283137,0.004603235111017284) (10.66049035939764,0.004849141063145292) (10.67057208596391,0.005099552374705414) (10.68065381253017,0.005354469045697647) (10.69073553909644,0.005613891076121993) (10.70000000000003,0.005856423440855372) (10.7100817265663,0.006125610642188152) (10.72016345313257,0.006400422877713589) (10.73024517969884,0.006680860147431683) (10.74032690626511,0.006966922451342434) (10.75040863283138,0.007258609789445843) (10.76049035939764,0.007555922161741909) (10.77057208596391,0.00785885956823063) (10.78065381253018,0.008167422008912011) (10.79073553909645,0.008481609483786047) (10.80000000000004,0.008775496693209237) (10.81008172656631,0.009102411533722259) (10.82016345313258,0.009436884693777181) (10.83024517969884,0.009778916173374005) (10.84032690626511,0.01012850597251273) (10.85040863283138,0.01048565409119335) (10.86049035939765,0.01085036052941588) (10.87057208596392,0.0112226252871803) (10.88065381253018,0.01160244836448663) (10.89073553909645,0.01198982976133485) (10.90000000000004,0.01235275406182266) (10.91008172656631,0.01275882325182891) (10.92016345313258,0.01317663462350168) (10.93024517969885,0.01360618817684098) (10.94032690626512,0.0140474839118468) (10.95040863283138,0.01450052182851915) (10.96049035939765,0.01496530192685802) (10.97057208596392,0.01544182420686342) (10.98065381253019,0.01593008866853534) (10.99073553909646,0.01643009531187378) (11,0.0169003597006721) (11.01008172656627,0.01743913979616584) (11.02016345313254,0.01800590303103884) (11.0302451796988,0.0186006494052911) (11.04032690626507,0.01922337891892263) (11.05040863283134,0.01987409157193342) (11.06049035939761,0.02055278736432348) (11.07057208596388,0.0212594662960928) (11.08065381253014,0.02199412836724139) (11.09073553909641,0.02275677357776924) (11.1,0.02348331038561064) (11.11008172656627,0.02432894711695614) (11.12016345313254,0.02523186065656138) (11.13024517969881,0.02619205100442637) (11.14032690626508,0.0272095181605511) (11.15040863283135,0.02828426212493558) (11.16049035939761,0.0294162828975798) (11.17057208596388,0.03060558047848377) (11.18065381253015,0.03185215486764748) (11.19073553909642,0.03315600606507094) (11.20000000000001,0.03440679551175442) (11.21008172656628,0.03576907828974677) (11.22016345313255,0.03713715893052991) (11.23024517969881,0.03851103743410384) (11.24032690626508,0.03989071380046856) (11.25040863283135,0.04127618802962407) (11.26049035939762,0.04266746012157038) (11.27057208596389,0.04406453007630746) (11.28065381253015,0.04546739789383535) (11.29073553909642,0.04687606357415402) (11.30000000000001,0.04817586496318783) (11.31008172656628,0.04959724428762913) (11.32016345313255,0.05102600939168529) (11.33024517969882,0.05246216027535628) (11.34032690626509,0.05390569693864212) (11.35040863283136,0.0553566193815428) (11.36049035939762,0.05681492760405833) (11.37057208596389,0.05828062160618871) (11.38065381253016,0.05975370138793393) (11.39073553909643,0.06123416694929399) (11.40000000000002,0.06260140702352286) (11.41008172656629,0.06409942920781904) (11.42016345313256,0.06560822095670032) (11.43024517969882,0.06712778227016672) (11.44032690626509,0.06865811314821821) (11.45040863283136,0.07019921359085481) (11.46049035939763,0.0717510835980765) (11.4705720859639,0.0733137231698833) (11.48065381253016,0.07488713230627519) (11.49073553909643,0.0764713110072522) (11.50000000000002,0.07793696629480898) (11.51008172656629,0.07955428390455001) (11.52016345313256,0.08119484388307338) (11.53024517969883,0.0828586462303791) (11.5403269062651,0.08454569094646716) (11.55040863283137,0.08625597803133757) (11.56049035939763,0.08798950748499032) (11.5705720859639,0.08974627930742543) (11.58065381253017,0.09152629349864289) (11.59073553909644,0.09332955005864269) (11.60000000000003,0.0950079855731281) (11.6100817265663,0.09688944235431678) (11.62016345313257,0.09882774110863278) (11.63024517969883,0.1008228818360761) (11.6403269062651,0.1028748645366468) (11.65040863283137,0.1049836892103448) (11.66049035939764,0.1071493558571702) (11.67057208596391,0.1093718644771229) (11.68065381253017,0.1116512150702029) (11.69073553909644,0.1139874076364102) (11.70000000000003,0.1161864530861044) (11.7100817265663,0.118579803549646) (11.72016345313257,0.1209780777783761) (11.73024517969884,0.1233812757722945) (11.74032690626511,0.1257893975314013) (11.75040863283138,0.1282024430556966) (11.76049035939764,0.1306204123451802) (11.77057208596391,0.1330433053998522) (11.78065381253018,0.1354711222197126) (11.79073553909645,0.1379038628047614) (11.80000000000004,0.1401439201917982) (11.81008172656631,0.1425871162979275) (11.82016345313258,0.1450362433003337) (11.83024517969884,0.1474913011990166) (11.84032690626511,0.1499522899939763) (11.85040863283138,0.1524192096852127) (11.86049035939765,0.154892060272726) (11.87057208596392,0.157370841756516) (11.88065381253018,0.1598555541365828) (11.89073553909645,0.1623461974129264) (11.90000000000004,0.1646403891531138) (11.91008172656631,0.1671446763715245) (11.92016345313258,0.1696571574182428) (11.93024517969885,0.1721778322932686) (11.94032690626512,0.1747067009966019) (11.95040863283138,0.1772437635282428) (11.96049035939765,0.1797890198881912) (11.97057208596392,0.182342470076447) (11.98065381253019,0.1849041140930105) (11.99073553909646,0.1874739519378814) (12,0.1898429979031129) (12.01008172656627,0.1924385946197425) (12.02016345313254,0.1950524206047926) (12.0302451796988,0.1976844758582634) (12.04032690626507,0.2003347603801547) (12.05040863283134,0.2030032741704667) (12.06049035939761,0.2056900172291993) (12.07057208596388,0.2083949895563526) (12.08065381253014,0.2111181911519264) (12.09073553909641,0.2138596220159208) (12.1,0.2163955729005148) (12.11008172656627,0.21917217086558) (12.12016345313254,0.2219671844017598) (12.13024517969881,0.2247806135090544) (12.14032690626508,0.2276124581874636) (12.15040863283135,0.2304627184369875) (12.16049035939761,0.233331394257626) (12.17057208596388,0.2362184856493793) (12.18065381253015,0.2391239926122471) (12.19073553909642,0.2420479151462297) (12.20000000000001,0.2447517353858133) (12.21008172656628,0.2476955919715198) (12.22016345313255,0.2506424598787523) (12.23024517969881,0.2535923391075108) (12.24032690626508,0.2565452296577954) (12.25040863283135,0.259501131529606) (12.26049035939762,0.2624600447229426) (12.27057208596389,0.2654219692378053) (12.28065381253015,0.268386905074194) (12.29073553909642,0.2713548522321088) (12.30000000000001,0.2740849727623628) (12.31008172656628,0.2770588306783975) (12.32016345313255,0.2800358321409677) (12.33024517969882,0.2830159771500733) (12.34032690626509,0.2859992657057144) (12.35040863283136,0.288985697807891) (12.36049035939762,0.291975273456603) (12.37057208596389,0.2949679926518504) (12.38065381253016,0.2979638553936333) (12.39073553909643,0.3009628616819517) (12.40000000000002,0.3037216450697881) (12.41008172656629,0.3067270124950351) (12.42016345313256,0.3097358523393127) (12.43024517969882,0.3127481646026207) (12.44032690626509,0.3157639492849592) (12.45040863283136,0.3187832063863282) (12.46049035939763,0.3218059359067277) (12.4705720859639,0.3248321378461578) (12.48065381253016,0.3278618122046183) (12.49073553909643,0.3308949589821093) (12.50000000000002,0.3336854175052951) (12.51008172656629,0.3367275741759355) (12.52016345313256,0.3397755498090708) (12.53024517969883,0.3428293444047011) (12.5403269062651,0.3458889579628264) (12.55040863283137,0.3489543904834466) (12.56049035939763,0.3520256419665618) (12.5705720859639,0.3551027124121721) (12.58065381253017,0.3581856018202773) (12.59073553909644,0.3612743101908774) (12.60000000000003,0.3641179825821204) (12.6100817265663,0.3672107370683003) (12.62016345313257,0.3703021904162754) (12.63024517969883,0.3733923426260459) (12.6403269062651,0.3764811936976117) (12.65040863283137,0.3795687436309729) (12.66049035939764,0.3826549924261293) (12.67057208596391,0.3857399400830811) (12.68065381253017,0.3888235866018282) (12.69073553909644,0.3919059319823706) (12.70000000000003,0.3947372142769015) (12.7100817265663,0.397818835553309) (12.72016345313257,0.4009009283882439) (12.73024517969884,0.4039834927817062) (12.74032690626511,0.4070665287336959) (12.75040863283138,0.4101500362442131) (12.76049035939764,0.4132340153132577) (12.77057208596391,0.4163184659408297) (12.78065381253018,0.4194033881269292) (12.79073553909645,0.422488781871556) (12.80000000000004,0.4253244944121519) (12.81008172656631,0.4284097757575443) (12.82016345313258,0.4314945113716224) (12.83024517969884,0.4345787012543861) (12.84032690626511,0.4376623454058356) (12.85040863283138,0.4407454438259708) (12.86049035939765,0.4438279965147916) (12.87057208596392,0.4469100034722981) (12.88065381253018,0.4499914646984904) (12.89073553909645,0.4530723801933683) (12.90000000000004,0.4559030426851113) (12.91008172656631,0.4589801943817827) (12.92016345313258,0.4620540837723673) (12.93024517969885,0.465124710856865) (12.94032690626512,0.4681920756352758) (12.95040863283138,0.4712561781075997) (12.96049035939765,0.4743170182738368) (12.97057208596392,0.477374596133987) (12.98065381253019,0.4804289116880503) (12.99073553909646,0.4834799649360267) (13,0.486280689577571) (13.01008172656627,0.4892926281586939) (13.02016345313254,0.4922684499232817) (13.0302451796988,0.4952081548713343) (13.04032690626507,0.4981117430028519) (13.05040863283134,0.5009792143178344) (13.06049035939761,0.5038105688162818) (13.07057208596388,0.5066058064981941) (13.08065381253014,0.5093649273635713) (13.09073553909641,0.5120879314124134) (13.1,0.5145570086634624) (13.11008172656627,0.5172364274327167) (13.12016345313254,0.5199054499632239) (13.13024517969881,0.5225640762549838) (13.14032690626508,0.5252123063079965) (13.15040863283135,0.5278501401222621) (13.16049035939761,0.5304775776977804) (13.17057208596388,0.5330946190345516) (13.18065381253015,0.5357012641325756) (13.19073553909642,0.5382975129918524) (13.20000000000001,0.5406737459067087) (13.21008172656628,0.5432611030400797) (13.22016345313255,0.545849121924996) (13.23024517969881,0.5484378025614576) (13.24032690626508,0.5510271449494644) (13.25040863283135,0.5536171490890164) (13.26049035939762,0.5562078149801136) (13.27057208596389,0.5587991426227562) (13.28065381253015,0.561391132016944) (13.29073553909642,0.5639837831626771) (13.30000000000001,0.5663668715939784) (13.31008172656628,0.5689607209488793) (13.32016345313255,0.5715551604056681) (13.33024517969882,0.574150189964345) (13.34032690626509,0.5767458096249097) (13.35040863283136,0.5793420193873625) (13.36049035939762,0.5819388192517032) (13.37057208596389,0.5845362092179318) (13.38065381253016,0.5871341892860484) (13.39073553909643,0.589732759456053) (13.40000000000002,0.5921212212500562) (13.41008172656629,0.5947208452488955) (13.42016345313256,0.597320980810735) (13.43024517969882,0.5999216279355748) (13.44032690626509,0.6025227866234147) (13.45040863283136,0.6051244568742549) (13.46049035939763,0.6077266386880953) (13.4705720859639,0.6103293320649359) (13.48065381253016,0.6129325370047767) (13.49073553909643,0.6155362535076176) (13.50000000000002,0.6179293722796292) (13.51008172656629,0.6205339838937298) (13.52016345313256,0.6231390205254623) (13.53024517969883,0.6257444821748268) (13.5403269062651,0.6283503688418232) (13.55040863283137,0.6309566805264515) (13.56049035939763,0.6335634172287117) (13.5705720859639,0.6361705789486037) (13.58065381253017,0.6387781656861278) (13.59073553909644,0.6413861774412837) (13.60000000000003,0.6437831637453797) (13.6100817265663,0.6463918951544326) (13.62016345313257,0.6490009556534045) (13.63024517969883,0.6516103452422954) (13.6403269062651,0.6542200639211053) (13.65040863283137,0.6568301116898342) (13.66049035939764,0.6594404885484819) (13.67057208596391,0.6620511944970486) (13.68065381253017,0.6646622295355343) (13.69073553909644,0.667273593663939) (13.70000000000003,0.6696735724328824) (13.7100817265663,0.6722854610393317) (13.72016345313257,0.6748975717112711) (13.73024517969884,0.6775099044487003) (13.74032690626511,0.6801224592516195) (13.75040863283138,0.6827352361200286) (13.76049035939764,0.6853482350539277) (13.77057208596391,0.6879614560533167) (13.78065381253018,0.6905748991181957) (13.79073553909645,0.6931885642485646) (13.81008172656631,0.6982045301165577) (13.82016345313258,0.7008186028706999) (13.83024517969884,0.7034327774047485) (13.84032690626511,0.7060470537187037) (13.85040863283138,0.7086614318125654) (13.86049035939765,0.7112759116863335) (13.87057208596392,0.7138904933400082) (13.88065381253018,0.7165051767735894) (13.92016345313258,0.7267525294953161) (13.94032690626512,0.7319820451988234) (13.96049035939765,0.7372114227412467) (13.98065381253019,0.7424406621225864) (14,0.7474578186616756) (14.01008172656627,0.7500721642925445) (14.02016345313254,0.7526863194143156) (14.0302451796988,0.7553002840269888) (14.04032690626507,0.757914058130564) (14.05040863283134,0.7605276417250413) (14.06049035939761,0.7631410348104206) (14.07057208596388,0.765754237386702) (14.08065381253014,0.7683672494538855) (14.09073553909641,0.770980071011971) (14.1,0.7733809115872194) (14.11008172656627,0.7759931871520566) (14.12016345313254,0.7786050917893026) (14.13024517969881,0.7812166254989577) (14.14032690626508,0.7838277882810217) (14.15040863283135,0.7864385801354948) (14.16049035939761,0.789049001062377) (14.17057208596388,0.791659051061668) (14.18065381253015,0.7942687301333681) (14.19073553909642,0.7968780382774772) (14.20000000000001,0.799275484457304) (14.21008172656628,0.8018838694255167) (14.22016345313255,0.8044916720765284) (14.23024517969881,0.8070988924103391) (14.24032690626508,0.8097055304269487) (14.25040863283135,0.8123115861263573) (14.26049035939762,0.814917059508565) (14.27057208596389,0.8175219505735717) (14.28065381253015,0.8201262593213774) (14.29073553909642,0.8227299857519821) (14.30000000000001,0.8251221084411389) (14.31008172656628,0.8277244659892753) (14.32016345313255,0.8303259897671494) (14.33024517969882,0.8329266797747613) (14.34032690626509,0.8355265360121109) (14.35040863283136,0.8381255584791981) (14.36049035939762,0.8407237471760231) (14.37057208596389,0.8433211021025857) (14.38065381253016,0.8459176232588861) (14.39073553909643,0.8485133106449241) (14.40000000000002,0.8508978148978299) (14.41008172656629,0.8534915977407007) (14.42016345313256,0.8560842422218661) (14.43024517969882,0.858675748341326) (14.44032690626509,0.8612661160990804) (14.45040863283136,0.8638553454951294) (14.46049035939763,0.866443436529473) (14.4705720859639,0.8690303892021111) (14.48065381253016,0.8716162035130437) (14.49073553909643,0.8742008794622709) (14.50000000000002,0.8765749850100885) (14.51008172656629,0.8791570992694476) (14.52016345313256,0.8817376979204253) (14.53024517969883,0.8843167809630216) (14.5403269062651,0.8868943483972364) (14.55040863283137,0.8894704002230697) (14.56049035939763,0.8920449364405215) (14.5705720859639,0.8946179570495919) (14.58065381253017,0.8971894620502808) (14.59073553909644,0.8997594514425883) (14.60000000000003,0.9021197143198518) (14.6100817265663,0.9046863149524818) (14.62016345313257,0.9072509195724504) (14.63024517969883,0.9098135281797579) (14.6403269062651,0.9123741407744042) (14.65040863283137,0.9149327573563892) (14.66049035939764,0.9174893779257131) (14.67057208596391,0.9200440024823757) (14.68065381253017,0.9225966310263771) (14.69073553909644,0.9251472635577174) (14.70000000000003,0.9274892972589458) (14.7100817265663,0.9300354654885665) (14.72016345313257,0.9325790036242436) (14.73024517969884,0.9351199116659771) (14.74032690626511,0.937658189613767) (14.75040863283138,0.9401938374676133) (14.76049035939764,0.942726855227516) (14.77057208596391,0.9452572428934751) (14.78065381253018,0.9477850004654906) (14.79073553909645,0.9503101279435625) (14.80000000000004,0.952628141454548) (14.81008172656631,0.9551473439358373) (14.82016345313258,0.957663038308201) (14.83024517969884,0.9601752245716388) (14.84032690626511,0.9626839027261509) (14.85040863283138,0.9651890727717372) (14.86049035939765,0.9676907347083976) (14.87057208596392,0.9701888885361323) (14.88065381253018,0.9726835342549411) (14.89073553909645,0.9751746718648242) (14.90000000000004,0.9774606440247271) (14.91008172656631,0.9799437490312237) (14.92016345313258,0.9824220451617157) (14.93024517969885,0.9848955324162031) (14.94032690626512,0.9873642107946859) (14.95040863283138,0.9898280802971642) (14.96049035939765,0.9922871409236378) (14.97057208596392,0.9947413926741068) (14.98065381253019,0.9971908355485712) (14.99073553909646,0.9996354695470311) (15,1.001877512545322) (15.01008172656627,1.004310783213039) (15.02016345313254,1.006737109599016) (15.0302451796988,1.009156491703254) (15.04032690626507,1.011568929525752) (15.05040863283134,1.013974423066511) (15.06049035939761,1.016372972325529) (15.07057208596388,1.018764577302809) (15.08065381253014,1.021149237998348) (15.09073553909641,1.023526954412149) (15.1,1.025705542135633) (15.11008172656627,1.028065752180817) (15.12016345313254,1.030414837207469) (15.13024517969881,1.032752797215589) (15.14032690626508,1.035079632205178) (15.15040863283135,1.037395342176236) (15.16049035939761,1.039699927128761) (15.17057208596388,1.041993387062756) (15.18065381253015,1.044275721978219) (15.19073553909642,1.04654693187515) (15.20000000000001,1.048623805102875) (15.21008172656628,1.050861649548512) (15.22016345313255,1.053076351722242) (15.23024517969881,1.055267911624067) (15.24032690626508,1.057436329253986) (15.25040863283135,1.059581604611999) (15.26049035939762,1.061703737698107) (15.27057208596389,1.063802728512308) (15.28065381253015,1.065878577054604) (15.29073553909642,1.067931283324994) (15.30000000000001,1.069796322630682) (15.31008172656628,1.071726121425071) (15.32016345313255,1.073554279008903) (15.33024517969882,1.075280795382178) (15.34032690626509,1.076905670544896) (15.35040863283136,1.078428904497057) (15.36049035939762,1.079850497238661) (15.37057208596389,1.081170448769708) (15.38065381253016,1.082388759090197) (15.39073553909643,1.083505428200131) (15.40000000000002,1.084438173819446) (15.41008172656629,1.085433812510204) (15.42016345313256,1.086401822543399) (15.43024517969882,1.087342203919033) (15.44032690626509,1.088254956637106) (15.45040863283136,1.089140080697616) (15.46049035939763,1.089997576100565) (15.4705720859639,1.090827442845952) (15.48065381253016,1.091629680933778) (15.49073553909643,1.092404290364041) (15.50000000000002,1.093090717844388) (15.51008172656629,1.093839345843176) (15.52016345313256,1.094587381376962) (15.53024517969883,1.095334824445747) (15.5403269062651,1.096081675049531) (15.55040863283137,1.096827933188314) (15.56049035939763,1.097573598862095) (15.5705720859639,1.098318672070875) (15.58065381253017,1.099063152814653) (15.59073553909644,1.099807041093431) (15.60000000000003,1.100490082332575) (15.6100817265663,1.10123275226117) (15.62016345313257,1.101974748276968) (15.63024517969883,1.102716070379967) (15.6403269062651,1.10345671857017) (15.65040863283137,1.104196692847574) (15.66049035939764,1.104935993212181) (15.67057208596391,1.10567461966399) (15.68065381253017,1.106412572203002) (15.69073553909644,1.107149850829215) (15.70000000000003,1.107826743375744) (15.7100817265663,1.108562634727124) (15.72016345313257,1.109297758086362) (15.73024517969884,1.110032113453459) (15.74032690626511,1.110765700828413) (15.75040863283138,1.111498520211226) (15.76049035939764,1.112230571601897) (15.77057208596391,1.112961855000425) (15.78065381253018,1.113692370406812) (15.79073553909645,1.114422117821058) (15.80000000000004,1.115092003213327) (15.81008172656631,1.115820166871565) (15.82016345313258,1.116547452509377) (15.83024517969884,1.117273860126764) (15.84032690626511,1.117999389723727) (15.85040863283138,1.118724041300264) (15.86049035939765,1.119447814856376) (15.87057208596392,1.120170710392062) (15.88065381253018,1.120892727907324) (15.89073553909645,1.121613867402161) (15.90000000000004,1.122275741558952) (15.91008172656631,1.122995065609407) (15.92016345313258,1.123713381060008) (15.93024517969885,1.124430687910753) (15.94032690626512,1.125146986161643) (15.95040863283138,1.125862275812679) (15.96049035939765,1.12657655686386) (15.97057208596392,1.127289829315187) (15.98065381253019,1.128002093166658) (15.99073553909646,1.128713348418275) (16,1.129366019594576) (16.01008172656627,1.130075181698533) (16.02016345313253,1.130783177493487) (16.0302451796988,1.131490006979439) (16.04032690626507,1.132195670156389) (16.05040863283133,1.132900167024336) (16.0604903593976,1.133603497583282) (16.07057208596386,1.134305661833225) (16.08065381253013,1.135006659774166) (16.0907355390964,1.135706491406105) (16.09999999999999,1.136348520083087) (16.11008172656625,1.137045919055711) (16.12016345313252,1.137741957132283) (16.13024517969879,1.138436634312803) (16.14032690626505,1.139129950597269) (16.15040863283132,1.139821905985684) (16.16049035939758,1.140512500478046) (16.17057208596385,1.141201734074355) (16.18065381253012,1.141889606774612) (16.19073553909638,1.142576118578817) (16.19999999999997,1.143205728374313) (16.20999999999998,1.143883853094922) (16.21999999999998,1.144560396313796) (16.22999999999998,1.145235358030933) (16.23999999999998,1.145908738246334) (16.24999999999998,1.146580536959999) (16.25999999999998,1.147250754171927) (16.26999999999999,1.14791938988212) (16.27999999999999,1.148586444090576) (16.28999999999999,1.149251916797296) (16.29999999999999,1.14991580800228) (16.30999999999999,1.150577799677815) (16.31999999999999,1.151237891823899) (16.32999999999999,1.151896084440535) (16.34,1.15255237752772) (16.35,1.153206771085456) (16.36,1.153859265113743) (16.37,1.15450985961258) (16.38,1.155158554581967) (16.39,1.155805350021905) (16.40000000000001,1.156450245932393) (16.41000000000001,1.157092806076032) (16.42000000000001,1.157733030452822) (16.43000000000001,1.158370919062764) (16.44000000000001,1.159006471905856) (16.45000000000001,1.1596396889821) (16.46000000000002,1.160270570291494) (16.47000000000002,1.16089911583404) (16.48000000000002,1.161525325609737) (16.49000000000002,1.162149199618585) (16.50000000000002,1.162770737860584) (16.51000000000002,1.163389303001094) (16.52000000000002,1.164004895040115) (16.53000000000003,1.164617513977647) (16.54000000000003,1.16522715981369) (16.55000000000003,1.165833832548244) (16.56000000000003,1.166437532181308) (16.57000000000003,1.167038258712884) (16.58000000000003,1.16763601214297) (16.59000000000004,1.168230792471567) (16.60000000000004,1.168822599698676) (16.61000000000004,1.169410410668402) (16.62000000000004,1.169994225380747) (16.63000000000004,1.17057404383571) (16.64000000000004,1.171149866033292) (16.65000000000004,1.171721691973491) (16.66000000000005,1.172289521656309) (16.67000000000005,1.172853355081745) (16.68000000000005,1.1734131922498) (16.69000000000005,1.173969033160473) (16.70000000000005,1.174520877813764) (16.71000000000005,1.175066804058083) (16.72000000000006,1.175606811893429) (16.73000000000006,1.176140901319803) (16.74000000000006,1.176669072337206) (16.75000000000006,1.177191324945635) (16.76000000000006,1.177707659145093) (16.77000000000006,1.178218074935578) (16.78000000000007,1.178722572317092) (16.79000000000007,1.179221151289633) (16.80000000000007,1.179713811853202) (16.81000000000007,1.180195570470844) (16.82000000000007,1.18066642714256) (16.83000000000007,1.181126381868349) (16.84000000000007,1.181575434648211) (16.85000000000008,1.182013585482148) (16.86000000000008,1.182440834370157) (16.87000000000008,1.18285718131224) (16.88000000000008,1.183262626308397) (16.89000000000008,1.183657169358627) (16.90000000000008,1.18404081046293) (16.91000000000009,1.18436741385322) (16.92000000000009,1.184636979529496) (16.93000000000009,1.184849507491758) (16.94000000000009,1.185004997740006) (16.95000000000009,1.18510345027424) (16.96000000000009,1.185144865094461) (16.97000000000009,1.185129242200668) (16.9800000000001,1.185056581592861) (16.9900000000001,1.18492688327104) (17,1.184740147235205) (17.01,1.184535895251591) (17.02,1.184314127320196) (17.03,1.18407484344102) (17.04000000000001,1.183818043614065) (17.05000000000001,1.183543727839329) (17.06000000000001,1.183251896116813) (17.07000000000001,1.182942548446517) (17.08000000000001,1.18261568482844) (17.09000000000001,1.182271305262584) (17.10000000000002,1.181909409748947) (17.11000000000002,1.181547783330346) (17.12000000000002,1.181186426006782) (17.13000000000002,1.180825337778254) (17.14000000000002,1.180464518644763) (17.15000000000002,1.180103968606308) (17.16000000000003,1.179743687662889) (17.17000000000003,1.179383675814507) (17.18000000000003,1.17902393306116) (17.19000000000003,1.178664459402851) (17.20000000000003,1.178305254839577) (17.21000000000003,1.177946356187427) (17.22000000000003,1.1775877634464) (17.23000000000004,1.177229476616497) (17.24000000000004,1.176871495697716) (17.25000000000004,1.176513820690059) (17.26000000000004,1.176156451593525) (17.27000000000004,1.175799388408114) (17.28000000000004,1.175442631133827) (17.29000000000005,1.175086179770663) (17.30000000000005,1.174730034318622) (17.31000000000005,1.174374237397843) (17.32000000000005,1.174018789008328) (17.33000000000005,1.173663689150075) (17.34000000000005,1.173308937823085) (17.35000000000005,1.172954535027357) (17.36000000000006,1.172600480762892) (17.37000000000006,1.172246775029691) (17.38000000000006,1.171893417827751) (17.39000000000006,1.171540409157075) (17.40000000000006,1.171187749017661) (17.41000000000006,1.170835487378996) (17.42000000000007,1.170483624241081) (17.43000000000007,1.170132159603916) (17.44000000000007,1.1697810934675) (17.45000000000007,1.169430425831833) (17.46000000000007,1.169080156696916) (17.47000000000007,1.168730286062749) (17.48000000000008,1.16838081392933) (17.49000000000008,1.168031740296662) (17.50000000000008,1.167683065164742) (17.51000000000008,1.167334848004775) (17.52000000000008,1.166987088816759) (17.53000000000008,1.166639787600695) (17.54000000000008,1.166292944356582) (17.55000000000009,1.165946559084422) (17.56000000000009,1.165600631784213) (17.57000000000009,1.165255162455956) (17.58000000000009,1.16491015109965) (17.59000000000009,1.164565597715296) (17.60000000000009,1.164221502302894) (17.6100000000001,1.163877936926637) (17.6200000000001,1.163534901586525) (17.6300000000001,1.163192396282558) (17.6400000000001,1.162850421014735) (17.6500000000001,1.162508975783058) (17.6600000000001,1.162168060587526) (17.6700000000001,1.161827675428138) (17.68000000000011,1.161487820304896) (17.69000000000011,1.161148495217798) (17.70000000000011,1.160809700166845) (17.71000000000011,1.160471524416127) (17.72000000000011,1.160133967965645) (17.73000000000011,1.159797030815398) (17.74000000000012,1.159460712965386) (17.75000000000012,1.159125014415609) (17.76000000000012,1.158789935166067) (17.77000000000012,1.158455475216761) (17.78000000000012,1.15812163456769) (17.79000000000012,1.157788413218854) (17.80000000000013,1.157455811170253) (17.81000000000013,1.157123942070768) (17.82000000000013,1.1567928059204) (17.83000000000013,1.156462402719148) (17.84000000000013,1.156132732467013) (17.85000000000013,1.155803795163993) (17.86000000000013,1.15547559081009) (17.87000000000014,1.155148119405303) (17.88000000000014,1.154821380949632) (17.89000000000014,1.154495375443078) (17.90000000000014,1.15417010288564) (17.91000000000014,1.153845713177575) (17.92000000000014,1.153522206318885) (17.93000000000015,1.153199582309568) (17.94000000000015,1.152877841149625) (17.95000000000015,1.152556982839056) (17.96000000000015,1.15223700737786) (17.97000000000015,1.151917914766038) (17.98000000000015,1.15159970500359) (17.99000000000015,1.151282378090516) (18,1.150965934026815) (18.01,1.150650580082794) (18.02,1.150336316258451) (18.03,1.150023142553788) (18.04000000000001,1.149711058968803) (18.05000000000001,1.149400065503498) (18.06000000000001,1.149090162157872) (18.07000000000001,1.148781348931924) (18.08000000000001,1.148473625825656) (18.09000000000001,1.148166992839067) (18.10000000000002,1.147861449972157) (18.11000000000002,1.147557303472885) (18.12000000000002,1.147254553341252) (18.13000000000002,1.146953199577258) (18.14000000000002,1.146653242180903) (18.15000000000002,1.146354681152186) (18.16000000000003,1.146057516491108) (18.17000000000003,1.145761748197669) (18.18000000000003,1.145467376271868) (18.19000000000003,1.145174400713706) (18.20000000000003,1.144882821523183) (18.21000000000003,1.144593138936067) (18.22000000000003,1.14430535295236) (18.23000000000004,1.14401946357206) (18.24000000000004,1.143735470795168) (18.25000000000004,1.143453374621684) (18.26000000000004,1.143173175051608) (18.27000000000004,1.14289487208494) (18.28000000000004,1.14261846572168) (18.29000000000005,1.142343955961827) (18.30000000000005,1.142071342805383) (18.31000000000005,1.141801595506586) (18.32000000000005,1.141534714065439) (18.33000000000005,1.141270698481939) (18.34000000000005,1.141009548756088) (18.35000000000005,1.140751264887886) (18.36000000000006,1.140495846877332) (18.37000000000006,1.140243294724426) (18.38000000000006,1.139993608429169) (18.39000000000006,1.13974678799156) (18.40000000000006,1.139502833411599) (18.41000000000006,1.139264452087938) (18.42000000000007,1.139031644020577) (18.43000000000007,1.138804409209516) (18.44000000000007,1.138582747654753) (18.45000000000007,1.138366659356291) (18.46000000000007,1.138156144314128) (18.47000000000007,1.137951202528265) (18.48000000000008,1.137751833998701) (18.49000000000008,1.137558038725437) (18.50000000000008,1.137369816708472) (18.51000000000008,1.137242067386178) (18.52000000000008,1.137174790758553) (18.53000000000008,1.137167986825597) (18.54000000000008,1.137221655587311) (18.55000000000009,1.137335797043695) (18.56000000000009,1.137510411194748) (18.57000000000009,1.137745498040472) (18.58000000000009,1.138041057580864) (18.59000000000009,1.138397089815927) (18.60000000000009,1.138813594745659) (18.6100000000001,1.139236512675005) (18.6200000000001,1.139665843603964) (18.6300000000001,1.140101587532537) (18.6400000000001,1.140543744460724) (18.6500000000001,1.140992314388524) (18.6600000000001,1.141447297315937) (18.6700000000001,1.141908693242965) (18.68000000000011,1.142376502169606) (18.69000000000011,1.14285072409586) (18.70000000000011,1.143331359021728) (18.71000000000011,1.143813414957616) (18.72000000000011,1.144296891903523) (18.73000000000011,1.144781789859449) (18.74000000000012,1.145268108825395) (18.75000000000012,1.14575584880136) (18.76000000000012,1.146245009787344) (18.77000000000012,1.146735591783348) (18.78000000000012,1.147227594789372) (18.79000000000012,1.147721018805414) (18.80000000000013,1.148215863831476) (18.81000000000013,1.148712192035343) (18.82000000000013,1.149210003417015) (18.83000000000013,1.149709297976492) (18.84000000000013,1.150210075713774) (18.85000000000013,1.15071233662886) (18.86000000000013,1.151216080721752) (18.87000000000014,1.151721307992448) (18.88000000000014,1.152228018440949) (18.89000000000014,1.152736212067255) (18.90000000000014,1.153245888871366) (18.91000000000014,1.153757118356174) (18.92000000000014,1.154269900521681) (18.93000000000015,1.154784235367885) (18.94000000000015,1.155300122894787) (18.95000000000015,1.155817563102386) (18.96000000000015,1.156336555990684) (18.97000000000015,1.156857101559678) (18.98000000000015,1.157379199809371) (18.99000000000015,1.157902850739762) (19,1.15842805435085) (19.01,1.1589548889186) (19.02,1.159483354443011) (19.03,1.160013450924084) (19.04000000000001,1.160545178361819) (19.05000000000001,1.161078536756216) (19.06000000000001,1.161613526107274) (19.07000000000001,1.162150146414993) (19.08000000000001,1.162688397679375) (19.09000000000001,1.163228279900418) (19.10000000000002,1.163769793078122) (19.11000000000002,1.164313026105264) (19.12000000000002,1.164857978981843) (19.13000000000002,1.16540465170786) (19.14000000000002,1.165953044283313) (19.15000000000002,1.166503156708204) (19.16000000000003,1.167054988982532) (19.17000000000003,1.167608541106298) (19.18000000000003,1.1681638130795) (19.19000000000003,1.16872080490214) (19.20000000000003,1.169279516574217) (19.21000000000003,1.169840050009449) (19.22000000000003,1.170402405207835) (19.23000000000004,1.170966582169376) (19.24000000000004,1.171532580894071) (19.25000000000004,1.172100401381921) (19.26000000000004,1.172670043632925) (19.27000000000004,1.173241507647085) (19.28000000000004,1.173814793424398) (19.29000000000005,1.174389900964867) (19.30000000000005,1.174966830268489) (19.31000000000005,1.175545699465748) (19.32000000000005,1.176126508556644) (19.33000000000005,1.176709257541175) (19.34000000000005,1.177293946419343) (19.35000000000005,1.177880575191146) (19.36000000000006,1.178469143856586) (19.37000000000006,1.179059652415662) (19.38000000000006,1.179652100868375) (19.39000000000006,1.180246489214724) (19.40000000000006,1.180842817454708) (19.41000000000006,1.181441224279526) (19.42000000000007,1.182041709689178) (19.43000000000007,1.182644273683662) (19.44000000000007,1.18324891626298) (19.45000000000007,1.183855637427131) (19.46000000000007,1.184464437176116) (19.47000000000007,1.185075315509933) (19.48000000000008,1.185688272428584) (19.49000000000008,1.186303307932069) (19.50000000000008,1.186920422020386) (19.51000000000008,1.187539780006018) (19.52000000000008,1.188161381888963) (19.53000000000008,1.188785227669223) (19.54000000000008,1.189411317346796) (19.55000000000009,1.190039650921683) (19.56000000000009,1.190670228393884) (19.57000000000009,1.191303049763399) (19.58000000000009,1.191938115030228) (19.59000000000009,1.192575424194371) (19.60000000000009,1.193214977255828) (19.6100000000001,1.193856974869674) (19.6200000000001,1.194501417035908) (19.6300000000001,1.195148303754531) (19.6400000000001,1.195797635025542) (19.6500000000001,1.196449410848942) (19.6600000000001,1.197103631224731) (19.6700000000001,1.197760296152908) (19.68000000000011,1.198419405633474) (19.69000000000011,1.199080959666428) (19.70000000000011,1.199744958251771) (19.71000000000011,1.200411650414804) (19.72000000000011,1.201081036155527) (19.73000000000011,1.20175311547394) (19.74000000000012,1.202427888370043) (19.75000000000012,1.203105354843835) (19.76000000000012,1.203785514895318) (19.77000000000012,1.20446836852449) (19.78000000000012,1.205153915731353) (19.79000000000012,1.205842156515905) (19.80000000000013,1.206533090878147) (19.81000000000013,1.207227036589386) (19.82000000000013,1.207923993649622) (19.83000000000013,1.208623962058854) (19.84000000000013,1.209326941817084) (19.85000000000013,1.21003293292431) (19.86000000000013,1.210741935380532) (19.87000000000014,1.211453949185752) (19.88000000000014,1.212168974339968) (19.89000000000014,1.212887010843182) (19.90000000000014,1.213608058695391) (19.91000000000014,1.214332538187636) (19.92000000000014,1.215060449319916) (19.93000000000015,1.215791792092229) (19.94000000000015,1.216526566504578) (19.95000000000015,1.217264772556961) (19.96000000000015,1.21800641024938) (19.97000000000015,1.218751479581832) (19.98000000000015,1.21949998055432) (19.99000000000015,1.220251913166842) (20,1.221007277419399) (20.01,1.221766656512319) (20.02,1.222530050445604) (20.03,1.223297459219253) (20.04000000000001,1.224068882833266) (20.05000000000001,1.224844321287643) (20.06000000000001,1.225623774582384) (20.07000000000001,1.226407242717489) (20.08000000000001,1.227194725692959) (20.09000000000001,1.227986223508792) (20.10000000000002,1.22878173616499) (20.11000000000002,1.229582129524798) (20.12000000000002,1.230387403588216) (20.13000000000002,1.231197558355245) (20.14000000000002,1.232012593825885) (20.15000000000002,1.232832510000135) (20.16000000000003,1.233657306877996) (20.17000000000003,1.234486984459468) (20.18000000000003,1.23532154274455) (20.19000000000003,1.236160981733243) (20.20000000000003,1.237005301425546) (20.21000000000003,1.237855926470669) (20.22000000000003,1.238712856868612) (20.23000000000004,1.239576092619374) (20.24000000000004,1.240445633722955) (20.25000000000004,1.241321480179356) (20.26000000000004,1.242203631988577) (20.27000000000004,1.243092089150617) (20.28000000000004,1.243986851665477) (20.29000000000005,1.244887919533156) (20.30000000000005,1.245795292753655) (20.31000000000005,1.246711767438168) (20.32000000000005,1.247637343586695) (20.33000000000005,1.248572021199236) (20.34000000000005,1.249515800275791) (20.35000000000005,1.250468680816361) (20.36000000000006,1.251430662820944) (20.37000000000006,1.252401746289542) (20.38000000000006,1.253381931222153) (20.39000000000006,1.254371217618779) (20.40000000000006,1.255369605479419) (20.41000000000006,1.256385157645909) (20.42000000000007,1.257417874118248) (20.43000000000007,1.258467754896437) (20.44000000000007,1.259534799980475) (20.45000000000007,1.260619009370364) (20.46000000000007,1.261720383066102) (20.47000000000007,1.262838921067689) (20.48000000000008,1.263974623375127) (20.49000000000008,1.265127489988414) (20.50000000000008,1.26629752090755) (20.51000000000008,1.267567551826687) (20.52000000000008,1.268937582745824) (20.53000000000008,1.27040761366496) (20.54000000000008,1.271977644584097) (20.55000000000009,1.273647675503234) (20.56000000000009,1.27541770642237) (20.57000000000009,1.277287737341507) (20.58000000000009,1.279257768260644) (20.59000000000009,1.28132779917978) (20.60000000000009,1.283497830098917) (20.6100000000001,1.28568459901623) (20.6200000000001,1.287888105931719) (20.6300000000001,1.290108350845385) (20.6400000000001,1.292345333757227) (20.6500000000001,1.294599054667245) (20.6600000000001,1.29686951357544) (20.6700000000001,1.299156710481811) (20.68000000000011,1.301460645386359) (20.69000000000011,1.303781318289083) (20.70000000000011,1.306118729189983) (20.71000000000011,1.308458438642151) (20.72000000000011,1.310800446645586) (20.73000000000011,1.31314475320029) (20.74000000000012,1.315491358306261) (20.75000000000012,1.317840261963499) (20.76000000000012,1.320191464172006) (20.77000000000012,1.32254496493178) (20.78000000000012,1.324900764242822) (20.79000000000012,1.327258862105131) (20.80000000000013,1.329619258518708) (20.81000000000013,1.331982036748244) (20.82000000000013,1.334347196793739) (20.83000000000013,1.336714738655193) (20.84000000000013,1.339084662332606) (20.85000000000013,1.341456967825978) (20.86000000000013,1.343831655135309) (20.87000000000014,1.346208724260599) (20.88000000000014,1.348588175201847) (20.89000000000014,1.350970007959055) (20.90000000000014,1.353354222532222) (20.91000000000014,1.35574091730113) (20.92000000000014,1.35813009226578) (20.93000000000015,1.360521747426171) (20.94000000000015,1.362915882782304) (20.95000000000015,1.365312498334179) (20.96000000000015,1.367711594081796) (20.97000000000015,1.370113170025154) (20.98000000000015,1.372517226164253) (20.99000000000015,1.374923762499095) (21,1.377332779029678) (21.01,1.379744393903794) (21.02,1.382158607121445) (21.03,1.384575418682629) (21.04000000000001,1.386994828587346) (21.05000000000001,1.389416836835598) (21.06000000000001,1.391841443427383) (21.07000000000001,1.394268648362701) (21.08000000000001,1.396698451641554) (21.09000000000001,1.39913085326394) (21.10000000000002,1.40156585322986) (21.11000000000002,1.404003596250513) (21.12000000000002,1.406444082325898) (21.13000000000002,1.408887311456016) (21.14000000000002,1.411333283640867) (21.15000000000002,1.41378199888045) (21.16000000000003,1.416233457174767) (21.17000000000003,1.418687658523816) (21.18000000000003,1.421144602927597) (21.19000000000003,1.423604290386111) (21.20000000000003,1.426066720899359) (21.21000000000003,1.428532076077639) (21.22000000000003,1.431000355920952) (21.23000000000004,1.433471560429297) (21.24000000000004,1.435945689602676) (21.25000000000004,1.438422743441087) (21.26000000000004,1.440902721944531) (21.27000000000004,1.443385625113008) (21.28000000000004,1.445871452946518) (21.29000000000005,1.448360205445061) (21.30000000000005,1.450851882608636) (21.31000000000005,1.453346719481222) (21.32000000000005,1.455844716062818) (21.33000000000005,1.458345872353424) (21.34000000000005,1.460850188353039) (21.35000000000005,1.463357664061665) (21.36000000000006,1.465868299479302) (21.37000000000006,1.468382094605948) (21.38000000000006,1.470899049441604) (21.39000000000006,1.473419163986271) (21.40000000000006,1.475942438239947) (21.41000000000006,1.478469188896279) (21.42000000000007,1.480999415955267) (21.43000000000007,1.483533119416911) (21.44000000000007,1.48607029928121) (21.45000000000007,1.488610955548165) (21.46000000000007,1.491155088217775) (21.47000000000007,1.493702697290041) (21.48000000000008,1.496253782764963) (21.49000000000008,1.498808344642541) (21.50000000000008,1.501366382922774) (21.51000000000008,1.503928348410099) (21.52000000000008,1.506494241104517) (21.53000000000008,1.509064061006027) (21.54000000000008,1.511637808114629) (21.55000000000009,1.514215482430324) (21.56000000000009,1.516797083953111) (21.57000000000009,1.51938261268299) (21.58000000000009,1.521972068619961) (21.59000000000009,1.524565451764025) (21.60000000000009,1.527162762115181) (21.6100000000001,1.529764694553543) (21.6200000000001,1.53237124907911) (21.6300000000001,1.534982425691883) (21.6400000000001,1.537598224391862) (21.6500000000001,1.540218645179046) (21.6600000000001,1.542843688053436) (21.6700000000001,1.545473353015031) (21.68000000000011,1.548107640063833) (21.69000000000011,1.550746549199839) (21.70000000000011,1.553390080423052) (21.71000000000011,1.556039449004272) (21.72000000000011,1.558694654943501) (21.73000000000011,1.561355698240738) (21.74000000000012,1.564022578895984) (21.75000000000012,1.566695296909237) (21.76000000000012,1.569373852280499) (21.77000000000012,1.572058245009769) (21.78000000000012,1.574748475097047) (21.79000000000012,1.577444542542334) (21.80000000000013,1.580146447345628) (21.81000000000013,1.582856875435883) (21.82000000000013,1.585575826813099) (21.83000000000013,1.588303301477274) (21.84000000000013,1.591039299428411) (21.85000000000013,1.593783820666508) (21.86000000000013,1.596536865191565) (21.87000000000014,1.599298433003582) (21.88000000000014,1.602068524102561) (21.89000000000014,1.604847138488499) (21.90000000000014,1.607634276161399) (21.91000000000014,1.610441014882248) (21.92000000000014,1.613267354651048) (21.93000000000015,1.616113295467799) (21.94000000000015,1.6189788373325) (21.95000000000015,1.621863980245151) (21.96000000000015,1.624768724205753) (21.97000000000015,1.627693069214306) (21.98000000000015,1.630637015270809) (21.99000000000015,1.633600562375262) (22,1.636583710527666) (22.01,1.639596523725743) (22.02,1.642639001969492) (22.03,1.645711145258915) (22.04000000000001,1.64881295359401) (22.05000000000001,1.651944426974778) (22.06000000000001,1.655105565401219) (22.07000000000001,1.658296368873333) (22.08000000000001,1.66151683739112) (22.09000000000001,1.664766970954579) (22.10000000000002,1.668046769563711) (22.11000000000002,1.671328503478627) (22.12000000000002,1.674612172699325) (22.13000000000002,1.677897777225806) (22.14000000000002,1.681185317058071) (22.15000000000002,1.684474792196118) (22.16000000000003,1.687766202639948) (22.17000000000003,1.691059548389561) (22.18000000000003,1.694354829444957) (22.19000000000003,1.697652045806136) (22.20000000000003,1.700951197473098) (22.21000000000003,1.704252306927415) (22.22000000000003,1.707555374169085) (22.23000000000004,1.71086039919811) (22.24000000000004,1.714167382014488) (22.25000000000004,1.717476322618221) (22.26000000000004,1.720787221009307) (22.27000000000004,1.724100077187748) (22.28000000000004,1.727414891153543) (22.29000000000005,1.730731662906692) (22.30000000000005,1.734050392447195) (22.31000000000005,1.73737110694467) (22.32000000000005,1.740693806399118) (22.33000000000005,1.744018490810537) (22.34000000000005,1.747345160178928) (22.35000000000005,1.750673814504291) (22.36000000000006,1.754004453786626) (22.37000000000006,1.757337078025933) (22.38000000000006,1.760671687222211) (22.39000000000006,1.764008281375462) (22.40000000000006,1.767346860485685) (22.41000000000006,1.770687458086743) (22.42000000000007,1.774030074178635) (22.43000000000007,1.777374708761362) (22.44000000000007,1.780721361834924) (22.45000000000007,1.78407003339932) (22.46000000000007,1.787420723454552) (22.47000000000007,1.790773432000618) (22.48000000000008,1.794128159037518) (22.49000000000008,1.797484904565254) (22.50000000000008,1.800843668583824) (22.51000000000008,1.8042044935802) (22.52000000000008,1.807567379554383) (22.53000000000008,1.810932326506372) (22.54000000000008,1.814299334436167) (22.55000000000009,1.817668403343768) (22.56000000000009,1.821039533229176) (22.57000000000009,1.824412724092389) (22.58000000000009,1.827787975933409) (22.59000000000009,1.831165288752235) (22.60000000000009,1.834544662548868) (22.6100000000001,1.837926152985941) (22.6200000000001,1.841309760063456) (22.6300000000001,1.844695483781411) (22.6400000000001,1.848083324139808) (22.6500000000001,1.851473281138646) (22.6600000000001,1.854865354777925) (22.6700000000001,1.858259545057644) (22.68000000000011,1.861655851977805) (22.69000000000011,1.865054275538407) (22.70000000000011,1.86845481573945) (22.71000000000011,1.871857548809625) (22.72000000000011,1.875262474748933) (22.73000000000011,1.878669593557373) (22.74000000000012,1.882078905234944) (22.75000000000012,1.885490409781649) (22.76000000000012,1.888904107197485) (22.77000000000012,1.892319997482454) (22.78000000000012,1.895738080636555) (22.79000000000012,1.899158356659788) (22.80000000000013,1.902580825552154) (22.81000000000013,1.906005598332792) (22.82000000000013,1.909432675001704) (22.83000000000013,1.91286205555889) (22.84000000000013,1.916293740004348) (22.85000000000013,1.919727728338079) (22.86000000000013,1.923164020560084) (22.87000000000014,1.926602616670362) (22.88000000000014,1.930043516668914) (22.89000000000014,1.933486720555738) (22.90000000000014,1.936932228330836) (22.91000000000014,1.940380217164285) (22.92000000000014,1.943830687056085) (22.93000000000015,1.947283638006236) (22.94000000000015,1.950739070014739) (22.95000000000015,1.954196983081593) (22.96000000000015,1.957657377206798) (22.97000000000015,1.961120252390354) (22.98000000000015,1.964585608632262) (22.99000000000015,1.968053445932521) (23,1.971523764291131) (23.01,1.974996892557379) (23.02,1.978472830731265) (23.03,1.981951578812789) (23.04000000000001,1.985433136801951) (23.05000000000001,1.988917504698751) (23.06000000000001,1.992404682503189) (23.07000000000001,1.995894670215265) (23.08000000000001,1.999387467834979) (23.09000000000001,2.002883075362332) (23.10000000000002,2.006381492797322) (23.11000000000002,2.009883546939768) (23.12000000000002,2.013389237789668) (23.13000000000002,2.016898565347025) (23.14000000000002,2.020411529611837) (23.15000000000002,2.023928130584104) (23.16000000000003,2.027448368263827) (23.17000000000003,2.030972242651005) (23.18000000000003,2.034499753745638) (23.19000000000003,2.038030901547727) (23.20000000000003,2.041565686057271) (23.21000000000003,2.045110258791094) (23.22000000000003,2.048664619749194) (23.23000000000004,2.052228768931572) (23.24000000000004,2.055802706338227) (23.25000000000004,2.059386431969161) (23.26000000000004,2.062979945824372) (23.27000000000004,2.066583247903862) (23.28000000000004,2.070196338207629) (23.29000000000005,2.073819216735674) (23.30000000000005,2.077451883487997) (23.31000000000005,2.081086319420918) (23.32000000000005,2.084722524534438) (23.33000000000005,2.088360498828556) (23.34000000000005,2.092000242303273) (23.35000000000005,2.095641754958588) (23.36000000000006,2.099285036794501) (23.37000000000006,2.102930087811013) (23.38000000000006,2.106576908008123) (23.39000000000006,2.110225497385831) (23.40000000000006,2.113875855944138) (23.41000000000006,2.11752738749364) (23.42000000000007,2.121180092034336) (23.43000000000007,2.124833969566227) (23.44000000000007,2.128489020089313) (23.45000000000007,2.132145243603593) (23.46000000000007,2.135802640109068) (23.47000000000007,2.139461209605737) (23.48000000000008,2.143120952093602) (23.49000000000008,2.146781867572661) (23.50000000000008,2.150443956042914) (23.51000000000008,2.15410713557484) (23.52000000000008,2.157771406168438) (23.53000000000008,2.161436767823708) (23.54000000000008,2.165103220540651) (23.55000000000009,2.168770764319266) (23.56000000000009,2.172439399159553) (23.57000000000009,2.176109125061513) (23.58000000000009,2.179779942025145) (23.59000000000009,2.183451850050449) (23.60000000000009,2.187124849137426) (23.6100000000001,2.190798831759234) (23.6200000000001,2.194473797915874) (23.6300000000001,2.198149747607346) (23.6400000000001,2.20182668083365) (23.6500000000001,2.205504597594786) (23.6600000000001,2.209183497890753) (23.6700000000001,2.212863381721552) (23.68000000000011,2.216544249087184) (23.69000000000011,2.220226099987647) (23.70000000000011,2.223908934422942) (23.71000000000011,2.227592604795057) (23.72000000000011,2.231277111103992) (23.73000000000011,2.234962453349747) (23.74000000000012,2.238648631532322) (23.75000000000012,2.242335645651717) (23.76000000000012,2.246023495707933) (23.77000000000012,2.249712181700968) (23.78000000000012,2.253401703630823) (23.79000000000012,2.257092061497499) (23.80000000000013,2.260783255300994) (23.81000000000013,2.264475069383519) (23.82000000000013,2.268167503745072) (23.83000000000013,2.271860558385654) (23.84000000000013,2.275554233305266) (23.85000000000013,2.279248528503906) (23.86000000000013,2.282943443981576) (23.87000000000014,2.286638979738274) (23.88000000000014,2.290335135774002) (23.89000000000014,2.294031912088759) (23.90000000000014,2.297729308682545) (23.91000000000014,2.301426979703916) (23.92000000000014,2.30512492515287) (23.93000000000015,2.308823145029409) (23.94000000000015,2.312521639333532) (23.95000000000015,2.316220408065239) (23.96000000000015,2.31991945122453) (23.97000000000015,2.323618768811406) (23.98000000000015,2.327318360825866) (23.99000000000015,2.33101822726791) (24,2.334718368137538) (24.01,2.338418135982326) (24.02,2.342117530802273) (24.03,2.34581655259738) (24.04000000000001,2.349515201367646) (24.05000000000001,2.353213477113072) (24.06000000000001,2.356911379833658) (24.07000000000001,2.360608909529403) (24.08000000000001,2.364306066200307) (24.09000000000001,2.368002849846372) (24.10000000000002,2.371699260467595) (24.11000000000002,2.375393638108226) (24.12000000000002,2.379085982768262) (24.13000000000002,2.382776294447706) (24.14000000000002,2.386464573146555) (24.15000000000002,2.390150818864812) (24.16000000000003,2.393835031602475) (24.17000000000003,2.397517211359544) (24.18000000000003,2.40119735813602) (24.19000000000003,2.404875471931902) (24.20000000000003,2.408551552747191) (24.21000000000003,2.412211609891372) (24.22000000000003,2.415855643364444) (24.23000000000004,2.419483653166409) (24.24000000000004,2.423095639297264) (24.25000000000004,2.426691601757012) (24.26000000000004,2.430271540545652) (24.27000000000004,2.433835455663183) (24.28000000000004,2.437383347109606) (24.29000000000005,2.440915214884921) (24.30000000000005,2.444431058989128) (24.31000000000005,2.447938881564584) (24.32000000000005,2.451438682611291) (24.33000000000005,2.454930462129248) (24.34000000000005,2.458414220118455) (24.35000000000005,2.461889956578913) (24.36000000000006,2.46535767151062) (24.37000000000006,2.468817364913578) (24.38000000000006,2.472269036787786) (24.39000000000006,2.475712687133244) (24.40000000000006,2.479148315949952) (24.41000000000006,2.482584489349608) (24.42000000000007,2.486021207332211) (24.43000000000007,2.489458469897763) (24.44000000000007,2.492896277046262) (24.45000000000007,2.496334628777709) (24.46000000000007,2.499773525092104) (24.47000000000007,2.503212965989446) (24.48000000000008,2.506652951469737) (24.49000000000008,2.510093481532975) (24.50000000000008,2.51353455617916) (24.51000000000008,2.516976075491197) (24.52000000000008,2.520418039469086) (24.53000000000008,2.523860448112825) (24.54000000000008,2.527303301422415) (24.55000000000009,2.530746599397856) (24.56000000000009,2.534190342039149) (24.57000000000009,2.537634529346292) (24.58000000000009,2.541079161319287) (24.59000000000009,2.544524237958133) (24.60000000000009,2.54796975926283) (24.6100000000001,2.551415604581715) (24.6200000000001,2.554861773914789) (24.6300000000001,2.55830826726205) (24.6400000000001,2.561755084623499) (24.6500000000001,2.565202225999136) (24.6600000000001,2.568649691388962) (24.6700000000001,2.572097480792976) (24.68000000000011,2.575545594211178) (24.69000000000011,2.578994031643568) (24.70000000000011,2.582442793090145) (24.71000000000011,2.585891729805978) (24.72000000000011,2.589340841791065) (24.73000000000011,2.592790129045407) (24.74000000000012,2.596239591569004) (24.75000000000012,2.599689229361855) (24.76000000000012,2.60313904242396) (24.77000000000012,2.60658903075532) (24.78000000000012,2.610039194355935) (24.79000000000012,2.613489533225804) (24.83000000000013,2.627291512389216) (24.87000000000014,2.641093285171068) (24.90000000000014,2.651444479319558) (24.91000000000014,2.654894605574514) (24.92000000000014,2.658344472933776) (24.93000000000015,2.661794081397345) (24.94000000000015,2.66524343096522) (24.95000000000015,2.668692521637401) (24.96000000000015,2.672141353413889) (24.97000000000015,2.675589926294683) (24.98000000000015,2.679038240279783) (24.99000000000015,2.68248629536919) (25,2.685934091562903) (25.01,2.689381292992473) (25.02,2.6928278996579) (25.03,2.696273911559185) (25.04000000000001,2.699719328696326) (25.05000000000001,2.703164151069324) (25.06000000000001,2.706608378678179) (25.07000000000001,2.710052011522891) (25.08000000000001,2.71349504960346) (25.09000000000001,2.716937492919887) (25.10000000000002,2.72037934147217) (25.11000000000002,2.723820108300782) (25.12000000000002,2.727259793405722) (25.13000000000002,2.73069839678699) (25.14000000000002,2.734135918444586) (25.15000000000002,2.737572358378511) (25.16000000000003,2.741007716588765) (25.17000000000003,2.744441993075347) (25.18000000000003,2.747875187838257) (25.19000000000003,2.751307300877496) (25.20000000000003,2.754738332193063) (25.21000000000003,2.758167510237344) (25.22000000000003,2.76159483501034) (25.23000000000004,2.76502030651205) (25.24000000000004,2.768443924742475) (25.25000000000004,2.771865689701614) (25.26000000000004,2.775285601389467) (25.27000000000004,2.778703659806035) (25.28000000000004,2.782119864951318) (25.29000000000005,2.785534216825315) (25.30000000000005,2.788946715428026) (25.31000000000005,2.792355947121859) (25.32000000000005,2.795761911906814) (25.33000000000005,2.79916460978289) (25.34000000000005,2.802564040750088) (25.35000000000005,2.805960204808407) (25.36000000000006,2.809353101957848) (25.37000000000006,2.812742732198411) (25.38000000000006,2.816129095530095) (25.39000000000006,2.819512191952901) (25.40000000000006,2.822892021466828) (25.41000000000006,2.826265134871122) (25.42000000000007,2.829631532165783) (25.43000000000007,2.832991213350809) (25.44000000000007,2.836344178426203) (25.45000000000007,2.839690427391962) (25.46000000000007,2.843029960248089) (25.47000000000007,2.846362776994582) (25.48000000000008,2.849688877631441) (25.49000000000008,2.853008262158667) (25.50000000000008,2.856320930576259) (25.51000000000008,2.859605244023413) (25.52000000000008,2.862861202500128) (25.53000000000008,2.866088806006406) (25.54000000000008,2.869288054542245) (25.55000000000009,2.872458948107645) (25.56000000000009,2.875601486702608) (25.57000000000009,2.878715670327132) (25.58000000000009,2.881801498981218) (25.59000000000009,2.884858972664866) (25.60000000000009,2.887888091378076) (25.6100000000001,2.890898058906024) (25.6200000000001,2.89388887524871) (25.6300000000001,2.896860540406136) (25.6400000000001,2.899813054378301) (25.6500000000001,2.902746417165204) (25.6600000000001,2.905660628766846) (25.6700000000001,2.908555689183227) (25.68000000000011,2.911431598414346) (25.69000000000011,2.914288356460204) (25.72000000000011,2.92280126319056) (25.75000000000012,2.931314428366611) (25.78000000000012,2.939827851988357) (25.80000000000013,2.94550361131713) (25.82000000000013,2.951179131634111) (25.84000000000013,2.956854294980453) (25.86000000000013,2.962529101356155) (25.88000000000014,2.968203550761217) (25.90000000000014,2.973877643195638) (25.91000000000014,2.976714412580679) (25.92000000000014,2.97955094975488) (25.93000000000015,2.98238725471824) (25.94000000000015,2.985223327470761) (25.95000000000015,2.988059168012442) (25.96000000000015,2.990894776343282) (25.97000000000015,2.993730152463282) (25.98000000000015,2.996565296372443) (25.99000000000015,2.999400208070762) (26,3.002234887558243) (26.01,3.005069157778262) (26.02,3.00790301873082) (26.03,3.010736470415918) (26.04000000000001,3.013569512833555) (26.05000000000001,3.01640214598373) (26.06000000000001,3.019234369866445) (26.07000000000001,3.022066184481699) (26.08000000000001,3.024897589829492) (26.09000000000001,3.027728585909824) (26.10000000000002,3.030559172722696) (26.11000000000002,3.033389125018113) (26.12000000000002,3.036218442796076) (26.13000000000002,3.039047126056584) (26.14000000000002,3.041875174799638) (26.15000000000002,3.044702589025237) (26.16000000000003,3.047529368733381) (26.17000000000003,3.050355513924071) (26.18000000000003,3.053181024597306) (26.19000000000003,3.056005900753087) (26.20000000000003,3.058830142391413) (26.21000000000003,3.061653452892291) (26.22000000000003,3.064475832255721) (26.23000000000004,3.067297280481702) (26.24000000000004,3.070117797570235) (26.25000000000004,3.07293738352132) (26.26000000000004,3.075756038334956) (26.27000000000004,3.078573762011144) (26.28000000000004,3.081390554549883) (26.29000000000005,3.084206415951174) (26.30000000000005,3.087021346215017) (26.31000000000005,3.08983493639228) (26.32000000000005,3.092647186482965) (26.33000000000005,3.095458096487071) (26.34000000000005,3.098267666404597) (26.35000000000005,3.101075896235545) (26.36000000000006,3.103882785979913) (26.37000000000006,3.106688335637703) (26.38000000000006,3.109492545208914) (26.39000000000006,3.112295414693546) (26.40000000000006,3.115096944091599) (26.41000000000006,3.117896532231899) (26.42000000000007,3.120694179114449) (26.43000000000007,3.123489884739246) (26.44000000000007,3.126283649106293) (26.45000000000007,3.129075472215587) (26.46000000000007,3.131865354067129) (26.47000000000007,3.13465329466092) (26.48000000000008,3.137439293996959) (26.49000000000008,3.140223352075247) (26.50000000000008,3.143005468895783) (26.51000000000008,3.14578467141565) (26.52000000000008,3.148560959634848) (26.53000000000008,3.151334333553377) (26.54000000000008,3.154104793171238) (26.55000000000009,3.156872338488429) (26.56000000000009,3.159636969504952) (26.57000000000009,3.162398686220806) (26.58000000000009,3.165157488635991) (26.59000000000009,3.167913376750507) (26.60000000000009,3.170666350564354) (26.6100000000001,3.173414558821956) (26.6200000000001,3.176158001523311) (26.6300000000001,3.178896678668421) (26.6400000000001,3.181630590257284) (26.6500000000001,3.184359736289902) (26.6600000000001,3.187084116766274) (26.6700000000001,3.189803731686399) (26.68000000000011,3.192518581050279) (26.69000000000011,3.195228664857913) (26.70000000000011,3.197933983109301) (26.71000000000011,3.200629607177135) (26.72000000000011,3.203315537061415) (26.73000000000011,3.205991772762141) (26.74000000000012,3.208658314279312) (26.75000000000012,3.21131516161293) (26.76000000000012,3.213962314762993) (26.77000000000012,3.216599773729502) (26.78000000000012,3.219227538512457) (26.79000000000012,3.221845609111858) (26.80000000000013,3.224453985527706) (26.81000000000013,3.22699711050709) (26.82000000000013,3.229474984050013) (26.83000000000013,3.231887606156473) (26.84000000000013,3.234234976826471) (26.85000000000013,3.236517096060006) (26.86000000000013,3.238733963857079) (26.87000000000014,3.240885580217689) (26.88000000000014,3.242971945141838) (26.89000000000014,3.244993058629523) (26.90000000000014,3.246948920680747) (26.91000000000014,3.248888315430221) (26.92000000000014,3.250811242877945) (26.93000000000015,3.25271770302392) (26.94000000000015,3.254607695868146) (26.95000000000015,3.256481221410622) (26.96000000000015,3.258338279651348) (26.97000000000015,3.260178870590325) (26.98000000000015,3.262002994227553) (26.99000000000015,3.263810650563031) (27,3.26560183959676) (27.01,3.267392636930523) (27.02,3.26918304256432) (27.03,3.270973056498151) (27.04000000000001,3.272762678732016) (27.05000000000001,3.274551909265916) (27.06000000000001,3.276340748099849) (27.07000000000001,3.278129195233817) (27.08000000000001,3.279917250667818) (27.09000000000001,3.281704914401854) (27.10000000000002,3.283492186435924) (27.11000000000002,3.28527891430678) (27.12000000000002,3.287065098014422) (27.13000000000002,3.288850737558849) (27.14000000000002,3.290635832940062) (27.15000000000002,3.292420384158061) (27.16000000000003,3.294204391212846) (27.17000000000003,3.295987854104416) (27.18000000000003,3.297770772832772) (27.19000000000003,3.299553147397914) (27.20000000000003,3.301334977799842) (27.21000000000003,3.303116064798391) (27.22000000000003,3.304896408393562) (27.23000000000004,3.306676008585355) (27.24000000000004,3.30845486537377) (27.25000000000004,3.310232978758807) (27.26000000000004,3.312010348740465) (27.27000000000004,3.313786975318746) (27.28000000000004,3.315562858493648) (27.29000000000005,3.317337998265171) (27.30000000000005,3.319112394633317) (27.31000000000005,3.320885775748532) (27.32000000000005,3.322658141610817) (27.33000000000005,3.324429492220172) (27.34000000000005,3.326199827576598) (27.35000000000005,3.327969147680093) (27.36000000000006,3.329737452530658) (27.37000000000006,3.331504742128293) (27.38000000000006,3.333271016472998) (27.39000000000006,3.335036275564772) (27.40000000000006,3.336800519403616) (27.41000000000006,3.338563354281237) (27.42000000000007,3.340324780197635) (27.43000000000007,3.34208479715281) (27.44000000000007,3.343843405146761) (27.45000000000007,3.345600604179489) (27.46000000000007,3.347356394250993) (27.47000000000007,3.349110775361274) (27.48000000000008,3.350863747510332) (27.49000000000008,3.352615310698167) (27.50000000000008,3.354365464924778) (27.51000000000008,3.356113587570449) (27.52000000000008,3.357859678635181) (27.53000000000008,3.359603738118973) (27.54000000000008,3.361345766021826) (27.55000000000009,3.363085762343739) (27.56000000000009,3.364823727084712) (27.57000000000009,3.366559660244746) (27.58000000000009,3.36829356182384) (27.59000000000009,3.370025431821995) (27.60000000000009,3.37175527023921) (27.6100000000001,3.373481940380412) (27.6200000000001,3.375205442245602) (27.6300000000001,3.376925775834779) (27.6400000000001,3.378642941147944) (27.6500000000001,3.380356938185096) (27.6600000000001,3.382067766946236) (27.6700000000001,3.383775427431363) (27.68000000000011,3.385479919640478) (27.69000000000011,3.38718124357358) (27.70000000000011,3.38887939923067) (27.71000000000011,3.390571636482901) (27.72000000000011,3.392257955330274) (27.73000000000011,3.393938355772788) (27.74000000000012,3.395612837810444) (27.75000000000012,3.397281401443242) (27.76000000000012,3.39894404667118) (27.77000000000012,3.400600773494261) (27.78000000000012,3.402251581912483) (27.79000000000012,3.403896471925846) (27.80000000000013,3.405535443534351) (27.81000000000013,3.407151996787781) (27.82000000000013,3.408746131686136) (27.83000000000013,3.410317848229417) (27.84000000000013,3.411867146417622) (27.85000000000013,3.413394026250753) (27.86000000000013,3.414898487728809) (27.87000000000014,3.416380530851791) (27.88000000000014,3.417840155619697) (27.89000000000014,3.419277362032529) (27.90000000000014,3.420692150090285) (27.91000000000014,3.422091293663153) (27.92000000000014,3.423474792751132) (27.93000000000015,3.424842647354222) (27.94000000000015,3.426194857472423) (27.95000000000015,3.427531423105735) (27.96000000000015,3.428852344254157) (27.97000000000015,3.430157620917691) (27.98000000000015,3.431447253096336) (27.99000000000015,3.432721240790092) (28.04000000000001,3.439013037458067) (28.09000000000001,3.445305035685146) (28.11000000000002,3.447821819570574) (28.13000000000002,3.450338348337648) (28.15000000000002,3.452854621986368) (28.17000000000003,3.455370640516734) (28.19000000000003,3.457886403928746) (28.20000000000003,3.459144189965369) (28.21000000000003,3.460401816653021) (28.22000000000003,3.461659283991702) (28.23000000000004,3.462916591981411) (28.24000000000004,3.46417374062215) (28.25000000000004,3.465430729913916) (28.26000000000004,3.466687559856712) (28.27000000000004,3.467944230450537) (28.28000000000004,3.46920074169539) (28.29000000000005,3.470457093591272) (28.30000000000005,3.471713286138182) (28.31000000000005,3.472969185750019) (28.32000000000005,3.474224792426782) (28.33000000000005,3.47548010616847) (28.34000000000005,3.476735126975085) (28.35000000000005,3.477989854846625) (28.36000000000006,3.479244289783092) (28.37000000000006,3.480498431784485) (28.38000000000006,3.481752280850804) (28.39000000000006,3.483005836982048) (28.40000000000006,3.484259100178219) (28.41000000000006,3.485511870130119) (28.42000000000007,3.486764146837747) (28.43000000000007,3.488015930301104) (28.44000000000007,3.489267220520189) (28.45000000000007,3.490518017495003) (28.46000000000007,3.491768321225545) (28.47000000000007,3.493018131711816) (28.48000000000008,3.494267448953816) (28.49000000000008,3.495516272951544) (28.50000000000008,3.496764603705001) (28.51000000000008,3.498012106688487) (28.52000000000008,3.499258781902004) (28.53000000000008,3.50050462934555) (28.54000000000008,3.501749649019125) (28.55000000000009,3.502993840922731) (28.56000000000009,3.504237205056365) (28.57000000000009,3.50547974142003) (28.58000000000009,3.506721450013724) (28.59000000000009,3.507962330837448) (28.60000000000009,3.509202383891202) (28.6100000000001,3.510440934981588) (28.6200000000001,3.511677984108606) (28.6300000000001,3.512913531272257) (28.6400000000001,3.51414757647254) (28.6500000000001,3.515380119709456) (28.6600000000001,3.516611160983004) (28.6700000000001,3.517840700293184) (28.68000000000011,3.519068737639997) (28.69000000000011,3.520295273023442) (28.70000000000011,3.521520306443521) (28.71000000000011,3.522741757251461) (28.72000000000011,3.523959625447266) (28.73000000000011,3.525173911030933) (28.74000000000012,3.526384614002463) (28.75000000000012,3.527591734361856) (28.76000000000012,3.528795272109112) (28.77000000000012,3.529995227244231) (28.78000000000012,3.531191599767214) (28.79000000000012,3.532384389678059) (28.80000000000013,3.533573596976768) (28.81000000000013,3.534682159045165) (28.82000000000013,3.53571007588325) (28.83000000000013,3.536657347491024) (28.84000000000013,3.537523973868487) (28.85000000000013,3.538309955015638) (28.86000000000013,3.539015290932479) (28.87000000000014,3.539639981619007) (28.88000000000014,3.540184027075224) (28.89000000000014,3.54064742730113) (28.90000000000014,3.541030182296725) (28.91000000000014,3.541413713634961) (28.92000000000014,3.541798021315839) (28.93000000000015,3.542183105339359) (28.94000000000015,3.542568965705521) (28.95000000000015,3.542955602414324) (28.96000000000015,3.543343015465769) (28.97000000000015,3.543731204859855) (28.98000000000015,3.544120170596584) (28.99000000000015,3.544509912675954) (29,3.544900431097966) (29.01,3.545291788938214) (29.02,3.545683986196697) (29.03,3.546077022873416) (29.04000000000001,3.54647089896837) (29.05000000000001,3.546865614481561) (29.06000000000001,3.547261169412987) (29.07000000000001,3.547657563762649) (29.08000000000001,3.548054797530546) (29.09000000000001,3.548452870716679) (29.10000000000002,3.548851783321048) (29.11000000000002,3.549251612749389) (29.12000000000002,3.549652359001702) (29.13000000000002,3.550054022077987) (29.14000000000002,3.550456601978243) (29.15000000000002,3.550860098702472) (29.16000000000003,3.551264512250672) (29.17000000000003,3.551669842622844) (29.18000000000003,3.552076089818988) (29.19000000000003,3.552483253839104) (29.20000000000003,3.552891334683192) (29.21000000000003,3.55330042969346) (29.22000000000003,3.553710538869907) (29.23000000000004,3.554121662212534) (29.24000000000004,3.55453379972134) (29.25000000000004,3.554946951396326) (29.26000000000004,3.555361117237492) (29.27000000000004,3.555776297244837) (29.28000000000004,3.556192491418362) (29.29000000000005,3.556609699758067) (29.30000000000005,3.557027922263951) (29.31000000000005,3.557447285199534) (29.32000000000005,3.557867788564817) (29.33000000000005,3.558289432359799) (29.34000000000005,3.55871221658448) (29.35000000000005,3.559136141238861) (29.36000000000006,3.55956120632294) (29.37000000000006,3.559987411836719) (29.38000000000006,3.560414757780197) (29.39000000000006,3.560843244153374) (29.40000000000006,3.56127287095625) (29.41000000000006,3.561703808739792) (29.42000000000007,3.562136057503999) (29.43000000000007,3.562569617248871) (29.44000000000007,3.563004487974409) (29.45000000000007,3.563440669680612) (29.46000000000007,3.56387816236748) (29.47000000000007,3.564316966035014) (29.48000000000008,3.564757080683214) (29.49000000000008,3.565198506312079) (29.50000000000008,3.565641242921609) (29.51000000000008,3.566085534000345) (29.52000000000008,3.566531379548286) (29.53000000000008,3.566978779565433) (29.54000000000008,3.567427734051786) (29.55000000000009,3.567878243007345) (29.56000000000009,3.568330306432109) (29.57000000000009,3.568783924326079) (29.58000000000009,3.569239096689255) (29.59000000000009,3.569695823521637) (29.60000000000009,3.570154104823224) (29.6100000000001,3.57061431730543) (29.6200000000001,3.571076460968255) (29.6300000000001,3.571540535811699) (29.6400000000001,3.572006541835761) (29.6500000000001,3.572474479040443) (29.6600000000001,3.572944347425743) (29.6700000000001,3.573416146991662) (29.68000000000011,3.5738898777382) (29.69000000000011,3.574365539665357) (29.70000000000011,3.574843132773133) (29.71000000000011,3.575323319361961) (29.72000000000011,3.575806099431843) (29.73000000000011,3.576291472982777) (29.74000000000012,3.576779440014764) (29.75000000000012,3.577270000527804) (29.76000000000012,3.577763154521897) (29.77000000000012,3.578258901997042) (29.78000000000012,3.578757242953241) (29.79000000000012,3.579258177390492) (29.80000000000013,3.579761705308796) (29.81000000000013,3.580269304186845) (29.82000000000013,3.58078097402464) (29.83000000000013,3.58129671482218) (29.84000000000013,3.581816526579465) (29.85000000000013,3.582340409296495) (29.86000000000013,3.582868362973271) (29.87000000000014,3.583400387609792) (29.88000000000014,3.583936483206058) (29.89000000000014,3.58447664976207) (29.90000000000014,3.585020887277827) (29.91000000000014,3.585575472845586) (29.92000000000014,3.586140406465347) (29.93000000000015,3.58671568813711) (29.94000000000015,3.587301317860876) (29.95000000000015,3.587897295636644) (29.96000000000015,3.588503621464413) (29.97000000000015,3.589120295344185) (29.98000000000015,3.58974731727596) (29.99000000000015,3.590384687259736) (30,3.591032405295515) (30.01,3.591695715066029) (30.02,3.592374616571279) (30.03,3.593069109811264) (30.04000000000001,3.593779194785986) (30.05000000000001,3.594504871495443) (30.06000000000001,3.595246139939635) (30.07000000000001,3.596003000118564) (30.08000000000001,3.596775452032228) (30.09000000000001,3.597563495680628) (30.10000000000002,3.598367131063764) (30.11000000000002,3.599172742205784) (30.12000000000002,3.599980329106689) (30.13000000000002,3.600789891766479) (30.14000000000002,3.601601430185153) (30.15000000000002,3.602414944362712) (30.16000000000003,3.603230434299155) (30.17000000000003,3.604047899994483) (30.18000000000003,3.604867341448696) (30.19000000000003,3.605688758661793) (30.20000000000003,3.606512151633774) (30.21000000000003,3.607337772115724) (30.22000000000003,3.608165620107643) (30.23000000000004,3.608995695609529) (30.24000000000004,3.609827998621384) (30.25000000000004,3.610662529143207) (30.26000000000004,3.611499287174998) (30.27000000000004,3.612338272716757) (30.28000000000004,3.613179485768484) (30.29000000000005,3.61402292633018) (30.30000000000005,3.614868594401844) (30.31000000000005,3.615716832129221) (30.32000000000005,3.616567639512313) (30.33000000000005,3.617421016551118) (30.34000000000005,3.618276963245637) (30.35000000000005,3.61913547959587) (30.36000000000006,3.619996565601817) (30.37000000000006,3.620860221263477) (30.38000000000006,3.621726446580852) (30.39000000000006,3.62259524155394) (30.40000000000006,3.623466606182742) (30.41000000000006,3.624341033143988) (30.42000000000007,3.625218522437679) (30.43000000000007,3.626099074063815) (30.44000000000007,3.626982688022395) (30.45000000000007,3.627869364313419) (30.46000000000007,3.628759102936888) (30.47000000000007,3.629651903892801) (30.48000000000008,3.630547767181159) (30.49000000000008,3.631446692801962) (30.50000000000008,3.632348680755209) (30.51000000000008,3.633254503199653) (30.52000000000008,3.634164160135292) (30.53000000000008,3.635077651562129) (30.54000000000008,3.635994977480161) (30.55000000000009,3.63691613788939) (30.56000000000009,3.637841132789816) (30.57000000000009,3.638769962181438) (30.58000000000009,3.639702626064256) (30.59000000000009,3.640639124438271) (30.60000000000009,3.641579457303481) (30.6100000000001,3.64252501223936) (30.6200000000001,3.643475789245907) (30.6300000000001,3.644431788323121) (30.6400000000001,3.645393009471003) (30.6500000000001,3.646359452689553) (30.6600000000001,3.647331117978771) (30.6700000000001,3.648308005338656) (30.68000000000011,3.649290114769209) (30.69000000000011,3.65027744627043) (30.70000000000011,3.651269999842318) (30.71000000000011,3.652271016892757) (30.72000000000011,3.653280497421746) (30.73000000000011,3.654298441429285) (30.74000000000012,3.655324848915375) (30.75000000000012,3.656359719880014) (30.76000000000012,3.657403054323204) (30.77000000000012,3.658454852244944) (30.78000000000012,3.659515113645234) (30.79000000000012,3.660583838524075) (30.80000000000013,3.661661026881465) (30.81000000000013,3.662763192188756) (30.82000000000013,3.663890334445945) (30.83000000000013,3.665042453653035) (30.84000000000013,3.666219549810025) (30.85000000000013,3.667421622916915) (30.86000000000013,3.668648672973704) (30.87000000000014,3.669900699980393) (30.88000000000014,3.671177703936982) (30.89000000000014,3.67247968484347) (30.90000000000014,3.673806642699859) (30.91000000000014,3.675156082202296) (30.92000000000014,3.676528003350779) (30.93000000000015,3.677922406145311) (30.94000000000015,3.679339290585891) (30.95000000000015,3.680778656672519) (30.96000000000015,3.682240504405194) (30.97000000000015,3.683724833783918) (30.98000000000015,3.685231644808689) (30.99000000000015,3.686760937479507) (50.000002,6.636684224197977)
tv[0]:
[0]: (0,0) (0,0.1) (0.1,0.1) (6,6) (6.1,5.9) (8.799999999999986,8.599999999999991) (9,8.399999999999991) (11.1,10.50000000000002) (11.20000000000001,10.40000000000002) (11.60000000000003,10.80000000000004) (11.70000000000003,10.70000000000003) (12.1,11.1) (12.20000000000001,11) (12.60000000000003,11.40000000000002) (12.70000000000003,11.30000000000001) (13.1,11.70000000000003) (13.20000000000001,11.60000000000003) (15.30000000000001,13.70000000000003) (15.40000000000002,13.72098950018501) (15.50000000000002,13.62098950018501) (17,15.12098950018503) (17.10000000000002,15.02098950018503) (18.60000000000009,16.52098950018509) (18.70000000000011,16.42098950018507) (20.50000000000008,18.22098950018535) (20.60000000000009,18.25065554681053) (20.70000000000011,18.15065554681052) (22,19.45065554681072) (22.10000000000002,19.35065554681071) (23.30000000000005,20.55065554681089) (23.40000000000006,20.45065554681088) (24.30000000000005,21.35065554681102) (24.40000000000006,21.250655546811) (25.60000000000009,22.45065554681119) (25.70000000000011,22.35065554681118) (26.90000000000014,23.55065554681136) (27,23.45065554681135) (27.90000000000014,24.35065554681149) (28,24.25065554681147) (28.80000000000013,25.0506555468116) (28.90000000000014,24.95065554681158) (30,26.05065554681175) (30.10000000000002,25.95065554681174) (30.90000000000014,26.75065554681186) (31,26.65065554681185) (50.000002,26.65065554681185)
tv[Y]:
[0]: (0,0) (0.1,0) (0.2,0.001032248260591128) (0.3,0.00206505764671085) (0.4000000000000001,0.003098429988768764) (0.5000000000000001,0.004132367744668197) (0.6000000000000001,0.005166874011598869) (0.7000000000000001,0.006201952541593403) (0.8,0.007237607760775072) (0.9,0.008273844792420437) (1,0.009310669484067271) (1.1,0.01034808843897498) (1.2,0.01138610905231512) (1.3,0.01242473955253642) (1.4,0.01346398904845067) (1.5,0.01450386758265911) (1.6,0.01554438619205039) (1.7,0.01658555697425198) (1.8,0.01762739316119654) (1.900000000000001,0.0186699092064091) (2,0.01971312087999117) (2.1,0.0207570453804408) (2.2,0.02180170145761914) (2.3,0.02284710955669556) (2.4,0.02389329197817745) (2.5,0.02494027307688317) (2.600000000000001,0.02598807944749487) (2.700000000000001,0.02703674019543515) (2.800000000000001,0.02808628720447261) (2.9,0.0291367554607115) (3,0.03018818344668547) (3.1,0.03124061358213524) (3.2,0.03229409274124514) (3.3,0.03334867286853186) (3.4,0.03440441170024397) (3.5,0.03546137361773387) (3.600000000000001,0.03651963069907761) (3.700000000000001,0.03757926397450639) (3.8,0.0386403649326331) (3.9,0.03970303740045048) (4,0.04076739988349869) (4.100000000000001,0.04183358847970553) (4.200000000000001,0.04290176052315302) (4.300000000000002,0.04397209933042236) (4.400000000000002,0.04504482033991641) (4.500000000000003,0.04612017919357306) (4.600000000000003,0.04719848256532067) (4.700000000000004,0.04828010291561326) (4.800000000000004,0.04936549915622473) (4.900000000000005,0.05045524616670347) (5,0.05155007823612407) (5.100000000000001,0.05265095514354538) (5.200000000000001,0.05375916667661963) (5.300000000000002,0.05487650686507879) (5.400000000000002,0.05600558151192928) (5.500000000000003,0.05715039485838049) (5.600000000000002,0.05831758886729436) (5.700000000000002,0.05951945989000776) (5.800000000000002,0.06078307926060613) (5.900000000000001,0.06219058388436868) (6,0.06436192476379722) (6.1,0.06416870751698642) (6.199999999999999,0.06521145971728795) (6.299999999999999,0.06625283788651494) (6.399999999999999,0.06729275238747036) (6.500000000000001,0.06833110279667434) (6.600000000000002,0.06936777607924409) (6.700000000000004,0.07040264434760858) (6.800000000000005,0.07143556210059404) (6.900000000000007,0.07246636278205937) (7,0.07349485444628485) (7.099999999999999,0.07452081423513729) (7.199999999999997,0.07554398127450178) (7.299999999999994,0.07656404733588444) (7.399999999999992,0.07758064443912309) (7.49999999999999,0.07859332807901692) (7.599999999999988,0.0796015540688894) (7.699999999999986,0.08060464583217752) (7.799999999999985,0.08160174696663802) (7.899999999999987,0.08259175031792322) (8,0.08357318803939129) (8.099999999999998,0.08454405330433912) (8.199999999999996,0.0855014956544301) (8.299999999999994,0.08644126407498061) (8.399999999999991,0.08735659622901208) (8.499999999999989,0.08823572567244886) (8.599999999999987,0.08905524896199253) (8.699999999999987,0.08975693978308462) (8.799999999999986,0.09010838758136613) (8.899999999999986,-0.009680814232193304) (9,-0.009553485178517805) (9.1,-0.008425955236039558) (9.199999999999999,-0.007243191910262431) (9.299999999999999,-0.005999933599059801) (9.399999999999999,-0.00469005233013093) (9.499999999999998,-0.003306349506621609) (9.599999999999998,-0.001840287200818433) (9.699999999999998,-0.0002816288433177636) (9.799999999999997,0.001382050155924622) (9.899999999999997,0.003166042992857329) (10,0.005089480860694269) (10.1,0.007176749918588358) (10.20000000000001,0.009459636275217571) (10.30000000000001,0.0119806995472395) (10.40000000000002,0.01479882428393941) (10.50000000000002,0.01799889784630368) (10.60000000000003,0.02170995157393618) (10.70000000000003,0.02614256252713451) (10.80000000000004,0.03167676874312934) (10.90000000000004,0.03911304336095574) (11,0.05066562287292589) (11.1,0.07819691576674248) (11.20000000000001,0.1345488698076995) (11.30000000000001,0.1402531139415682) (11.40000000000002,0.1475196346513977) (11.50000000000002,0.1581153020249814) (11.60000000000003,0.1809823740078717) (11.70000000000003,0.2369065142417855) (11.80000000000004,0.2417507749126426) (11.90000000000004,0.2475859044278078) (12,0.2556474261891341) (12.1,0.2735823448316013) (12.20000000000001,0.2917005579203233) (12.30000000000001,0.294663255343484) (12.40000000000002,0.2977560427259111) (12.50000000000002,0.3011723922670785) (12.60000000000003,0.3068973954061505) (12.70000000000003,0.3056172668071823) (12.80000000000004,0.306081211032993) (12.90000000000004,0.3055442916955385) (13,0.3023346623837682) (13.1,0.2668010276137965) (13.20000000000001,0.2565726579493449) (13.30000000000001,0.2572237241277419) (13.40000000000002,0.2578042975828653) (13.50000000000002,0.2583076003253332) (13.60000000000003,0.2587257551560149) (13.70000000000003,0.2590495312278976) (13.80000000000004,0.2592680110046731) (13.90000000000004,0.2593681474610839) (14,0.2593341649152524) (14.1,0.2591467319863382) (14.20000000000001,0.2587817937993873) (14.30000000000001,0.2582088793311247) (14.40000000000002,0.2573885720387035) (14.50000000000002,0.2562685915709264) (14.60000000000003,0.254777455866077) (14.70000000000003,0.2528136730163155) (14.80000000000004,0.2502260474565838) (14.90000000000004,0.2467745843083584) (15,0.2420433576944237) (15.1,0.2352112059505164) (15.20000000000001,0.2242658241800837) (15.30000000000001,0.2014972327996759) (15.40000000000002,0.1014972327996759) (15.50000000000002,0.07431469787087112) (15.60000000000003,0.07373179945984489) (15.70000000000003,0.07306876839793318) (15.80000000000004,0.07231317710022662) (15.90000000000004,0.0714493341567095) (16,0.07045702026230946) (16.09999999999999,0.0693095437655155) (16.19999999999997,0.06797062223457169) (16.29999999999999,0.066389120498394) (16.40000000000001,0.06448959104881143) (16.50000000000002,0.06215382419990972) (16.60000000000004,0.0591807227108271) (16.70000000000005,0.05518446532910457) (16.80000000000007,0.04926605635688101) (16.90000000000008,0.03836411043034374) (17,-0.01867360358345737) (17,-0.01867360358345738) (17.10000000000002,-0.03618955136368382) (17.20000000000003,-0.03592045632733902) (17.30000000000005,-0.03561454520410019) (17.40000000000006,-0.03526601394138622) (17.50000000000008,-0.03486751319192877) (17.60000000000009,-0.03440954124020151) (17.70000000000011,-0.03387950509527858) (17.80000000000013,-0.0332602048600799) (17.90000000000014,-0.03252725574380728) (18,-0.0316444063700573) (18.10000000000002,-0.03055428669101317) (18.20000000000003,-0.02915791905233392) (18.30000000000005,-0.02726131564445912) (18.40000000000006,-0.02439545799605025) (18.50000000000008,-0.01882220169644836) (18.60000000000009,0.04165049297321374) (18.60000000000009,0.04165049297321375) (18.70000000000011,0.04806349258681059) (18.80000000000013,0.0494845026062086) (18.90000000000014,0.05096768041108995) (19,0.05252036110881974) (19.10000000000002,0.05415131777046801) (19.20000000000003,0.05587116720770185) (19.30000000000005,0.05769293036228468) (19.40000000000006,0.05963282399847415) (19.50000000000008,0.06171140883175998) (19.60000000000009,0.0639553061456816) (19.70000000000011,0.06639985853431288) (19.80000000000013,0.06909343622421657) (19.90000000000014,0.07210478522099525) (20,0.07553642525567855) (20.10000000000002,0.07955126561973797) (20.20000000000003,0.08443196923034332) (20.30000000000005,0.09073732204987517) (20.40000000000006,0.09983878606398838) (20.50000000000008,0.1170030919136707) (20.60000000000009,0.2170030919136708) (20.70000000000011,0.2337410900900207) (20.80000000000013,0.2360396413577097) (20.90000000000014,0.2384214573166636) (21,0.2409016530582938) (21.10000000000002,0.2434999965919853) (21.20000000000003,0.2462430513247151) (21.30000000000005,0.2491677163575464) (21.40000000000006,0.252327425367659) (21.50000000000008,0.255803828023309) (21.60000000000009,0.2597310351156036) (21.70000000000011,0.2643531223212388) (21.80000000000013,0.2701904803294615) (21.90000000000014,0.2787137672899089) (22,0.2983148152403927) (22.10000000000002,0.3279798609132313) (22.20000000000003,0.3299151666962126) (22.30000000000005,0.3318729540503136) (22.40000000000006,0.3338579110222907) (22.50000000000008,0.3358764018570122) (22.60000000000009,0.3379373796632431) (22.70000000000011,0.3400540201042991) (22.80000000000013,0.3422468892365495) (22.90000000000014,0.344550777509768) (23,0.347031835861011) (23.10000000000002,0.3498417434990194) (23.20000000000003,0.3534784509544271) (23.30000000000005,0.3632666752322973) (23.40000000000006,0.3650358558307006) (23.50000000000008,0.3662088470253479) (23.60000000000009,0.3672999086976477) (23.70000000000011,0.3682834435294937) (23.80000000000013,0.3691193803495492) (23.90000000000014,0.3697396593785886) (24,0.3700140869628312) (24.10000000000002,0.3696410621223613) (24.20000000000003,0.3676080815288981) (24.30000000000005,0.3515844104206619) (24.40000000000006,0.3435628816708166) (24.50000000000008,0.3441074646185762) (24.60000000000009,0.344552130469701) (24.70000000000011,0.3448761446578038) (24.80000000000013,0.3450514139123969) (24.90000000000014,0.3450385150649461) (25,0.3447796193713172) (25.10000000000002,0.344184855228319) (25.20000000000003,0.3431031315566909) (25.30000000000005,0.341249860271143) (25.40000000000006,0.3379829513927375) (25.50000000000008,0.3312668417592292) (25.60000000000009,0.3029118713209457) (25.70000000000011,0.2837606860596938) (25.80000000000013,0.283789402248056) (25.90000000000014,0.2837001595880946) (26,0.2834679487479893) (26.10000000000002,0.2830586812871679) (26.20000000000003,0.282424163832636) (26.30000000000005,0.2814930263842726) (26.40000000000006,0.280152939805269) (26.50000000000008,0.2782116820535881) (26.60000000000009,0.2752973813847294) (26.70000000000011,0.2705318251387969) (26.80000000000013,0.2608376415847132) (26.90000000000014,0.195586205122343) (27,0.1791189033728665) (27.10000000000002,0.178727203407011) (27.20000000000003,0.1781830401927669) (27.30000000000005,0.1774396368145558) (27.40000000000006,0.1764243838844519) (27.50000000000008,0.1750154226611152) (27.60000000000009,0.1729838417214787) (27.70000000000011,0.1698155657089716) (27.80000000000013,0.1638971608504893) (27.90000000000014,0.1414788057756771) (28,0.125834320886681) (28.10000000000002,0.12584238325081) (28.20000000000003,0.1257786036623328) (28.30000000000005,0.1256192546910574) (28.40000000000006,0.125326319617085) (28.50000000000008,0.1248330753456854) (28.60000000000009,0.1240053053753415) (28.70000000000011,0.1225033420077904) (28.80000000000013,0.1189207298708309) (28.90000000000014,0.03827549955945836) (28.90000000000014,0.03827549955945835) (29,0.0390518422011763) (29.10000000000002,0.03989126043689824) (29.20000000000003,0.0408080844087883) (29.30000000000005,0.04182225058842906) (29.40000000000006,0.04296268028762268) (29.50000000000008,0.04427366095301753) (29.60000000000009,0.04582813015872043) (29.70000000000011,0.04775931077757171) (29.80000000000013,0.05035279183041175) (29.90000000000014,0.05442375157569143) (30,0.06477180357785173) (30.10000000000002,0.0803635383135663) (30.20000000000003,0.08233929719818425) (30.30000000000005,0.08456680716637574) (30.40000000000006,0.08713646288019902) (30.50000000000008,0.09019879532471281) (30.60000000000009,0.09403328652110088) (30.70000000000011,0.09925535718885781) (30.80000000000013,0.1077188357390519) (30.90000000000014,0.1326957856388513) (31,0.1551774316866685) (50.000002,0.1551774316866685)
ta[0]:
[0]: (0,0) (0.1,0) (0.1,1) (6,1) (6,-1) (6.1,-1) (6.1,1) (8.799999999999986,1) (8.799999999999986,-0.9999999999999999) (9,-1) (9,1) (11.1,1) (11.11008172656627,-1) (11.20000000000001,-1) (11.21008172656628,0.9999999999999999) (11.60000000000003,1) (11.6100817265663,-1) (11.70000000000003,-1) (11.7100817265663,1) (12.1,1) (12.11008172656627,-1) (12.20000000000001,-1) (12.21008172656628,1) (12.60000000000003,1) (12.6100817265663,-1) (12.70000000000003,-1) (12.7100817265663,1) (13.1,0.9999999999999999) (13.11008172656627,-0.9999999999999999) (13.20000000000001,-0.9999999999999999) (13.21008172656628,1) (15.30000000000001,0.9999999999999999) (15.31008172656628,0.209895001849857) (15.40000000000002,0.209895001849857) (15.41008172656629,-1) (15.50000000000002,-1) (15.51008172656629,1) (17,1) (17.01,-1) (17.10000000000002,-1) (17.11000000000002,1) (18.60000000000009,1) (18.6100000000001,-0.9999999999999999) (18.70000000000011,-0.9999999999999999) (18.71000000000011,0.9999999999999999) (20.50000000000008,0.9999999999999999) (20.51000000000008,0.2966604662518899) (20.60000000000009,0.2966604662518899) (20.6100000000001,-1) (20.70000000000011,-1) (20.71000000000011,0.9999999999999999) (22,1) (22.01,-1) (22.10000000000002,-1) (22.11000000000002,1) (23.30000000000005,1) (23.31000000000005,-1) (23.40000000000006,-1) (23.41000000000006,1) (24.30000000000005,1) (24.31000000000005,-1) (24.40000000000006,-1) (24.41000000000006,1) (25.60000000000009,1) (25.6100000000001,-1) (25.70000000000011,-1) (25.71000000000011,1) (26.90000000000014,1) (26.91000000000014,-1) (27,-1) (27.01,0.9999999999999999) (27.90000000000014,1) (27.91000000000014,-0.9999999999999999) (28,-0.9999999999999999) (28.01,0.9999999999999999) (28.80000000000013,1) (28.81000000000013,-1) (28.90000000000014,-1) (28.91000000000014,1) (30,1) (30.01,-1) (30.10000000000002,-1) (30.11000000000002,1) (30.90000000000014,1) (30.91000000000014,-1) (31,-1) (31.01,0) (50.000002,0)
ta[Y]:
[0]: (0,0) (0.1,0) (0.1,0.01032248260591128) (0.2,0.01032248260591128) (0.2,0.01032809386119722) (0.3,0.01032809386119722) (0.3,0.01033372342057914) (0.4000000000000001,0.01033372342057914) (0.4000000000000001,0.01033937755899434) (0.5000000000000001,0.01033937755899434) (0.5000000000000001,0.01034506266930671) (0.6000000000000001,0.01034506266930671) (0.6000000000000001,0.01035078529994535) (0.7000000000000001,0.01035078529994535) (0.7000000000000001,0.01035655219181669) (0.8,0.01035655219181669) (0.8,0.01036237031645364) (0.9,0.01036237031645364) (0.9,0.01036824691646833) (1,0.01036824691646833) (1,0.01037418954907713) (1.1,0.01037418954907713) (1.1,0.01038020613340135) (1.2,0.01038020613340135) (1.2,0.01038630500221297) (1.3,0.01038630500221297) (1.3,0.01039249495914249) (1.4,0.01039249495914249) (1.4,0.01039878534208448) (1.5,0.01039878534208448) (1.5,0.01040518609391282) (1.6,0.01040518609391282) (1.6,0.01041170782201582) (1.7,0.01041170782201582) (1.7,0.01041836186944561) (1.8,0.01041836186944561) (1.8,0.01042516045212564) (1.900000000000001,0.01042516045212564) (1.900000000000001,0.0104321167358207) (2,0.0104321167358207) (2,0.01043924500449629) (2.1,0.01043924500449629) (2.1,0.01044656077178336) (2.2,0.01044656077178336) (2.2,0.01045408099076421) (2.3,0.01045408099076421) (2.3,0.0104618242148189) (2.4,0.0104618242148189) (2.4,0.0104698109870572) (2.5,0.0104698109870572) (2.5,0.01047806370611695) (2.600000000000001,0.01047806370611695) (2.600000000000001,0.01048660747940285) (2.700000000000001,0.01048660747940285) (2.700000000000001,0.01049547009037449) (2.800000000000001,0.01049547009037449) (2.800000000000001,0.01050468256238891) (2.9,0.01050468256238891) (2.9,0.01051427985973966) (3,0.01051427985973966) (3,0.01052430135449767) (3.1,0.01052430135449767) (3.1,0.01053479159109902) (3.2,0.01053479159109902) (3.2,0.01054580127286722) (3.3,0.01054580127286722) (3.3,0.01055738831712105) (3.4,0.01055738831712105) (3.4,0.01056961917489895) (3.5,0.01056961917489895) (3.5,0.01058257081343742) (3.600000000000001,0.01058257081343742) (3.600000000000001,0.01059633275428779) (3.700000000000001,0.01059633275428779) (3.700000000000001,0.01061100958126708) (3.8,0.01061100958126708) (3.8,0.01062672467817376) (3.9,0.01062672467817376) (3.9,0.010643624830482) (4,0.010643624830482) (4,0.01066188596206841) (4.100000000000001,0.01066188596206841) (4.100000000000001,0.01068172043447495) (4.200000000000001,0.01068172043447495) (4.200000000000001,0.01070338807269339) (4.300000000000002,0.01070338807269339) (4.300000000000002,0.01072721009494044) (4.400000000000002,0.01072721009494044) (4.400000000000002,0.01075358853656667) (4.500000000000003,0.01075358853656667) (4.500000000000003,0.01078303371747605) (4.600000000000003,0.01078303371747605) (4.600000000000003,0.01081620350292592) (4.700000000000004,0.01081620350292592) (4.700000000000004,0.0108539624061147) (4.800000000000004,0.0108539624061147) (4.800000000000004,0.01089747010478729) (4.900000000000005,0.01089747010478729) (4.900000000000005,0.01094832069420597) (5,0.01094832069420597) (5,0.01100876907421296) (5.100000000000001,0.01100876907421296) (5.100000000000001,0.01108211533074253) (5.200000000000001,0.01108211533074253) (5.200000000000001,0.01117340188459169) (5.300000000000002,0.01117340188459169) (5.300000000000002,0.01129074646850474) (5.400000000000002,0.01129074646850474) (5.400000000000002,0.01144813346451211) (5.500000000000003,0.01144813346451211) (5.500000000000003,0.01167194008913866) (5.600000000000002,0.01167194008913866) (5.600000000000002,0.01201871022713405) (5.700000000000002,0.01201871022713405) (5.700000000000002,0.01263619370598384) (5.800000000000002,0.01263619370598384) (5.800000000000002,0.01407504623762548) (5.900000000000001,0.01407504623762548) (5.900000000000001,0.02171340879428552) (6,0.02171340879428552) (6,-0.001932172468107947) (6.1,-0.001932172468107947) (6.1,0.01042752200301555) (6.199999999999999,0.01042752200301555) (6.199999999999999,0.01041378169226986) (6.299999999999999,0.01041378169226986) (6.299999999999999,0.01039914500955414) (6.399999999999999,0.01039914500955414) (6.399999999999999,0.01038350409203996) (6.500000000000001,0.01038350409203996) (6.500000000000001,0.01036673282569734) (6.600000000000002,0.01036673282569734) (6.600000000000002,0.01034868268364499) (6.700000000000004,0.01034868268364499) (6.700000000000004,0.01032917752985473) (6.800000000000005,0.01032917752985473) (6.800000000000005,0.01030800681465327) (6.900000000000007,0.01030800681465327) (6.900000000000007,0.01028491664225488) (7,0.01028491664225488) (7,0.01025959788852446) (7.099999999999999,0.01025959788852446) (7.099999999999999,0.01023167039364489) (7.199999999999997,0.01023167039364489) (7.199999999999997,0.01020066061382643) (7.299999999999994,0.01020066061382643) (7.299999999999994,0.01016597103238672) (7.399999999999992,0.01016597103238672) (7.399999999999992,0.01012683639893841) (7.49999999999999,0.01012683639893841) (7.49999999999999,0.01008225989872481) (7.599999999999988,0.01008225989872481) (7.599999999999988,0.01003091763288131) (7.699999999999986,0.01003091763288131) (7.699999999999986,0.009971011344605103) (7.799999999999985,0.009971011344605103) (7.799999999999985,0.009900033512851748) (7.899999999999987,0.009900033512851748) (7.899999999999987,0.009814377214680918) (8,0.009814377214680918) (8,0.009708652649478081) (8.099999999999998,0.009708652649478081) (8.099999999999998,0.009574423500910085) (8.199999999999996,0.009574423500910085) (8.199999999999996,0.009397684205504882) (8.299999999999994,0.009397684205504882) (8.299999999999994,0.009153321540314964) (8.399999999999991,0.009153321540314964) (8.399999999999991,0.008791294434367965) (8.499999999999989,0.008791294434367965) (8.499999999999989,0.008195232895436434) (8.599999999999987,0.008195232895436434) (8.599999999999987,0.007016908210920646) (8.699999999999987,0.007016908210920646) (8.699999999999987,0.003514477982815278) (8.799999999999986,0.003514477982815278) (8.799999999999986,-0.9978920181355944) (8.899999999999986,-0.9978920181355944) (8.899999999999986,0.001273290536754953) (9,0.001273290536754953) (9,0.01127529942478251) (9.1,0.01127529942478251) (9.1,0.01182763325777126) (9.199999999999999,0.01182763325777126) (9.199999999999999,0.01243258311202631) (9.299999999999999,0.01243258311202631) (9.299999999999999,0.0130988126892887) (9.399999999999999,0.0130988126892887) (9.399999999999999,0.0138370282350932) (9.499999999999998,0.0138370282350932) (9.499999999999998,0.01466062305803177) (9.599999999999998,0.01466062305803177) (9.599999999999998,0.0155865835750067) (9.699999999999998,0.0155865835750067) (9.699999999999998,0.01663678999242386) (9.799999999999997,0.01663678999242386) (9.799999999999997,0.01783992836932707) (9.899999999999997,0.01783992836932707) (9.899999999999997,0.0192343786783694) (10,0.0192343786783694) (10.01008172656627,0.02087269057894093) (10.1,0.02087269057894093) (10.11008172656627,0.02282886356629207) (10.20000000000001,0.02282886356629207) (10.21008172656628,0.02521063272021929) (10.30000000000001,0.02521063272021929) (10.31008172656628,0.02818124736699907) (10.40000000000002,0.02818124736699907) (10.41008172656629,0.03200073562364279) (10.50000000000002,0.03200073562364279) (10.51008172656629,0.03711053727632508) (10.60000000000003,0.03711053727632508) (10.6100817265663,0.0443261095319832) (10.70000000000003,0.0443261095319832) (10.7100817265663,0.05534206215994821) (10.80000000000004,0.05534206215994821) (10.81008172656631,0.07436274617826383) (10.90000000000004,0.07436274617826383) (10.91008172656631,0.1155257951197017) (11,0.1155257951197017) (11.01008172656627,0.2753129289381659) (11.1,0.2753129289381659) (11.11008172656627,0.5635195404095703) (11.20000000000001,0.5635195404095703) (11.21008172656628,0.05704244133868768) (11.30000000000001,0.05704244133868768) (11.31008172656628,0.07266520709829521) (11.40000000000002,0.07266520709829521) (11.41008172656629,0.1059566737358376) (11.50000000000002,0.1059566737358376) (11.51008172656629,0.228670719828903) (11.60000000000003,0.228670719828903) (11.6100817265663,0.5592414023391377) (11.70000000000003,0.5592414023391377) (11.7100817265663,0.0484426067085721) (11.80000000000004,0.0484426067085721) (11.81008172656631,0.05835129515165178) (11.90000000000004,0.05835129515165178) (11.91008172656631,0.08061521761326486) (12,0.08061521761326486) (12.01008172656627,0.1793491864246699) (12.1,0.1793491864246699) (12.11008172656627,0.1811821308872233) (12.20000000000001,0.1811821308872233) (12.21008172656628,0.02962697423160493) (12.30000000000001,0.02962697423160493) (12.31008172656628,0.0309278738242709) (12.40000000000002,0.0309278738242709) (12.41008172656629,0.03416349541167601) (12.50000000000002,0.03416349541167601) (12.51008172656629,0.05725003139071971) (12.60000000000003,0.05725003139071971) (12.6100817265663,-0.01280128598968223) (12.70000000000003,-0.01280128598968223) (12.7100817265663,0.004639442258105786) (12.80000000000004,0.004639442258105786) (12.81008172656631,-0.005369193374542629) (12.90000000000004,-0.005369193374542629) (12.91008172656631,-0.03209629311770525) (13,-0.03209629311770525) (13.01008172656627,-0.3553363476997183) (13.1,-0.3553363476997183) (13.11008172656627,-0.1022836966445179) (13.20000000000001,-0.1022836966445179) (13.21008172656628,0.006510661783970449) (13.30000000000001,0.006510661783970449) (13.31008172656628,0.005805734551231644) (13.40000000000002,0.005805734551231644) (13.41008172656629,0.005033027424681344) (13.50000000000002,0.005033027424681344) (13.51008172656629,0.004181548306815061) (13.60000000000003,0.004181548306815061) (13.6100817265663,0.003237760718826865) (13.70000000000003,0.003237760718826865) (13.7100817265663,0.002184797767752216) (13.80000000000004,0.002184797767752216) (13.81008172656631,0.001001364564105608) (13.90000000000004,0.001001364564105608) (13.91008172656631,-0.000339825458315368) (14,-0.000339825458315368) (14.01008172656627,-0.001874329289142863) (14.1,-0.001874329289142863) (14.11008172656627,-0.003649381869507198) (14.20000000000001,-0.003649381869507198) (14.21008172656628,-0.005729144682623527) (14.30000000000001,-0.005729144682623527) (14.31008172656628,-0.008203072924213012) (14.40000000000002,-0.008203072924213012) (14.41008172656629,-0.01119980467777235) (14.50000000000002,-0.01119980467777235) (14.51008172656629,-0.0149113570484951) (14.60000000000003,-0.0149113570484951) (14.6100817265663,-0.01963782849761418) (14.70000000000003,-0.01963782849761418) (14.7100817265663,-0.02587625559731913) (14.80000000000004,-0.02587625559731913) (14.81008172656631,-0.03451463148225473) (14.90000000000004,-0.03451463148225473) (14.91008172656631,-0.04731226613934564) (15,-0.04731226613934564) (15.01008172656627,-0.06832151743907343) (15.1,-0.06832151743907343) (15.11008172656627,-0.1094538177043263) (15.20000000000001,-0.1094538177043263) (15.21008172656628,-0.2276859138040771) (15.30000000000001,-0.2276859138040771) (15.31008172656628,-1) (15.40000000000002,-1) (15.41008172656629,-0.2718253492880473) (15.50000000000002,-0.2718253492880473) (15.51008172656629,-0.005828984110261861) (15.60000000000003,-0.005828984110261861) (15.6100817265663,-0.00663031061911655) (15.70000000000003,-0.00663031061911655) (15.7100817265663,-0.007555912977065331) (15.80000000000004,-0.007555912977065331) (15.81008172656631,-0.008638429435170762) (15.90000000000004,-0.008638429435170762) (15.91008172656631,-0.009923138944000173) (16,-0.009923138944000173) (16.01008172656627,-0.01147476496793976) (16.09999999999999,-0.01147476496793976) (16.11008172656625,-0.0133892153094385) (16.19999999999997,-0.0133892153094385) (16.20999999999998,-0.01581501736177621) (16.29999999999999,-0.01581501736177621) (16.30999999999999,-0.01899529449582553) (16.40000000000001,-0.01899529449582553) (16.41000000000001,-0.02335766848901676) (16.50000000000002,-0.02335766848901676) (16.51000000000002,-0.02973101489082652) (16.60000000000004,-0.02973101489082652) (16.61000000000004,-0.03996257381722556) (16.70000000000005,-0.03996257381722556) (16.71000000000005,-0.05918408972223562) (16.80000000000007,-0.05918408972223562) (16.81000000000007,-0.1090194592653731) (16.90000000000008,-0.1090194592653731) (16.91000000000009,-0.5703771401380111) (17,-0.5703771401380111) (17.01,-0.1751594778022644) (17.10000000000002,-0.1751594778022644) (17.11000000000002,0.00269095036344816) (17.20000000000003,0.00269095036344816) (17.21000000000003,0.003059111232388551) (17.30000000000005,0.003059111232388551) (17.31000000000005,0.003485312627139464) (17.40000000000006,0.003485312627139464) (17.41000000000006,0.0039850074945743) (17.50000000000008,0.0039850074945743) (17.51000000000008,0.004579719517272521) (17.60000000000009,0.004579719517272521) (17.6100000000001,0.005300361449229566) (17.70000000000011,0.005300361449229566) (17.71000000000011,0.006193002351987087) (17.80000000000013,0.006193002351987087) (17.81000000000013,0.007329491162726409) (17.90000000000014,0.007329491162726409) (17.91000000000014,0.008828493737499691) (18,0.008828493737499691) (18.01,0.01090119679044123) (18.10000000000002,0.01090119679044123) (18.11000000000002,0.01396367638679251) (18.20000000000003,0.01396367638679251) (18.21000000000003,0.01896603407874784) (18.30000000000005,0.01896603407874784) (18.31000000000005,0.02865857648408861) (18.40000000000006,0.02865857648408861) (18.41000000000006,0.0557325629960188) (18.50000000000008,0.0557325629960188) (18.51000000000008,0.604726946696621) (18.60000000000009,0.604726946696621) (18.6100000000001,0.06412999613596869) (18.70000000000011,0.06412999613596869) (18.71000000000011,0.01421010019398002) (18.80000000000013,0.01421010019398002) (18.81000000000013,0.01483177804881378) (18.90000000000014,0.01483177804881378) (18.91000000000014,0.01552680697729817) (19,0.01552680697729817) (19.01,0.01630956661648292) (19.10000000000002,0.01630956661648292) (19.11000000000002,0.01719849437233864) (19.20000000000003,0.01719849437233864) (19.21000000000003,0.01821763154582822) (19.30000000000005,0.01821763154582822) (19.31000000000005,0.01939893636189466) (19.40000000000006,0.01939893636189466) (19.41000000000006,0.02078584833285807) (19.50000000000008,0.02078584833285807) (19.51000000000008,0.02243897313921615) (19.60000000000009,0.02243897313921615) (19.6100000000001,0.02444552388631287) (19.70000000000011,0.02444552388631287) (19.71000000000011,0.02693577689903707) (19.80000000000013,0.02693577689903707) (19.81000000000013,0.03011348996778649) (19.90000000000014,0.03011348996778649) (19.91000000000014,0.03431640034683341) (20,0.03431640034683341) (20.01,0.04014840364059477) (20.10000000000002,0.04014840364059477) (20.11000000000002,0.04880703610605355) (20.20000000000003,0.04880703610605355) (20.21000000000003,0.06305352819531838) (20.30000000000005,0.06305352819531838) (20.31000000000005,0.09101464014113146) (20.40000000000006,0.09101464014113146) (20.41000000000006,0.1716430584968235) (20.50000000000008,0.1716430584968235) (20.51000000000008,1) (20.60000000000009,1) (20.6100000000001,0.1673799817635002) (20.70000000000011,0.1673799817635002) (20.71000000000011,0.02298551267689084) (20.80000000000013,0.02298551267689084) (20.81000000000013,0.02381815958953884) (20.90000000000014,0.02381815958953884) (20.91000000000014,0.02480195741630244) (21,0.02480195741630244) (21.01,0.02598343533691491) (21.10000000000002,0.02598343533691491) (21.11000000000002,0.02743054732729731) (21.20000000000003,0.02743054732729731) (21.21000000000003,0.02924665032831257) (21.30000000000005,0.02924665032831257) (21.31000000000005,0.03159709010112619) (21.40000000000006,0.03159709010112619) (21.41000000000006,0.0347640265564999) (21.50000000000008,0.0347640265564999) (21.51000000000008,0.03927207092294881) (21.60000000000009,0.03927207092294881) (21.6100000000001,0.046220872056349) (21.70000000000011,0.046220872056349) (21.71000000000011,0.05837358008222465) (21.80000000000013,0.05837358008222465) (21.81000000000013,0.08523286960447286) (21.90000000000014,0.08523286960447286) (21.91000000000014,0.1960104795048351) (22,0.1960104795048351) (22.01,0.2966504567283883) (22.10000000000002,0.2966504567283883) (22.11000000000002,0.01935305782981031) (22.20000000000003,0.01935305782981031) (22.21000000000003,0.01957787354101135) (22.30000000000005,0.01957787354101135) (22.31000000000005,0.01984956971977172) (22.40000000000006,0.01984956971977172) (22.41000000000006,0.02018490834721695) (22.50000000000008,0.02018490834721695) (22.51000000000008,0.02060977806230657) (22.60000000000009,0.02060977806230657) (22.6100000000001,0.0211664044105633) (22.70000000000011,0.0211664044105633) (22.71000000000011,0.02192869132250446) (22.80000000000013,0.02192869132250446) (22.81000000000013,0.02303888273218609) (22.90000000000014,0.02303888273218609) (22.91000000000014,0.02481058351242888) (23,0.02481058351242888) (23.01,0.02809907638008146) (23.10000000000002,0.02809907638008146) (23.11000000000002,0.03636707455407518) (23.20000000000003,0.03636707455407518) (23.21000000000003,0.09788224277870203) (23.30000000000005,0.09788224277870203) (23.31000000000005,0.01769180598403352) (23.40000000000006,0.01769180598403352) (23.41000000000006,0.01172991194647119) (23.50000000000008,0.01172991194647119) (23.51000000000008,0.01091061672299871) (23.60000000000009,0.01091061672299871) (23.6100000000001,0.009835348318462042) (23.70000000000011,0.009835348318462042) (23.71000000000011,0.008359368200555413) (23.80000000000013,0.008359368200555413) (23.81000000000013,0.006202790290396556) (23.90000000000014,0.006202790290396556) (23.91000000000014,0.002744275842427623) (24,0.002744275842427623) (24.01,-0.003730248404698205) (24.10000000000002,-0.003730248404698205) (24.11000000000002,-0.02032980593463194) (24.20000000000003,-0.02032980593463194) (24.21000000000003,-0.1602367110823618) (24.30000000000005,-0.1602367110823618) (24.31000000000005,-0.08021528749845261) (24.40000000000006,-0.08021528749845261) (24.41000000000006,0.005445829477597991) (24.50000000000008,0.005445829477597991) (24.51000000000008,0.004446658511245382) (24.60000000000009,0.004446658511245382) (24.6100000000001,0.003240141881026737) (24.70000000000011,0.003240141881026737) (24.71000000000011,0.001752692545931955) (24.80000000000013,0.001752692545931955) (24.81000000000013,-0.0001289884745044169) (24.90000000000014,-0.0001289884745044169) (24.91000000000014,-0.002588956936291573) (25,-0.002588956936291573) (25.01,-0.005947641429981152) (25.10000000000002,-0.005947641429981152) (25.11000000000002,-0.0108172367162805) (25.20000000000003,-0.0108172367162805) (25.21000000000003,-0.01853271285547644) (25.30000000000005,-0.01853271285547644) (25.31000000000005,-0.03266908878405305) (25.40000000000006,-0.03266908878405305) (25.41000000000006,-0.06716109633508477) (25.50000000000008,-0.06716109633508477) (25.51000000000008,-0.2835497043828364) (25.60000000000009,-0.2835497043828364) (25.6100000000001,-0.1915118526125215) (25.70000000000011,-0.1915118526125215) (25.71000000000011,0.0002871618836192339) (25.80000000000013,0.0002871618836192339) (25.81000000000013,-0.0008924265996128791) (25.90000000000014,-0.0008924265996128791) (25.91000000000014,-0.002322108401055275) (26,-0.002322108401055275) (26.01,-0.004092674608211539) (26.10000000000002,-0.004092674608211539) (26.11000000000002,-0.006345174545319618) (26.20000000000003,-0.006345174545319618) (26.21000000000003,-0.009311374483631315) (26.30000000000005,-0.009311374483631315) (26.31000000000005,-0.01340086579003716) (26.40000000000006,-0.01340086579003716) (26.41000000000006,-0.01941257751680674) (26.50000000000008,-0.01941257751680674) (26.51000000000008,-0.02914300668858469) (26.60000000000009,-0.02914300668858469) (26.6100000000001,-0.04765556245932363) (26.70000000000011,-0.04765556245932363) (26.71000000000011,-0.09694183554083466) (26.80000000000013,-0.09694183554083466) (26.81000000000013,-0.6525143646237025) (26.90000000000014,-0.6525143646237025) (26.91000000000014,-0.1646730174947658) (27,-0.1646730174947658) (27.01,-0.003916999658554007) (27.10000000000002,-0.003916999658554007) (27.11000000000002,-0.005441632142442253) (27.20000000000003,-0.005441632142442253) (27.21000000000003,-0.007434033782111368) (27.30000000000005,-0.007434033782111368) (27.31000000000005,-0.01015252930103887) (27.40000000000006,-0.01015252930103887) (27.41000000000006,-0.01408961223336714) (27.50000000000008,-0.01408961223336714) (27.51000000000008,-0.0203158093963654) (27.60000000000009,-0.0203158093963654) (27.6100000000001,-0.03168276012506949) (27.70000000000011,-0.03168276012506949) (27.71000000000011,-0.05918404858482225) (27.80000000000013,-0.05918404858482225) (27.81000000000013,-0.2241835507481209) (27.90000000000014,-0.2241835507481209) (27.91000000000014,-0.1564448488899605) (28,-0.1564448488899605) (28.01,8.062364129152957e-05) (28.10000000000002,8.062364129152957e-05) (28.11000000000002,-0.0006377958847737796) (28.20000000000003,-0.0006377958847737796) (28.21000000000003,-0.001593489712754069) (28.30000000000005,-0.001593489712754069) (28.31000000000005,-0.002929350739725242) (28.40000000000006,-0.002929350739725242) (28.41000000000006,-0.004932442713994518) (28.50000000000008,-0.004932442713994518) (28.51000000000008,-0.008277699703438966) (28.60000000000009,-0.008277699703438966) (28.6100000000001,-0.0150196336755117) (28.70000000000011,-0.0150196336755117) (28.71000000000011,-0.03582612136959486) (28.80000000000013,-0.03582612136959486) (28.81000000000013,-0.8064523031137254) (28.90000000000014,-0.8064523031137254) (28.91000000000014,0.007763426417179293) (29,0.007763426417179293) (29.01,0.008394182357219641) (29.10000000000002,0.008394182357219641) (29.11000000000002,0.00916823971890033) (29.20000000000003,0.00916823971890033) (29.21000000000003,0.01014166179640756) (29.30000000000005,0.01014166179640756) (29.31000000000005,0.01140429699193589) (29.40000000000006,0.01140429699193589) (29.41000000000006,0.01310980665394875) (29.50000000000008,0.01310980665394875) (29.51000000000008,0.01554469205702936) (29.60000000000009,0.01554469205702936) (29.6100000000001,0.01931180618851258) (29.70000000000011,0.01931180618851258) (29.71000000000011,0.02593481052840041) (29.80000000000013,0.02593481052840041) (29.81000000000013,0.04070959745279692) (29.90000000000014,0.04070959745279692) (29.91000000000014,0.103480520021603) (30,0.103480520021603) (30.01,0.155917347357145) (30.10000000000002,0.155917347357145) (30.11000000000002,0.01975758884617985) (30.20000000000003,0.01975758884617985) (30.21000000000003,0.02227509968191522) (30.30000000000005,0.02227509968191522) (30.31000000000005,0.02569655713823287) (30.40000000000006,0.02569655713823287) (30.41000000000006,0.03062332444513729) (30.50000000000008,0.03062332444513729) (30.51000000000008,0.03834491196388042) (30.60000000000009,0.03834491196388042) (30.6100000000001,0.05222070667756949) (30.70000000000011,0.05222070667756949) (30.71000000000011,0.0846347855019412) (30.80000000000013,0.0846347855019412) (30.81000000000013,0.2497694989979939) (30.90000000000014,0.2497694989979939) (30.91000000000014,0.2248164604781715) (31,0.2248164604781715) (31.01,0) (50.000002,0)
 -- States explored : 0 states
 -- CPU user time used : 26 ms
 -- Virtual memory used : 58172 KiB
 -- Resident memory used : 17488 KiB
Options for the verification:
  Generating no trace
  Search order is breadth first
  Using conservative space optimisation
  Seed is 1758963407
  State space representation uses minimal constraint systems with future testing
  Using HashMap + Compress integers for discrete state storage

Verifying formula 1 at car/shield/simulate.q:1
 -- Formula is satisfied.
tp[0]:
[0]: (0,0) (0,-39.28095) (0.1,-39.27095) (0.1834023877495533,-39.25565380294272) (0.2,-39.25118097685034) (0.2881511581544831,-39.22578011853546) (0.3,-39.22130261411335) (0.3909401963991428,-39.18575043587249) (0.4000000000000001,-39.18137640366766) (0.4925476322084053,-39.13579228655692) (0.5000000000000001,-39.13142804620574) (0.5934642688861814,-39.07596034220422) (0.6000000000000001,-39.07146882377008) (0.6939838609885545,-39.00624554105062) (0.7000000000000001,-39.00150400924683) (0.7942773999001672,-38.92662160118478) (0.8,-38.92153621634773) (0.8944429182484911,-38.83706241694164) (0.9,-38.83156680151283) (0.9945361499886156,-38.7375471828684) (1,-38.73159649132592) (1.094588633282164,-38.62806084849757) (1.1,-38.62162568289444) (1.194605509099344,-38.50860942053321) (1.2,-38.50165478342652) (1.294605509099344,-38.37917797015536) (1.3,-38.3716838839586) (1.394605509099344,-38.2397465197775) (1.4,-38.23171298449068) (1.494605509099344,-38.09031506939965) (1.5,-38.08174208502275) (1.594605509099344,-37.93088361902179) (1.6,-37.92182251343607) (1.685090638802045,-37.77843707454106) (1.7,-37.7520448024874) (1.785090638802045,-37.60015029971219) (1.8,-37.57239813219246) (1.876301486001624,-37.42923354062349) (1.900000000000001,-37.38295975175819) (1.976301486001624,-37.23216501158905) (2,-37.18370786218845) (2.068432179743163,-37.04216053947772) (2.1,-36.97470438946421) (2.168432179743163,-36.82631384877917) (2.2,-36.75591939662338) (2.2615112114399,-36.6168111023228) (2.3,-36.52740078346821) (2.3615112114399,-36.38214136802364) (2.4,-36.28888217031304) (2.455301485303153,-36.15310035130874) (2.5,-36.04088012752914) (2.555301485303153,-35.89956815999452) (2.600000000000001,-35.78287808474524) (2.655301485303153,-35.63603596868031) (2.700000000000001,-35.51512470202933) (2.749738435397252,-35.37835701450098) (2.799476870794504,-35.23911541501686) (2.800000000000001,-35.23762490727744) (2.849738435397252,-35.09588337620937) (2.899476870794504,-34.95166793318553) (2.9,-34.95012511252557) (2.949738435397252,-34.80340973791778) (2.99445656533624,-34.66950324013241) (3,-34.6526557737774) (3.044718129938988,-34.5165016728152) (3.089436259877976,-34.37834786070776) (3.1,-34.34523946823143) (3.144718129938988,-34.20461355427533) (3.189436259877976,-34.06198792917398) (3.2,-34.02782316268545) (3.244718129938988,-33.88272543573545) (3.289436259877976,-33.73562799764021) (3.3,-33.70045495017784) (3.34016547739271,-33.56629560920771) (3.38033095478542,-33.43052300266341) (3.4,-33.36324510368259) (3.44016547739271,-33.22506921497319) (3.48033095478542,-33.08528006068961) (3.5,-33.01603525718733) (3.54016547739271,-32.87384282073866) (3.58033095478542,-32.73003711871581) (3.600000000000001,-32.65882541069207) (3.64016547739271,-32.51261642650413) (3.676272768991159,-32.37987617363873) (3.700000000000001,-32.29179167434851) (3.736107291598449,-32.15689095892768) (3.772214583196897,-32.02068650700026) (3.8,-31.9148706963887) (3.836107291598449,-31.77635925180802) (3.872214583196897,-31.63654407072077) (3.9,-31.52794971842889) (3.936107291598448,-31.38582754468837) (3.972214583196897,-31.24240163444127) (4,-31.13102874046908) (4.036107291598449,-30.98529583756871) (4.068578256218601,-30.85318517695672) (4.100000000000001,-30.72432305910462) (4.132470964620152,-30.59013774061863) (4.164941929240304,-30.45489805858928) (4.197412893860456,-30.31860401301657) (4.200000000000001,-30.30766085451673) (4.232470964620153,-30.17022843956874) (4.264941929240305,-30.03174166107737) (4.297412893860456,-29.89220051904265) (4.300000000000002,-29.88099864992885) (4.332470964620153,-29.74031913851884) (4.364941929240305,-29.59858526356546) (4.397412893860457,-29.45579702506872) (4.400000000000002,-29.44433644534097) (4.432470964620154,-29.30040983746894) (4.464941929240306,-29.15542886605355) (4.497412893860457,-29.00939353109479) (4.500000000000003,-28.99768275014948) (4.529181808345452,-28.86551303465665) (4.558363616690902,-28.73249174122551) (4.587545425036351,-28.59861886985605) (4.600000000000003,-28.54111949444117) (4.629181808345453,-28.40603159811379) (4.658363616690902,-28.27009212384811) (4.687545425036352,-28.13330107164411) (4.700000000000004,-28.07455623873285) (4.729181808345453,-27.93655016157093) (4.758363616690903,-27.7976925064707) (4.787545425036352,-27.65798327343215) (4.800000000000004,-27.59799298302454) (4.829181808345454,-27.45706872502807) (4.858363616690903,-27.31529288909329) (4.887545425036353,-27.1726654752202) (4.900000000000005,-27.11142972731622) (4.929181808345454,-26.96758728848521) (4.958363616690904,-26.82289327171588) (4.987545425036354,-26.67734767700825) (5,-26.61490312909264) (5.026238513624458,-26.48302210137313) (5.052477027248916,-26.3504526140564) (5.078715540873374,-26.21719466714245) (5.100000000000001,-26.10853848122619) (5.126238513624458,-25.97403360214423) (5.152477027248916,-25.83884026346506) (5.178715540873374,-25.70295846518866) (5.200000000000001,-25.59217383335973) (5.226238513624459,-25.45504510291532) (5.252477027248917,-25.3172279128737) (5.278715540873375,-25.17872226323486) (5.300000000000002,-25.06580918549326) (5.326238513624459,-24.92605660368642) (5.352477027248917,-24.78561556228235) (5.378715540873375,-24.64448606128106) (5.400000000000002,-24.52944453762681) (5.42623851362446,-24.38706810445752) (5.452477027248918,-24.244003211691) (5.478715540873376,-24.10024985932727) (5.500000000000003,-23.98307988976035) (5.526238513624461,-23.83807960522861) (5.549844735500839,-23.70706873902292) (5.573450957377218,-23.57550061910596) (5.597057179253596,-23.44337524547772) (5.600000000000002,-23.42683464061231) (5.623606221876381,-23.29408254439331) (5.64721244375276,-23.16077319446304) (5.670818665629138,-23.02690659082149) (5.694424887505517,-22.89248273346866) (5.700000000000002,-22.86060406678689) (5.723606221876381,-22.72549134838025) (5.747212443752759,-22.58982137626234) (5.770818665629138,-22.45359415043315) (5.794424887505516,-22.31680967089268) (5.800000000000002,-22.28437349296147) (5.82360622187638,-22.14690015236719) (5.847212443752759,-22.00886955806164) (5.870818665629137,-21.87028171004482) (5.894424887505516,-21.73113660831671) (5.900000000000001,-21.69814291913605) (5.92360622187638,-21.55830895635414) (5.947212443752758,-21.41791773986095) (5.970818665629137,-21.27696926965649) (5.994424887505516,-21.13546354574074) (6,-21.10191234531063) (6.023606221876379,-20.96083226776364) (6.047212443752757,-20.82030944392791) (6.070818665629136,-20.68034387380347) (6.094424887505514,-20.54093555739031) (6.1,-20.50814291913605) (6.123606221876378,-20.36830895635414) (6.147212443752757,-20.22791773986095) (6.170818665629136,-20.08696926965649) (6.194424887505514,-19.94546354574075) (6.199999999999999,-19.91191234531063) (6.223606221876378,-19.76971776034108) (6.247212443752757,-19.62696592166026) (6.270818665629135,-19.48365682926816) (6.294424887505514,-19.33979048316478) (6.299999999999999,-19.30568177148522) (6.323606221876378,-19.16112656432803) (6.347212443752756,-19.01601410345956) (6.368444518520727,-18.88504522824025) (6.389676593288698,-18.75362555202199) (6.399999999999999,-18.68950781579489) (6.42123207476797,-18.55741815123452) (6.442464149535941,-18.4248776856752) (6.463696224303912,-18.29188641911692) (6.484928299071883,-18.15844435155969) (6.500000000000001,-18.06339978840044) (6.521232074767972,-17.92918691636327) (6.542464149535943,-17.79452324332715) (6.563696224303913,-17.65940876929207) (6.584928299071884,-17.52384349425805) (6.600000000000002,-17.42729176100597) (6.621232074767973,-17.29095568149201) (6.642464149535944,-17.15416880097909) (6.663696224303915,-17.01693111946722) (6.684928299071886,-16.8792426369564) (6.700000000000004,-16.78118373361152) (6.721232074767975,-16.64272444662075) (6.742464149535945,-16.50381435863104) (6.763696224303916,-16.36445346964237) (6.784928299071887,-16.22464177965475) (6.800000000000005,-16.12507570621706) (6.821232074767976,-15.9844932117495) (6.842464149535947,-15.84345991628299) (6.863696224303918,-15.70197581981752) (6.884928299071889,-15.56004092235311) (6.900000000000007,-15.4589676788226) (6.921232074767977,-15.31626197687824) (6.942464149535948,-15.17310547393494) (6.963696224303919,-15.02949816999267) (6.98492829907189,-14.88544006505146) (7,-14.78285965142814) (7.021232074767971,-14.63803074200699) (7.04033434203013,-14.507364847243) (7.059436609292289,-14.37633405586446) (7.078538876554449,-14.24493836787136) (7.097641143816608,-14.1131777832637) (7.099999999999999,-14.09686218029955) (7.119102267262158,-13.9646916395761) (7.138204534524317,-13.83215620223809) (7.157306801786476,-13.69925586828552) (7.176409069048636,-13.5659906377184) (7.195511336310795,-13.43236051053672) (7.199999999999997,-13.40087426916058) (7.219102267262156,-13.26679350171091) (7.238204534524315,-13.13234783764668) (7.257306801786474,-12.9975372769679) (7.276409069048634,-12.86236181967456) (7.295511336310793,-12.72682146576667) (7.299999999999994,-12.69488635802161) (7.319102267262154,-12.55889536384572) (7.338204534524313,-12.42253947305528) (7.357306801786472,-12.28581868565028) (7.376409069048631,-12.14873300163073) (7.395511336310791,-12.01128242099662) (7.399999999999992,-11.97889844688264) (7.419102267262152,-11.84099722598054) (7.438204534524311,-11.70273110846388) (7.45730680178647,-11.56410009433266) (7.476409069048629,-11.42510418358689) (7.495511336310789,-11.28574337622657) (7.49999999999999,-11.25291053574367) (7.519102267262149,-11.11309908811535) (7.538204534524309,-10.97292274387248) (7.557306801786468,-10.83238150301504) (7.576409069048627,-10.69147536554306) (7.595511336310786,-10.55020433145652) (7.599999999999988,-10.5169226246047) (7.619102267262147,-10.37520095025016) (7.638204534524307,-10.23311437928107) (7.657306801786466,-10.09066291169743) (7.676409069048625,-9.947846547499227) (7.695511336310784,-9.80466528668647) (7.699999999999986,-9.77093471346573) (7.719102267262145,-9.627302812384977) (7.738204534524304,-9.483306014689671) (7.757306801786464,-9.338944320379809) (7.776409069048623,-9.194217729455392) (7.793596206778194,-9.063705545586753) (7.799999999999985,-9.014967662792673) (7.817187137729555,-8.884050018344604) (7.834374275459126,-8.752836976193199) (7.851561413188697,-8.62132853633846) (7.868748550918268,-8.489524698780386) (7.885935688647838,-8.357425463518975) (7.899999999999987,-8.24908634570496) (7.917187137729558,-8.116449987483934) (7.934374275459128,-7.983518231559573) (7.951561413188699,-7.850291077931876) (7.96874855091827,-7.716768526600845) (7.985935688647841,-7.582950577566478) (8,-7.473205028617247) (8.01718713772957,-7.338849956623264) (8.03437427545914,-7.204199486925946) (8.051561413188709,-7.069253619525292) (8.068748550918279,-6.934012354421303) (8.085935688647849,-6.798475691613979) (8.099999999999998,-6.687323711529534) (8.117187137729568,-6.551249925762594) (8.134374275459137,-6.414880742292318) (8.151561413188707,-6.278216161118708) (8.168748550918277,-6.141256182241762) (8.185935688647847,-6.004000805661481) (8.199999999999996,-5.891442394441821) (8.217187137729566,-5.753649894901923) (8.234374275459135,-5.615561997658691) (8.251561413188705,-5.477178702712123) (8.268748550918275,-5.33850001006222) (8.285935688647845,-5.199525919708982) (8.299999999999994,-5.085561077354107) (8.317187137729563,-4.946049864041253) (8.334374275459133,-4.806243253025063) (8.351561413188703,-4.666141244305539) (8.368748550918273,-4.525743837882679) (8.385935688647843,-4.385051033756484) (8.399999999999991,-4.269679760266394) (8.417187137729561,-4.128449833180583) (8.434374275459131,-3.986924508391437) (8.451561413188701,-3.845103785898955) (8.468748550918271,-3.702987665703138) (8.485935688647841,-3.560576147803986) (8.499999999999989,-3.443798443178681) (8.517187137729559,-3.300849802319912) (8.534374275459129,-3.157605763757809) (8.551561413188699,-3.01406632749237) (8.568748550918269,-2.870231493523596) (8.585935688647838,-2.726101261851487) (8.599999999999987,-2.607917126090967) (8.617187137729557,-2.463249771459242) (8.632651400119585,-2.332845037564159) (8.648115662509612,-2.202201160257809) (8.66357992489964,-2.071318139540191) (8.679044187289668,-1.940195975411306) (8.694508449679695,-1.808834667871153) (8.699999999999987,-1.76210172449851) (8.715464262390014,-1.630416350772008) (8.730928524780042,-1.498491833634239) (8.74639278717007,-1.366328173085202) (8.761857049560097,-1.233925369124898) (8.777321311950125,-1.101283421753326) (8.792785574340153,-0.9684023309704861) (8.799999999999986,-0.9062987524621118) (8.815464262390014,-0.7735452393191427) (8.830928524780042,-0.6410308695874412) (8.846392787170069,-0.5087556432670073) (8.861857049560097,-0.376719560357841) (8.877321311950125,-0.2449226208599424) (8.892785574340152,-0.1133648247733114) (8.899999999999986,-0.05210172449851203) (8.915464262390014,0.07910536240545435) (8.930928524780041,0.2100733058981531) (8.946392787170069,0.3408021059795843) (8.961857049560097,0.4712917626497478) (8.977321311950124,0.6015422759086437) (8.992785574340152,0.731553645756272) (9,0.7920953034650879) (9.015464262390028,0.9222342509525868) (9.030928524780055,1.052612341851353) (9.046392787170083,1.183229576161387) (9.061857049560111,1.314085953882689) (9.077321311950138,1.445181475015258) (9.092785574340166,1.576516139559095) (9.1,1.637898275501486) (9.115464262390027,1.769583649227988) (9.130928524780055,1.901508166365757) (9.146392787170083,2.033671826914794) (9.16185704956011,2.166074630875098) (9.177321311950138,2.298716578246671) (9.192785574340165,2.43159766902951) (9.199999999999999,2.493701247537885) (9.215464262390027,2.626933047503389) (9.230928524780055,2.760403990880161) (9.246392787170082,2.8941140776682) (9.26185704956011,3.028063307867507) (9.277321311950137,3.162251681478082) (9.292785574340165,3.296679198499925) (9.299999999999999,3.359504219574283) (9.315464262390027,3.49428244577879) (9.330928524780054,3.629299815394564) (9.346392787170082,3.764556328421607) (9.361857049560109,3.900051984859917) (9.377321311950137,4.035786784709495) (9.392785574340165,4.17176072797034) (9.399999999999999,4.235307191610681) (9.415464262390026,4.371631844054191) (9.430928524780054,4.508195639908968) (9.446392787170081,4.644998579175013) (9.461857049560109,4.782040661852326) (9.477321311950137,4.919321887940907) (9.492785574340164,5.056842257440755) (9.499999999999998,5.12111016364708) (9.515464262390026,5.258981242329592) (9.530928524780053,5.397091464423372) (9.546392787170081,5.535440829928421) (9.561857049560109,5.674029338844736) (9.577321311950136,5.812856991172319) (9.592785574340164,5.95192378691117) (9.599999999999998,6.016913135683478) (9.615464262390025,6.156330640604994) (9.630928524780053,6.295987288937777) (9.646392787170081,6.435883080681828) (9.661857049560108,6.576018015837146) (9.677321311950136,6.716392094403732) (9.692785574340164,6.857005316381586) (9.699999999999998,6.922716107719878) (9.715464262390025,7.063680038880396) (9.730928524780053,7.204883113452182) (9.74639278717008,7.346325331435236) (9.761857049560108,7.488006692829557) (9.777321311950136,7.629927197635146) (9.792785574340163,7.772086845852002) (9.799999999999997,7.838519079756278) (9.815464262390025,7.981029437155799) (9.830928524780052,8.123778937966588) (9.84639278717008,8.266767582188644) (9.861857049560108,8.409995369821967) (9.877321311950135,8.553462300866558) (9.892785574340163,8.697168375322416) (9.899999999999997,8.764322051792675) (9.915464262390024,8.908378835431199) (9.930928524780052,9.05267476248099) (9.94639278717008,9.197209832942049) (9.956392787170079,9.29077376081375) (9.966426363359311,9.384752513351348) (9.97648251109592,9.479043806732657) (9.986552924250931,9.573570272781243) (9.996631346332277,9.668273489632393) (10,9.699961448126588) (10.01008172656627,9.79483131906006) (10.02016345313254,9.88980283120409) (10.0302451796988,9.984875984558675) (10.04032690626507,10.08005077912382) (10.05040863283134,10.17532721489952) (10.06049035939761,10.27070529188578) (10.07057208596388,10.36618501008259) (10.08065381253014,10.46176636948996) (10.09073553909641,10.55744937010789) (10.1,10.64546932021779) (10.11008172656627,10.74134736380789) (10.12016345313254,10.83732704860854) (10.13024517969881,10.93340837461976) (10.14032690626508,11.02959134184153) (10.15040863283135,11.12587595027385) (10.16049035939761,11.22226219991674) (10.17057208596388,11.31875009077018) (10.18065381253015,11.41533962283418) (10.19073553909642,11.51203079610873) (10.20000000000001,11.60097719230899) (10.21008172656628,11.69786340855572) (10.22016345313255,11.794851266013) (10.23024517969881,11.89194076468084) (10.24032690626508,11.98913190455924) (10.25040863283135,12.08642468564819) (10.26049035939762,12.1838191079477) (10.27057208596389,12.28131517145777) (10.28065381253015,12.3789128761784) (10.29073553909642,12.47661222210958) (10.30000000000001,12.5664850644002) (10.31008172656628,12.66437945330355) (10.32016345313255,12.76237548341746) (10.33024517969882,12.86047315474193) (10.34032690626509,12.95867246727695) (10.35040863283136,13.05697342102253) (10.36049035939762,13.15537601597867) (10.37057208596389,13.25388025214536) (10.38065381253016,13.35248612952261) (10.39073553909643,13.45119364811042) (10.40000000000002,13.5419929364914) (10.41008172656629,13.64089549805138) (10.42016345313256,13.73989970082192) (10.43024517969882,13.83900554480301) (10.44032690626509,13.93821302999466) (10.45040863283136,14.03752215639687) (10.46049035939763,14.13693292400963) (10.4705720859639,14.23644533283296) (10.48065381253016,14.33605938286683) (10.49073553909643,14.43577507411127) (10.50000000000002,14.52750080858261) (10.51008172656629,14.62741154279922) (10.52016345313256,14.72742391822638) (10.53024517969883,14.8275379348641) (10.5403269062651,14.92775359271238) (10.55040863283137,15.02807089177121) (10.56049035939763,15.1284898320406) (10.5705720859639,15.22901041352055) (10.58065381253017,15.32963263621105) (10.59073553909644,15.43035650011212) (10.60000000000003,15.52300868067381) (10.6100817265663,15.62392758754705) (10.62016345313257,15.72494813563084) (10.63024517969883,15.82607032492518) (10.6403269062651,15.92729415543009) (10.65040863283137,16.02861962714555) (10.66049035939764,16.13004674007157) (10.67057208596391,16.23157549420814) (10.68065381253017,16.33320588955527) (10.69073553909644,16.43493792611296) (10.70000000000003,16.52851655276502) (10.7100817265663,16.63044363229488) (10.72016345313257,16.73247235303529) (10.73024517969884,16.83460271498627) (10.74032690626511,16.9368347181478) (10.75040863283138,17.03916836251988) (10.76049035939764,17.14160364810253) (10.77057208596391,17.24414057489573) (10.78065381253018,17.34677914289949) (10.79073553909645,17.4495193521138) (10.80000000000004,17.54402442485622) (10.81008172656631,17.64695967704271) (10.82016345313258,17.74999657043975) (10.83024517969884,17.85313510504735) (10.84032690626511,17.95637528086551) (10.85040863283138,18.05971709789422) (10.86049035939765,18.16316055613349) (10.87057208596392,18.26670565558332) (10.88065381253018,18.37035239624371) (10.89073553909645,18.47410077811465) (10.90000000000004,18.56953229694743) (10.91008172656631,18.67347572179054) (10.92016345313258,18.77752078784421) (10.93024517969885,18.88166749510843) (10.94032690626512,18.98591584358322) (10.95040863283138,19.09026583326856) (10.96049035939765,19.19471746416446) (10.97057208596392,19.29927073627091) (10.98065381253019,19.40392564958793) (10.99073553909646,19.50868220411549) (11,19.60504016903863) (11.01008172656627,19.70999176653837) (11.02016345313254,19.81504500524867) (11.0302451796988,19.92019988516952) (11.04032690626507,20.02545640630093) (11.05040863283134,20.1308145686429) (11.06049035939761,20.23627437219542) (11.07057208596388,20.34183581695851) (11.08065381253014,20.44749890293215) (11.09073553909641,20.55326363011634) (11.1,20.65054804112983) (11.11008172656627,20.75630452886509) (11.12016345313254,20.86195937538978) (11.13024517969881,20.96751258070392) (11.14032690626508,21.0729641448075) (11.15040863283135,21.17831406770053) (11.16049035939761,21.283562349383) (11.17057208596388,21.38870898985491) (11.18065381253015,21.49375398911626) (11.19073553909642,21.59869734716706) (11.20000000000001,21.69504016903863) (11.21008172656628,21.79999176653837) (11.22016345313255,21.90504500524867) (11.23024517969881,22.01019988516952) (11.24032690626508,22.11545640630094) (11.25040863283135,22.2208145686429) (11.26049035939762,22.32627437219543) (11.27057208596389,22.43183581695851) (11.28065381253015,22.53749890293215) (11.29073553909642,22.64326363011634) (11.30000000000001,22.74054804112984) (11.31008172656628,22.84650781128621) (11.32016345313255,22.95256922265313) (11.33024517969882,23.05873227523061) (11.34032690626509,23.16499696901865) (11.35040863283136,23.27136330401724) (11.36049035939762,23.3778312802264) (11.37057208596389,23.4844008976461) (11.38065381253016,23.59107215627637) (11.39073553909643,23.69784505611719) (11.40000000000002,23.79605591322105) (11.41008172656629,23.90302385603404) (11.42016345313256,24.01009344005759) (11.43024517969882,24.1172646652917) (11.44032690626509,24.22453753173636) (11.45040863283136,24.33191203939158) (11.46049035939763,24.43938818825736) (11.4705720859639,24.5469659783337) (11.48065381253016,24.65464540962059) (11.49073553909643,24.76242648211804) (11.50000000000002,24.86156378531225) (11.51008172656629,24.96953990078187) (11.52016345313256,25.07761765746205) (11.53024517969883,25.18579705535278) (11.5403269062651,25.29407809445407) (11.55040863283137,25.40246077476592) (11.56049035939763,25.51094509628832) (11.5705720859639,25.61953105902129) (11.58065381253017,25.72821866296481) (11.59073553909644,25.83700790811888) (11.60000000000003,25.93707165740345) (11.6100817265663,26.04585266310859) (11.62016345313257,26.15453202760316) (11.63024517969883,26.26310975088718) (11.6403269062651,26.37158583296064) (11.65040863283137,26.47996027382355) (11.66049035939764,26.5882330734759) (11.67057208596391,26.69640423191769) (11.68065381253017,26.80447374914892) (11.69073553909644,26.9124416251696) (11.70000000000003,27.01156378531225) (11.7100817265663,27.11953990078187) (11.72016345313257,27.22761765746205) (11.73024517969884,27.33579705535278) (11.74032690626511,27.44407809445407) (11.75040863283138,27.55246077476592) (11.76049035939764,27.66094509628833) (11.77057208596391,27.76953105902129) (11.78065381253018,27.87821866296481) (11.79073553909645,27.98700790811888) (11.80000000000004,28.08707165740346) (11.81008172656631,28.1960559455297) (11.82016345313258,28.30514187486651) (11.83024517969884,28.41432944541387) (11.84032690626511,28.52361865717179) (11.85040863283138,28.63300951014026) (11.86049035939765,28.7425020043193) (11.87057208596392,28.85209613970888) (11.88065381253018,28.96179191630903) (11.89073553909645,29.07158933411973) (11.90000000000004,29.17257952949466) (11.91008172656631,29.28257199027754) (11.92016345313258,29.39266609227097) (11.93024517969885,29.50286183547496) (11.94032690626512,29.6131592198895) (11.95040863283138,29.7235582455146) (11.96049035939765,29.83405891235026) (11.97057208596392,29.94466122039648) (11.98065381253019,30.05536516965325) (11.99073553909646,30.16617076012058) (12,30.26808740158587) (12.01008172656627,30.37908803502537) (12.02016345313254,30.49019030967543) (12.0302451796988,30.60139422553604) (12.04032690626507,30.71269978260721) (12.05040863283134,30.82410698088894) (12.06049035939761,30.93561582038123) (12.07057208596388,31.04722630108407) (12.08065381253014,31.15893842299747) (12.09073553909641,31.27075218612142) (12.1,31.37359527367707) (12.11008172656627,31.48540079735209) (12.12016345313254,31.59710467981654) (12.13024517969881,31.70870692107044) (12.14032690626508,31.82020752111378) (12.15040863283135,31.93160647994657) (12.16049035939761,32.0429037975688) (12.17057208596388,32.15409947398047) (12.18065381253015,32.26519350918158) (12.19073553909642,32.37618590317214) (12.20000000000001,32.47808740158587) (12.21008172656628,32.58908803502537) (12.22016345313255,32.70019030967543) (12.23024517969881,32.81139422553604) (12.24032690626508,32.92269978260721) (12.25040863283135,33.03410698088894) (12.26049035939762,33.14561582038122) (12.27057208596389,33.25722630108407) (12.28065381253015,33.36893842299747) (12.29073553909642,33.48075218612142) (12.30000000000001,33.58359527367707) (12.31008172656628,33.6956040797732) (12.32016345313255,33.80771452707988) (12.33024517969882,33.91992661559712) (12.34032690626509,34.03224034532492) (12.35040863283136,34.14465571626327) (12.36049035939762,34.25717272841219) (12.37057208596389,34.36979138177166) (12.38065381253016,34.48251167634168) (12.39073553909643,34.59533361212226) (12.40000000000002,34.69910314576827) (12.41008172656629,34.81212012452102) (12.42016345313256,34.92523874448433) (12.43024517969882,35.0384590056582) (12.44032690626509,35.15178090804262) (12.45040863283136,35.26520445163761) (12.46049035939763,35.37872963644315) (12.4705720859639,35.49235646245924) (12.48065381253016,35.60608492968589) (12.49073553909643,35.7199150381231) (12.50000000000002,35.82461101785947) (12.51008172656629,35.93863616926885) (12.52016345313256,36.05276296188879) (12.53024517969883,36.16699139571929) (12.5403269062651,36.28132147076034) (12.55040863283137,36.39575318701195) (12.56049035939763,36.51028654447411) (12.5705720859639,36.62492154314683) (12.58065381253017,36.73965818303012) (12.59073553909644,36.85449646412395) (12.60000000000003,36.96011888995069) (12.6100817265663,37.07494893159558) (12.62016345313257,37.18967733202992) (12.63024517969883,37.3043040912537) (12.6403269062651,37.41882920926692) (12.65040863283137,37.53325268606958) (12.66049035939764,37.64757452166169) (12.67057208596391,37.76179471604324) (12.68065381253017,37.87591326921424) (12.69073553909644,37.98993018117468) (12.70000000000003,38.09461101785949) (12.7100817265663,38.20863616926886) (12.72016345313257,38.3227629618888) (12.73024517969884,38.4369913957193) (12.74032690626511,38.55132147076035) (12.75040863283138,38.66575318701196) (12.76049035939764,38.78028654447412) (12.77057208596391,38.89492154314684) (12.78065381253018,39.00965818303013) (12.79073553909645,39.12449646412396) (12.80000000000004,39.2301188899507) (12.81008172656631,39.3451522140167) (12.82016345313258,39.46028717929327) (12.83024517969884,39.57552378578039) (12.84032690626511,39.69086203347807) (12.85040863283138,39.8063019223863) (12.86049035939765,39.92184345250509) (12.87057208596392,40.03748662383445) (12.88065381253018,40.15323143637436) (12.89073553909645,40.26907789012482) (12.90000000000004,40.3756267620419) (12.91008172656631,40.49166825876454) (12.92016345313258,40.60781139669773) (12.93024517969885,40.72405617584148) (12.94032690626512,40.84040259619579) (12.95040863283138,40.95685065776065) (12.96049035939765,41.07340036053607) (12.97057208596392,41.19005170452205) (12.98065381253019,41.30680468971858) (12.99073553909646,41.42365931612567) (13,41.53113463413312) (13.01008172656627,41.64818430351238) (13.02016345313254,41.7653356141022) (13.0302451796988,41.88258856590257) (13.04032690626507,41.9999431589135) (13.05040863283134,42.11739939313499) (13.06049035939761,42.23495726856704) (13.07057208596388,42.35261678520964) (13.08065381253014,42.4703779430628) (13.09073553909641,42.58824074212652) (13.1,42.69664250622432) (13.11008172656627,42.8144970658391) (13.12016345313254,42.93224998424331) (13.13024517969881,43.04990126143697) (13.14032690626508,43.16745089742007) (13.15040863283135,43.28489889219262) (13.16049035939761,43.40224524575461) (13.17057208596388,43.51948995810604) (13.18065381253015,43.63663302924692) (13.19073553909642,43.75367445917723) (13.20000000000001,43.86113463413312) (13.21008172656628,43.97818430351239) (13.22016345313255,44.0953356141022) (13.23024517969881,44.21258856590258) (13.24032690626508,44.32994315891351) (13.25040863283135,44.44739939313499) (13.26049035939762,44.56495726856704) (13.27057208596389,44.68261678520965) (13.28065381253015,44.80037794306281) (13.29073553909642,44.91824074212652) (13.30000000000001,45.02664250622433) (13.31008172656628,45.14470034826022) (13.32016345313255,45.26285983150666) (13.33024517969882,45.38112095596366) (13.34032690626509,45.49948372163121) (13.35040863283136,45.61794812850933) (13.36049035939762,45.73651417659801) (13.37057208596389,45.85518186589724) (13.38065381253016,45.97395119640702) (13.39073553909643,46.09282216812736) (13.40000000000002,46.20215037831553) (13.41008172656629,46.32121639300804) (13.42016345313256,46.44038404891111) (13.43024517969882,46.55965334602474) (13.44032690626509,46.67902428434893) (13.45040863283136,46.79849686388367) (13.46049035939763,46.91807108462897) (13.4705720859639,47.03774694658483) (13.48065381253016,47.15752444975124) (13.49073553909643,47.27740359412821) (13.50000000000002,47.38765825040673) (13.51008172656629,47.50773243775587) (13.52016345313256,47.62790826631556) (13.53024517969883,47.74818573608582) (13.5403269062651,47.86856484706664) (13.55040863283137,47.98904559925801) (13.56049035939763,48.10962799265993) (13.5705720859639,48.23031202727241) (13.58065381253017,48.35109770309545) (13.59073553909644,48.47198502012905) (13.60000000000003,48.58316612249794) (13.6100817265663,48.7042484825037) (13.62016345313257,48.82543248372003) (13.63024517969883,48.94671812614691) (13.6403269062651,49.06810540978435) (13.65040863283137,49.18959433463235) (13.66049035939764,49.3111849006909) (13.67057208596391,49.43287710796) (13.68065381253017,49.55467095643967) (13.69073553909644,49.6765664461299) (13.70000000000003,49.78867399458914) (13.7100817265663,49.91076452725154) (13.72016345313257,50.03295670112449) (13.73024517969884,50.155250516208) (13.74032690626511,50.27764597250206) (13.75040863283138,50.40014307000668) (13.76049035939764,50.52274180872186) (13.77057208596391,50.6454421886476) (13.78065381253018,50.76824420978389) (13.79073553909645,50.89114787213074) (13.80000000000004,51.00418186668035) (13.81008172656631,51.12728057199937) (13.82016345313258,51.25048091852895) (13.83024517969884,51.37378290626908) (13.84032690626511,51.49718653521978) (13.85040863283138,51.62069180538102) (13.86049035939765,51.74429871675283) (13.87057208596392,51.86800726933519) (13.88065381253018,51.99181746312811) (13.89073553909645,52.11572929813159) (13.90000000000004,52.22968973877155) (13.91008172656631,52.3537966167472) (13.92016345313258,52.4780051359334) (13.93024517969885,52.60231529633016) (13.94032690626512,52.72672709793748) (13.95040863283138,52.85124054075536) (13.96049035939765,52.97585562478379) (13.97057208596392,53.10057235002278) (13.98065381253019,53.22539071647233) (13.99073553909646,53.35031072413243) (14,53.46519761086275) (14.01008172656627,53.59031266149502) (14.02016345313254,53.71552935333785) (14.0302451796988,53.84084768639124) (14.04032690626507,53.96626766065518) (14.05040863283134,54.09178927612969) (14.06049035939761,54.21741253281475) (14.07057208596388,54.34313743071036) (14.08065381253014,54.46896396981654) (14.09073553909641,54.59489215013327) (14.1,54.71070548295395) (14.11008172656627,54.83682870624285) (14.12016345313254,54.9630535707423) (14.13024517969881,55.08938007645232) (14.14032690626508,55.2158082233729) (14.15040863283135,55.34233801150403) (14.16049035939761,55.46896944084571) (14.17057208596388,55.59570251139795) (14.18065381253015,55.72253722316076) (14.19073553909642,55.84947357613412) (14.20000000000001,55.96621335504516) (14.21008172656628,56.09334475099068) (14.22016345313255,56.22057778814677) (14.23024517969881,56.34791246651341) (14.24032690626508,56.47534878609061) (14.25040863283135,56.60288674687837) (14.26049035939762,56.73052634887668) (14.27057208596389,56.85826759208555) (14.28065381253015,56.98611047650498) (14.29073553909642,57.11405500213497) (14.30000000000001,57.23172122713637) (14.31008172656628,57.35986079573853) (14.32016345313255,57.48810200555124) (14.33024517969882,57.61644485657451) (14.34032690626509,57.74488934880834) (14.35040863283136,57.87343548225272) (14.36049035939762,58.00208325690766) (14.37057208596389,58.13083267277316) (14.38065381253016,58.25968372984921) (14.39073553909643,58.38863642813583) (14.40000000000002,58.50722909922758) (14.41008172656629,58.63637684048636) (14.42016345313256,58.7656262229557) (14.43024517969882,58.8949772466356) (14.44032690626509,59.02442991152605) (14.45040863283136,59.15398421762706) (14.46049035939763,59.28364016493863) (14.4705720859639,59.41339775346076) (14.48065381253016,59.54325698319344) (14.49073553909643,59.67321785413667) (14.50000000000002,59.79273697131879) (14.51008172656629,59.9228928852342) (14.52016345313256,60.05315044036016) (14.53024517969883,60.18350963669668) (14.5403269062651,60.31397047424377) (14.55040863283137,60.44453295300141) (14.56049035939763,60.5751970729696) (14.5705720859639,60.70596283414835) (14.58065381253017,60.83683023653766) (14.59073553909644,60.96779928013752) (14.60000000000003,61.08824484341) (14.6100817265663,61.21940892998203) (14.62016345313257,61.35067465776462) (14.63024517969883,61.48204202675777) (14.6403269062651,61.61351103696148) (14.65040863283137,61.74508168837574) (14.66049035939764,61.87675398100056) (14.67057208596391,62.00852791483594) (14.68065381253017,62.14040348988187) (14.69073553909644,62.27238070613836) (14.70000000000003,62.3937527155012) (14.7100817265663,62.52592497472986) (14.72016345313257,62.65819887516908) (14.73024517969884,62.79057441681886) (14.74032690626511,62.92305159967919) (14.75040863283138,63.05563042375008) (14.76049035939764,63.18831088903153) (14.77057208596391,63.32109299552353) (14.78065381253018,63.45397674322609) (14.79073553909645,63.58696213213921) (14.80000000000004,63.7092605875924) (14.81008172656631,63.84244101947769) (14.82016345313258,63.97572309257354) (14.83024517969884,64.10910680687994) (14.84032690626511,64.24259216239689) (14.85040863283138,64.3761791591244) (14.86049035939765,64.50986779706248) (14.87057208596392,64.64365807621111) (14.88065381253018,64.7775499965703) (14.89073553909645,64.91154355814004) (14.90000000000004,65.03476845968359) (14.91008172656631,65.16895706422551) (14.92016345313258,65.30324730997798) (14.93024517969885,65.43763919694101) (14.94032690626512,65.5721327251146) (14.95040863283138,65.70672789449874) (14.96049035939765,65.84142470509344) (14.97057208596392,65.9762231568987) (14.98065381253019,66.11112324991451) (14.99073553909646,66.24612498414089) (15,66.3702763317748) (15.01008172656627,66.50547310897335) (15.02016345313254,66.64077152738244) (15.0302451796988,66.7761715870021) (15.04032690626507,66.91167328783231) (15.05040863283134,67.04727662987308) (15.06049035939761,67.18298161312441) (15.07057208596388,67.31878823758629) (15.08065381253014,67.45469650325873) (15.09073553909641,67.59070641014173) (15.1,67.71578420386601) (15.11008172656627,67.85198915372118) (15.12016345313254,67.98829574478691) (15.13024517969881,68.12470397706319) (15.14032690626508,68.26121385055004) (15.15040863283135,68.39782536524743) (15.16049035939761,68.53453852115538) (15.17057208596388,68.6713533182739) (15.18065381253015,68.80826975660297) (15.19073553909642,68.9452878361426) (15.20000000000001,69.07129207595723) (15.21008172656628,69.20850519846903) (15.22016345313255,69.34581996219138) (15.23024517969881,69.48323636712429) (15.24032690626508,69.62075441326776) (15.25040863283135,69.75837410062178) (15.26049035939762,69.89609542918636) (15.27057208596389,70.0339183989615) (15.28065381253015,70.1718430099472) (15.29073553909642,70.30986926214345) (15.30000000000001,70.43679994804845) (15.31008172656628,70.57494093598839) (15.32016345313255,70.71310325791042) (15.33024517969882,70.85128691381452) (15.34032690626509,70.9894919037007) (15.35040863283136,71.12771822756895) (15.36049035939762,71.26596588541928) (15.37057208596389,71.40423487725168) (15.38065381253016,71.54252520306618) (15.39073553909643,71.68083686286275) (15.40000000000002,71.80795602287122) (15.41008172656629,71.94618564602015) (15.42016345313256,72.08431362795854) (15.43024517969882,72.22233996868636) (15.44032690626509,72.36026466820363) (15.45040863283136,72.49808772651033) (15.46049035939763,72.63580914360648) (15.4705720859639,72.77342891949208) (15.48065381253016,72.91094705416711) (15.49073553909643,73.0483635476316) (15.50000000000002,73.17454710079852) (15.51008172656629,73.31197183371195) (15.52016345313256,73.44949820783593) (15.53024517969883,73.58712622317047) (15.5403269062651,73.72485587971556) (15.55040863283137,73.86268717747122) (15.56049035939763,74.00062011643742) (15.5705720859639,74.13865469661418) (15.58065381253017,74.27679091800151) (15.59073553909644,74.41502878059939) (15.60000000000003,74.54215392290823) (15.6100817265663,74.68058682847828) (15.62016345313257,74.81912137525889) (15.63024517969883,74.95775756325006) (15.6403269062651,75.09649539245177) (15.65040863283137,75.23533486286405) (15.66049035939764,75.37427597448689) (15.67057208596391,75.51331872732028) (15.68065381253017,75.65246312136424) (15.69073553909644,75.79170915661874) (15.70000000000003,75.91976074501794) (15.7100817265663,76.05920182324462) (15.72016345313257,76.19874454268185) (15.73024517969884,76.33838890332964) (15.74032690626511,76.47813490518799) (15.75040863283138,76.61798254825689) (15.76049035939764,76.75793183253636) (15.77057208596391,76.89798275802637) (15.78065381253018,77.03813532472695) (15.79073553909645,77.17838953263808) (15.80000000000004,77.30736756712764) (15.81008172656631,77.44781681801095) (15.82016345313258,77.58836771010481) (15.83024517969884,77.72902024340922) (15.84032690626511,77.86977441792421) (15.85040863283138,78.01063023364974) (15.86049035939765,78.15158769058583) (15.87057208596392,78.29264678873247) (15.88065381253018,78.43380752808967) (15.89073553909645,78.57506990865744) (15.90000000000004,78.70497438923735) (15.91008172656631,78.84643181277728) (15.92016345313258,78.98799087752776) (15.93024517969885,79.12965158348881) (15.94032690626512,79.27141393066042) (15.95040863283138,79.41327791904257) (15.96049035939765,79.55524354863529) (15.97057208596392,79.69731081943856) (15.98065381253019,79.83947973145239) (15.99073553909646,79.98175028467678) (16,80.11258121134705) (16.01008172656627,80.25504680754361) (16.02016345313253,80.39761404495073) (16.0302451796988,80.5402829235684) (16.04032690626507,80.68305344339663) (16.05040863283133,80.82592560443541) (16.0604903593976,80.96889940668476) (16.07057208596386,81.11197485014466) (16.08065381253013,81.25515193481512) (16.0907355390964,81.39843066069614) (16.09999999999999,81.53018803345677) (16.11008172656625,81.67366180230995) (16.12016345313252,81.8172372123737) (16.13024517969879,81.96091426364799) (16.14032690626505,82.10469295613285) (16.15040863283132,82.24857328982826) (16.16049035939758,82.39255526473423) (16.17057208596385,82.53663888085076) (16.18065381253012,82.68082413817784) (16.19073553909638,82.82511103671548) (16.19999999999997,82.95779485556648) (16.20999999999998,83.10110475056833) (16.21999999999998,83.24451464557018) (16.22999999999998,83.38802454057203) (16.23999999999998,83.53163443557388) (16.24999999999998,83.67534433057573) (16.25999999999998,83.81915422557758) (16.26999999999999,83.96306412057943) (16.27999999999999,84.10707401558128) (16.28999999999999,84.25118391058312) (16.29999999999999,84.39539380558497) (16.30999999999999,84.53970370058683) (16.31999999999999,84.68411359558868) (16.32999999999999,84.82862349059053) (16.34,84.97323338559238) (16.35,85.11794328059423) (16.36,85.26275317559609) (16.37,85.40766307059793) (16.38,85.55267296559978) (16.39,85.69778286060163) (16.40000000000001,85.84299275560349) (16.41000000000001,85.98830265060533) (16.42000000000001,86.13371254560718) (16.43000000000001,86.27922244060903) (16.44000000000001,86.42483233561089) (16.45000000000001,86.57054223061273) (16.46000000000002,86.71635212561458) (16.47000000000002,86.86226202061643) (16.48000000000002,87.00827191561828) (16.49000000000002,87.15438181062014) (16.50000000000002,87.30059170562198) (16.51000000000002,87.44690160062383) (16.52000000000002,87.59331149562568) (16.53000000000003,87.73982139062754) (16.54000000000003,87.88643128562939) (16.55000000000003,88.03314118063123) (16.56000000000003,88.17995107563308) (16.57000000000003,88.32686097063494) (16.58000000000003,88.47387086563678) (16.59000000000004,88.62098076063863) (16.60000000000004,88.76819065564048) (16.61000000000004,88.91550055064234) (16.62000000000004,89.06291044564419) (16.63000000000004,89.21042034064604) (16.64000000000004,89.35803023564789) (16.65000000000004,89.50574013064974) (16.66000000000005,89.6535500256516) (16.67000000000005,89.80145992065344) (16.68000000000005,89.94946981565529) (16.69000000000005,90.09757971065714) (16.70000000000005,90.245789605659) (16.71000000000005,90.39409950066084) (16.72000000000006,90.54250939566269) (16.73000000000006,90.69101929066454) (16.74000000000006,90.8396291856664) (16.75000000000006,90.98833908066824) (16.76000000000006,91.13714897567009) (16.77000000000006,91.28605887067194) (16.78000000000007,91.43506876567379) (16.79000000000007,91.58417866067565) (16.80000000000007,91.73338855567749) (16.81000000000007,91.88269845067934) (16.82000000000007,92.03210834568119) (16.83000000000007,92.18161824068305) (16.84000000000007,92.3312281356849) (16.85000000000008,92.48093803068674) (16.86000000000008,92.6307479256886) (16.87000000000008,92.78065782069045) (16.88000000000008,92.93066771569229) (16.89000000000008,93.08077761069414) (16.90000000000008,93.23098750569599) (16.91000000000009,93.38129740069785) (16.92000000000009,93.5317072956997) (16.93000000000009,93.68221719070155) (16.94000000000009,93.8328270857034) (16.95000000000009,93.98353698070525) (16.96000000000009,94.13434687570711) (16.97000000000009,94.28525677070895) (16.9800000000001,94.4362666657108) (16.9900000000001,94.58737656071266) (17,94.73858645571451) (17.01,94.88969635071636) (17.02,95.04070624571821) (17.03,95.19161614072006) (17.04000000000001,95.34242603572191) (17.05000000000001,95.49313593072377) (17.06000000000001,95.64374582572562) (17.07000000000001,95.79425572072746) (17.08000000000001,95.94466561572932) (17.09000000000001,96.09497551073117) (17.10000000000002,96.24518540573303) (17.11000000000002,96.39549530073488) (17.12000000000002,96.54590519573674) (17.13000000000002,96.69641509073858) (17.14000000000002,96.84702498574043) (17.15000000000002,96.99773488074229) (17.16000000000003,97.14854477574414) (17.17000000000003,97.29945467074599) (17.18000000000003,97.45046456574784) (17.19000000000003,97.60157446074969) (17.20000000000003,97.75278435575154) (17.21000000000003,97.90409425075339) (17.22000000000003,98.05550414575524) (17.23000000000004,98.20701404075709) (17.24000000000004,98.35862393575894) (17.25000000000004,98.51033383076079) (17.26000000000004,98.66214372576263) (17.27000000000004,98.81405362076448) (17.28000000000004,98.96606351576634) (17.29000000000005,99.11817341076819) (17.30000000000005,99.27038330577004) (17.31000000000005,99.42269320077189) (17.32000000000005,99.57510309577374) (17.33000000000005,99.7276129907756) (17.34000000000005,99.88022288577744) (17.35000000000005,100.0329327807793) (17.36000000000006,100.1857426757811) (17.37000000000006,100.338652570783) (17.38000000000006,100.4916624657848) (17.39000000000006,100.6447723607867) (17.40000000000006,100.7979822557885) (17.41000000000006,100.9512921507904) (17.42000000000007,101.1047020457922) (17.43000000000007,101.2582119407941) (17.44000000000007,101.4118218357959) (17.45000000000007,101.5655317307978) (17.46000000000007,101.7193416257996) (17.47000000000007,101.8732515208015) (17.48000000000008,102.0272614158033) (17.49000000000008,102.1813713108052) (17.50000000000008,102.335581205807) (17.51000000000008,102.4898911008089) (17.52000000000008,102.6443009958107) (17.53000000000008,102.7988108908126) (17.54000000000008,102.9534207858144) (17.55000000000009,103.1081306808163) (17.56000000000009,103.2629405758181) (17.57000000000009,103.41785047082) (17.58000000000009,103.5728603658218) (17.59000000000009,103.7279702608237) (17.60000000000009,103.8831801558255) (17.6100000000001,104.0384900508274) (17.6200000000001,104.1938999458292) (17.6300000000001,104.3494098408311) (17.6400000000001,104.5050197358329) (17.6500000000001,104.6607296308348) (17.6600000000001,104.8165395258366) (17.6700000000001,104.9724494208385) (17.68000000000011,105.1284593158403) (17.69000000000011,105.2845692108422) (17.70000000000011,105.440779105844) (17.71000000000011,105.5970890008459) (17.72000000000011,105.7534988958477) (17.73000000000011,105.9100087908496) (17.74000000000012,106.0666186858514) (17.75000000000012,106.2233285808533) (17.76000000000012,106.3801384758551) (17.77000000000012,106.537048370857) (17.78000000000012,106.6940582658588) (17.79000000000012,106.8511681608607) (17.80000000000013,107.0083780558626) (17.81000000000013,107.1656879508644) (17.82000000000013,107.3230978458662) (17.83000000000013,107.4806077408681) (17.84000000000013,107.6382176358699) (17.85000000000013,107.7959275308718) (17.86000000000013,107.9537374258736) (17.87000000000014,108.1116473208755) (17.88000000000014,108.2696572158773) (17.89000000000014,108.4277671108792) (17.90000000000014,108.585977005881) (17.91000000000014,108.7442869008829) (17.92000000000014,108.9026967958848) (17.93000000000015,109.0612066908866) (17.94000000000015,109.2198165858885) (17.95000000000015,109.3785264808903) (17.96000000000015,109.5373363758922) (17.97000000000015,109.696246270894) (17.98000000000015,109.8552561658959) (17.99000000000015,110.0143660608977) (18,110.1735759558996) (18.01,110.3328858509014) (18.02,110.4922957459032) (18.03,110.6518056409051) (18.04000000000001,110.8114155359069) (18.05000000000001,110.9711254309088) (18.06000000000001,111.1309353259107) (18.07000000000001,111.2908452209125) (18.08000000000001,111.4508551159144) (18.09000000000001,111.6109650109162) (18.10000000000002,111.7711749059181) (18.11000000000002,111.9314848009199) (18.12000000000002,112.0918946959218) (18.13000000000002,112.2524045909236) (18.14000000000002,112.4130144859255) (18.15000000000002,112.5737243809273) (18.16000000000003,112.7345342759291) (18.17000000000003,112.895444170931) (18.18000000000003,113.0564540659329) (18.19000000000003,113.2175639609347) (18.20000000000003,113.3787738559366) (18.21000000000003,113.5400837509384) (18.22000000000003,113.7014936459403) (18.23000000000004,113.8630035409421) (18.24000000000004,114.024613435944) (18.25000000000004,114.1863233309458) (18.26000000000004,114.3481332259477) (18.27000000000004,114.5100431209495) (18.28000000000004,114.6720530159514) (18.29000000000005,114.8341629109532) (18.30000000000005,114.9963728059551) (18.31000000000005,115.1586827009569) (18.32000000000005,115.3210925959588) (18.33000000000005,115.4836024909606) (18.34000000000005,115.6462123859625) (18.35000000000005,115.8089222809643) (18.36000000000006,115.9717321759662) (18.37000000000006,116.134642070968) (18.38000000000006,116.2976519659699) (18.39000000000006,116.4607618609717) (18.40000000000006,116.6239717559736) (18.41000000000006,116.7872816509754) (18.42000000000007,116.9506915459773) (18.43000000000007,117.1142014409791) (18.44000000000007,117.277811335981) (18.45000000000007,117.4415212309828) (18.46000000000007,117.6053311259847) (18.47000000000007,117.7692410209865) (18.48000000000008,117.9332509159884) (18.49000000000008,118.0973608109902) (18.50000000000008,118.2615707059921) (18.51000000000008,118.4258806009939) (18.52000000000008,118.5902904959958) (18.53000000000008,118.7548003909976) (18.54000000000008,118.9194102859995) (18.55000000000009,119.0841201810013) (18.56000000000009,119.2489300760032) (18.57000000000009,119.413839971005) (18.58000000000009,119.5788498660069) (18.59000000000009,119.7439597610087) (18.60000000000009,119.9091696560106) (18.6100000000001,120.0742795510124) (18.6200000000001,120.2392894460143) (18.6300000000001,120.4041993410161) (18.6400000000001,120.569009236018) (18.6500000000001,120.7337191310198) (18.6600000000001,120.8983290260217) (18.6700000000001,121.0628389210235) (18.68000000000011,121.2272488160254) (18.69000000000011,121.3915587110272) (18.70000000000011,121.5557686060291) (18.71000000000011,121.7200785010309) (18.72000000000011,121.8844883960328) (18.73000000000011,122.0489982910346) (18.74000000000012,122.2136081860365) (18.75000000000012,122.3783180810383) (18.76000000000012,122.5431279760402) (18.77000000000012,122.708037871042) (18.78000000000012,122.8730477660439) (18.79000000000012,123.0381576610457) (18.80000000000013,123.2033675560476) (18.81000000000013,123.3686774510494) (18.82000000000013,123.5340873460513) (18.83000000000013,123.6995972410531) (18.84000000000013,123.865207136055) (18.85000000000013,124.0309170310568) (18.86000000000013,124.1967269260587) (18.87000000000014,124.3626368210605) (18.88000000000014,124.5286467160624) (18.89000000000014,124.6947566110642) (18.90000000000014,124.8609665060661) (18.91000000000014,125.027276401068) (18.92000000000014,125.1936862960698) (18.93000000000015,125.3601961910717) (18.94000000000015,125.5268060860735) (18.95000000000015,125.6935159810754) (18.96000000000015,125.8603258760772) (18.97000000000015,126.027235771079) (18.98000000000015,126.1942456660809) (18.99000000000015,126.3613555610828) (19,126.5285654560846) (19.01,126.6958753510865) (19.02,126.8632852460883) (19.03,127.0307951410902) (19.04000000000001,127.198405036092) (19.05000000000001,127.3661149310939) (19.06000000000001,127.5339248260957) (19.07000000000001,127.7018347210976) (19.08000000000001,127.8698446160994) (19.09000000000001,128.0379545111013) (19.10000000000002,128.2061644061031) (19.11000000000002,128.374474301105) (19.12000000000002,128.5428841961068) (19.13000000000002,128.7113940911087) (19.14000000000002,128.8800039861105) (19.15000000000002,129.0487138811124) (19.16000000000003,129.2175237761142) (19.17000000000003,129.3864336711161) (19.18000000000003,129.555443566118) (19.19000000000003,129.7245534611198) (19.20000000000003,129.8937633561216) (19.21000000000003,130.0630732511235) (19.22000000000003,130.2324831461253) (19.23000000000004,130.4019930411272) (19.24000000000004,130.571602936129) (19.25000000000004,130.7413128311309) (19.26000000000004,130.9111227261328) (19.27000000000004,131.0810326211346) (19.28000000000004,131.2510425161365) (19.29000000000005,131.4211524111383) (19.30000000000005,131.5913623061402) (19.31000000000005,131.761672201142) (19.32000000000005,131.9320820961439) (19.33000000000005,132.1025919911457) (19.34000000000005,132.2732018861476) (19.35000000000005,132.4439117811494) (19.36000000000006,132.6147216761513) (19.37000000000006,132.7856315711531) (19.38000000000006,132.956641466155) (19.39000000000006,133.1277513611568) (19.40000000000006,133.2989612561587) (19.41000000000006,133.4702711511605) (19.42000000000007,133.6416810461624) (19.43000000000007,133.8131909411642) (19.44000000000007,133.9848008361661) (19.45000000000007,134.1565107311679) (19.46000000000007,134.3283206261698) (19.47000000000007,134.5002305211716) (19.48000000000008,134.6722404161735) (19.49000000000008,134.8443503111753) (19.50000000000008,135.0165602061772) (19.51000000000008,135.188870101179) (19.52000000000008,135.3612799961809) (19.53000000000008,135.5337898911828) (19.54000000000008,135.7063997861846) (19.55000000000009,135.8791096811865) (19.56000000000009,136.0519195761883) (19.57000000000009,136.2248294711902) (19.58000000000009,136.397839366192) (19.59000000000009,136.5709492611939) (19.60000000000009,136.7441591561957) (19.6100000000001,136.9174690511976) (19.6200000000001,137.0908789461994) (19.6300000000001,137.2643888412013) (19.6400000000001,137.4379987362031) (19.6500000000001,137.611708631205) (19.6600000000001,137.7855185262068) (19.6700000000001,137.9594284212087) (19.68000000000011,138.1334383162105) (19.69000000000011,138.3075482112124) (19.70000000000011,138.4817581062143) (19.71000000000011,138.6560680012161) (19.72000000000011,138.830477896218) (19.73000000000011,139.0049877912198) (19.74000000000012,139.1795976862217) (19.75000000000012,139.3543075812235) (19.76000000000012,139.5291174762254) (19.77000000000012,139.7040273712272) (19.78000000000012,139.8790372662291) (19.79000000000012,140.0541471612309) (19.80000000000013,140.2293570562328) (19.81000000000013,140.4046669512346) (19.82000000000013,140.5800768462365) (19.83000000000013,140.7555867412383) (19.84000000000013,140.9311966362402) (19.85000000000013,141.106906531242) (19.86000000000013,141.2827164262439) (19.87000000000014,141.4586263212458) (19.88000000000014,141.6346362162476) (19.89000000000014,141.8107461112494) (19.90000000000014,141.9869560062513) (19.91000000000014,142.1632659012531) (19.92000000000014,142.339675796255) (19.93000000000015,142.5161856912569) (19.94000000000015,142.6927955862587) (19.95000000000015,142.8695054812606) (19.96000000000015,143.0463153762624) (19.97000000000015,143.2232252712643) (19.98000000000015,143.4002351662661) (19.99000000000015,143.577345061268) (20,143.7545549562698) (20.01,143.9318648512717) (20.02,144.1092747462735) (20.03,144.2867846412754) (20.04000000000001,144.4643945362773) (20.05000000000001,144.6421044312791) (20.06000000000001,144.819914326281) (20.07000000000001,144.9978242212828) (20.08000000000001,145.1758341162846) (20.09000000000001,145.3539440112865) (20.10000000000002,145.5321539062884) (20.11000000000002,145.7104638012902) (20.12000000000002,145.8888736962921) (20.13000000000002,146.0673835912939) (20.14000000000002,146.2459934862958) (20.15000000000002,146.4247033812976) (20.16000000000003,146.6035132762995) (20.17000000000003,146.7824231713013) (20.18000000000003,146.9614330663032) (20.19000000000003,147.140542961305) (20.20000000000003,147.3197528563069) (20.21000000000003,147.4990627513088) (20.22000000000003,147.6784726463106) (20.23000000000004,147.8579825413125) (20.24000000000004,148.0375924363143) (20.25000000000004,148.2173023313161) (20.26000000000004,148.397112226318) (20.27000000000004,148.5770221213199) (20.28000000000004,148.7570320163217) (20.29000000000005,148.9371419113236) (20.30000000000005,149.1173518063254) (20.31000000000005,149.2976617013273) (20.32000000000005,149.4780715963291) (20.33000000000005,149.658581491331) (20.34000000000005,149.8391913863328) (20.35000000000005,150.0199012813347) (20.36000000000006,150.2007111763365) (20.37000000000006,150.3816210713384) (20.38000000000006,150.5626309663403) (20.39000000000006,150.7437408613421) (20.40000000000006,150.924950756344) (20.41000000000006,151.1062606513458) (20.42000000000007,151.2876705463477) (20.43000000000007,151.4691804413495) (20.44000000000007,151.6507903363514) (20.45000000000007,151.8325002313532) (20.46000000000007,152.0143101263551) (20.47000000000007,152.196220021357) (20.48000000000008,152.3782299163588) (20.49000000000008,152.5603398113606) (20.50000000000008,152.7425497063625) (20.51000000000008,152.924789267411) (20.52000000000008,153.1070584945061) (20.53000000000008,153.2893573876478) (20.54000000000008,153.4716859468362) (20.55000000000009,153.6540441720712) (20.56000000000009,153.8364320633528) (20.57000000000009,154.018849620681) (20.58000000000009,154.2012968440558) (20.59000000000009,154.3837737334773) (20.60000000000009,154.5662802889454) (20.6100000000001,154.7486868444135) (20.6200000000001,154.9309933998816) (20.6300000000001,155.1131999553497) (20.6400000000001,155.2953065108178) (20.6500000000001,155.4773130662859) (20.6600000000001,155.659219621754) (20.6700000000001,155.8410261772221) (20.68000000000011,156.0227327326903) (20.69000000000011,156.2043392881584) (20.70000000000011,156.3858458436265) (20.71000000000011,156.5674523990946) (20.72000000000011,156.7491589545627) (20.73000000000011,156.9309655100308) (20.74000000000012,157.1128720654989) (20.75000000000012,157.294878620967) (20.76000000000012,157.4769851764351) (20.77000000000012,157.6591917319032) (20.78000000000012,157.8414982873713) (20.79000000000012,158.0239048428394) (20.80000000000013,158.2064113983075) (20.81000000000013,158.3890179537756) (20.82000000000013,158.5717245092438) (20.83000000000013,158.7545310647119) (20.84000000000013,158.93743762018) (20.85000000000013,159.1204441756481) (20.86000000000013,159.3035507311162) (20.87000000000014,159.4867572865843) (20.88000000000014,159.6700638420524) (20.89000000000014,159.8534703975205) (20.90000000000014,160.0369769529886) (20.91000000000014,160.2205835084567) (20.92000000000014,160.4042900639248) (20.93000000000015,160.5880966193929) (20.94000000000015,160.772003174861) (20.95000000000015,160.9560097303291) (20.96000000000015,161.1401162857972) (20.97000000000015,161.3243228412653) (20.98000000000015,161.5086293967334) (20.99000000000015,161.6930359522015) (21,161.8775425076697) (21.01,162.0621490631378) (21.02,162.2468556186058) (21.03,162.4316621740739) (21.04000000000001,162.6165687295421) (21.05000000000001,162.8015752850102) (21.06000000000001,162.9866818404783) (21.07000000000001,163.1718883959464) (21.08000000000001,163.3571949514145) (21.09000000000001,163.5426015068826) (21.10000000000002,163.7281080623507) (21.11000000000002,163.9137146178188) (21.12000000000002,164.0994211732869) (21.13000000000002,164.285227728755) (21.14000000000002,164.4711342842231) (21.15000000000002,164.6571408396912) (21.16000000000003,164.8432473951594) (21.17000000000003,165.0294539506275) (21.18000000000003,165.2157605060956) (21.19000000000003,165.4021670615637) (21.20000000000003,165.5886736170318) (21.21000000000003,165.7752801724999) (21.22000000000003,165.961986727968) (21.23000000000004,166.1487932834361) (21.24000000000004,166.3356998389042) (21.25000000000004,166.5227063943723) (21.26000000000004,166.7098129498404) (21.27000000000004,166.8970195053085) (21.28000000000004,167.0843260607766) (21.29000000000005,167.2717326162447) (21.30000000000005,167.4592391717128) (21.31000000000005,167.6468457271809) (21.32000000000005,167.834552282649) (21.33000000000005,168.0223588381172) (21.34000000000005,168.2102653935853) (21.35000000000005,168.3982719490534) (21.36000000000006,168.5863785045215) (21.37000000000006,168.7745850599896) (21.38000000000006,168.9628916154577) (21.39000000000006,169.1512981709258) (21.40000000000006,169.3398047263939) (21.41000000000006,169.528411281862) (21.42000000000007,169.7171178373301) (21.43000000000007,169.9059243927982) (21.44000000000007,170.0948309482663) (21.45000000000007,170.2838375037344) (21.46000000000007,170.4729440592025) (21.47000000000007,170.6621506146706) (21.48000000000008,170.8514571701387) (21.49000000000008,171.0408637256068) (21.50000000000008,171.230370281075) (21.51000000000008,171.4199768365431) (21.52000000000008,171.6096833920112) (21.53000000000008,171.7994899474793) (21.54000000000008,171.9893965029474) (21.55000000000009,172.1794030584155) (21.56000000000009,172.3695096138836) (21.57000000000009,172.5597161693517) (21.58000000000009,172.7500227248198) (21.59000000000009,172.9404292802879) (21.60000000000009,173.130935835756) (21.6100000000001,173.3215423912241) (21.6200000000001,173.5122489466922) (21.6300000000001,173.7030555021603) (21.6400000000001,173.8939620576284) (21.6500000000001,174.0849686130965) (21.6600000000001,174.2760751685647) (21.6700000000001,174.4672817240328) (21.68000000000011,174.6585882795009) (21.69000000000011,174.849994834969) (21.70000000000011,175.0415013904371) (21.71000000000011,175.2331079459052) (21.72000000000011,175.4248145013733) (21.73000000000011,175.6166210568414) (21.74000000000012,175.8085276123095) (21.75000000000012,176.0005341677776) (21.76000000000012,176.1926407232457) (21.77000000000012,176.3848472787139) (21.78000000000012,176.577153834182) (21.79000000000012,176.7695603896501) (21.80000000000013,176.9620669451182) (21.81000000000013,177.1546735005863) (21.82000000000013,177.3473800560544) (21.83000000000013,177.5401866115225) (21.84000000000013,177.7330931669906) (21.85000000000013,177.9260997224587) (21.86000000000013,178.1192062779268) (21.87000000000014,178.3124128333949) (21.88000000000014,178.505719388863) (21.89000000000014,178.6991259443311) (21.90000000000014,178.8926324997992) (21.91000000000014,179.0862390552673) (21.92000000000014,179.2799456107354) (21.93000000000015,179.4737521662036) (21.94000000000015,179.6676587216717) (21.95000000000015,179.8616652771398) (21.96000000000015,180.0557718326079) (21.97000000000015,180.249978388076) (21.98000000000015,180.4442849435441) (21.99000000000015,180.6386914990122) (22,180.8331980544803) (22.01,181.0276046099484) (22.02,181.2219111654165) (22.03,181.4161177208846) (22.04000000000001,181.6102242763527) (22.05000000000001,181.8042308318208) (22.06000000000001,181.9981373872889) (22.07000000000001,182.1919439427571) (22.08000000000001,182.3856504982252) (22.09000000000001,182.5792570536933) (22.10000000000002,182.7727636091614) (22.11000000000002,182.9663701646295) (22.12000000000002,183.1600767200976) (22.13000000000002,183.3538832755657) (22.14000000000002,183.5477898310338) (22.15000000000002,183.741796386502) (22.16000000000003,183.9359029419701) (22.17000000000003,184.1301094974382) (22.18000000000003,184.3244160529063) (22.19000000000003,184.5188226083744) (22.20000000000003,184.7133291638425) (22.21000000000003,184.9079357193106) (22.22000000000003,185.1026422747787) (22.23000000000004,185.2974488302468) (22.24000000000004,185.4923553857149) (22.25000000000004,185.687361941183) (22.26000000000004,185.8824684966511) (22.27000000000004,186.0776750521192) (22.28000000000004,186.2729816075873) (22.29000000000005,186.4683881630554) (22.30000000000005,186.6638947185236) (22.31000000000005,186.8595012739917) (22.32000000000005,187.0552078294598) (22.33000000000005,187.2510143849279) (22.34000000000005,187.446920940396) (22.35000000000005,187.6429274958641) (22.36000000000006,187.8390340513322) (22.37000000000006,188.0352406068003) (22.38000000000006,188.2315471622684) (22.39000000000006,188.4279537177365) (22.40000000000006,188.6244602732046) (22.41000000000006,188.8210668286727) (22.42000000000007,189.0177733841408) (22.43000000000007,189.2145799396089) (22.44000000000007,189.411486495077) (22.45000000000007,189.6084930505451) (22.46000000000007,189.8055996060133) (22.47000000000007,190.0028061614814) (22.48000000000008,190.2001127169495) (22.49000000000008,190.3975192724176) (22.50000000000008,190.5950258278857) (22.51000000000008,190.7926323833538) (22.52000000000008,190.9903389388219) (22.53000000000008,191.18814549429) (22.54000000000008,191.3860520497581) (22.55000000000009,191.5840586052262) (22.56000000000009,191.7821651606943) (22.57000000000009,191.9803717161625) (22.58000000000009,192.1786782716306) (22.59000000000009,192.3770848270987) (22.60000000000009,192.5755913825668) (22.6100000000001,192.7741979380349) (22.6200000000001,192.972904493503) (22.6300000000001,193.1717110489711) (22.6400000000001,193.3706176044392) (22.6500000000001,193.5696241599073) (22.6600000000001,193.7687307153755) (22.6700000000001,193.9679372708435) (22.68000000000011,194.1672438263116) (22.69000000000011,194.3666503817797) (22.70000000000011,194.5661569372479) (22.71000000000011,194.765763492716) (22.72000000000011,194.9654700481841) (22.73000000000011,195.1652766036522) (22.74000000000012,195.3651831591203) (22.75000000000012,195.5651897145884) (22.76000000000012,195.7652962700565) (22.77000000000012,195.9655028255246) (22.78000000000012,196.1658093809927) (22.79000000000012,196.3662159364608) (22.80000000000013,196.5667224919289) (22.81000000000013,196.7673290473971) (22.82000000000013,196.9680356028652) (22.83000000000013,197.1688421583333) (22.84000000000013,197.3697487138014) (22.85000000000013,197.5707552692695) (22.86000000000013,197.7718618247376) (22.87000000000014,197.9730683802057) (22.88000000000014,198.1743749356738) (22.89000000000014,198.3757814911419) (22.90000000000014,198.57728804661) (22.91000000000014,198.7788946020781) (22.92000000000014,198.9806011575463) (22.93000000000015,199.1824077130144) (22.94000000000015,199.3843142684825) (22.95000000000015,199.5863208239506) (22.96000000000015,199.7884273794187) (22.97000000000015,199.9906339348868) (22.98000000000015,200.1929404903549) (22.99000000000015,200.395347045823) (23,200.5978536012911) (23.01,200.8004601567592) (23.02,201.0031667122273) (23.03,201.2059732676954) (23.04000000000001,201.4088798231635) (23.05000000000001,201.6118863786317) (23.06000000000001,201.8149929340998) (23.07000000000001,202.0181994895679) (23.08000000000001,202.221506045036) (23.09000000000001,202.4249126005041) (23.10000000000002,202.6284191559722) (23.11000000000002,202.8320257114403) (23.12000000000002,203.0357322669084) (23.13000000000002,203.2395388223765) (23.14000000000002,203.4434453778446) (23.15000000000002,203.6474519333127) (23.16000000000003,203.8515584887809) (23.17000000000003,204.055765044249) (23.18000000000003,204.2600715997171) (23.19000000000003,204.4644781551852) (23.20000000000003,204.6689847106533) (23.21000000000003,204.8735912661214) (23.22000000000003,205.0782978215895) (23.23000000000004,205.2831043770576) (23.24000000000004,205.4880109325257) (23.25000000000004,205.6930174879938) (23.26000000000004,205.898124043462) (23.27000000000004,206.1033305989301) (23.28000000000004,206.3086371543982) (23.29000000000005,206.5140437098663) (23.30000000000005,206.7195502653344) (23.31000000000005,206.9249568208025) (23.32000000000005,207.1302633762706) (23.33000000000005,207.3354699317387) (23.34000000000005,207.5405764872068) (23.35000000000005,207.7455830426749) (23.36000000000006,207.950489598143) (23.37000000000006,208.1552961536111) (23.38000000000006,208.3600027090792) (23.39000000000006,208.5646092645473) (23.40000000000006,208.7691158200154) (23.41000000000006,208.9737223754835) (23.42000000000007,209.1784289309516) (23.43000000000007,209.3832354864197) (23.44000000000007,209.5881420418879) (23.45000000000007,209.793148597356) (23.46000000000007,209.9982551528241) (23.47000000000007,210.2034617082922) (23.48000000000008,210.4087682637603) (23.49000000000008,210.6141748192284) (23.50000000000008,210.8196813746965) (23.51000000000008,211.0252879301646) (23.52000000000008,211.2309944856327) (23.53000000000008,211.4368010411008) (23.54000000000008,211.642707596569) (23.55000000000009,211.8487141520371) (23.56000000000009,212.0548207075052) (23.57000000000009,212.2610272629733) (23.58000000000009,212.4673338184414) (23.59000000000009,212.6737403739095) (23.60000000000009,212.8802469293776) (23.6100000000001,213.0868534848457) (23.6200000000001,213.2935600403138) (23.6300000000001,213.5003665957819) (23.6400000000001,213.7072731512501) (23.6500000000001,213.9142797067182) (23.6600000000001,214.1213862621863) (23.6700000000001,214.3285928176544) (23.68000000000011,214.5358993731225) (23.69000000000011,214.7433059285906) (23.70000000000011,214.9508124840587) (23.71000000000011,215.1584190395268) (23.72000000000011,215.3661255949949) (23.73000000000011,215.573932150463) (23.74000000000012,215.7818387059311) (23.75000000000012,215.9898452613992) (23.76000000000012,216.1979518168673) (23.77000000000012,216.4061583723355) (23.78000000000012,216.6144649278036) (23.79000000000012,216.8228714832717) (23.80000000000013,217.0313780387398) (23.81000000000013,217.2399845942079) (23.82000000000013,217.448691149676) (23.83000000000013,217.6574977051441) (23.84000000000013,217.8664042606122) (23.85000000000013,218.0754108160803) (23.86000000000013,218.2845173715484) (23.87000000000014,218.4937239270166) (23.88000000000014,218.7030304824847) (23.89000000000014,218.9124370379528) (23.90000000000014,219.1219435934209) (23.91000000000014,219.331550148889) (23.92000000000014,219.5412567043571) (23.93000000000015,219.7510632598252) (23.94000000000015,219.9609698152933) (23.95000000000015,220.1709763707614) (23.96000000000015,220.3810829262295) (23.97000000000015,220.5912894816977) (23.98000000000015,220.8015960371658) (23.99000000000015,221.0120025926339) (24,221.222509148102) (24.01,221.4331157035701) (24.02,221.6438222590382) (24.03,221.8546288145063) (24.04000000000001,222.0655353699744) (24.05000000000001,222.2765419254425) (24.06000000000001,222.4876484809107) (24.07000000000001,222.6988550363788) (24.08000000000001,222.9101615918469) (24.09000000000001,223.121568147315) (24.10000000000002,223.3330747027831) (24.11000000000002,223.5446812582512) (24.12000000000002,223.7563878137193) (24.13000000000002,223.9681943691874) (24.14000000000002,224.1801009246555) (24.15000000000002,224.3921074801237) (24.16000000000003,224.6042140355918) (24.17000000000003,224.8164205910599) (24.18000000000003,225.028727146528) (24.19000000000003,225.2411337019961) (24.20000000000003,225.4536402574642) (24.21000000000003,225.6662468129323) (24.22000000000003,225.8789533684004) (24.23000000000004,226.0917599238685) (24.24000000000004,226.3046664793366) (24.25000000000004,226.5176730348047) (24.26000000000004,226.7307795902728) (24.27000000000004,226.943986145741) (24.28000000000004,227.1572927012091) (24.29000000000005,227.3706992566772) (24.30000000000005,227.5842058121453) (24.31000000000005,227.7976123676134) (24.32000000000005,228.0109189230815) (24.33000000000005,228.2241254785496) (24.34000000000005,228.4372320340177) (24.35000000000005,228.6502385894858) (24.36000000000006,228.8631451449539) (24.37000000000006,229.0759517004221) (24.38000000000006,229.2886582558902) (24.39000000000006,229.5012648113583) (24.40000000000006,229.7137713668264) (24.41000000000006,229.9263779222945) (24.42000000000007,230.1390844777626) (24.43000000000007,230.3518910332307) (24.44000000000007,230.5647975886989) (24.45000000000007,230.777804144167) (24.46000000000007,230.9909106996351) (24.47000000000007,231.2041172551032) (24.48000000000008,231.4174238105713) (24.49000000000008,231.6308303660394) (24.50000000000008,231.8443369215075) (24.51000000000008,232.0579434769756) (24.52000000000008,232.2716500324437) (24.53000000000008,232.4854565879118) (24.54000000000008,232.6993631433799) (24.55000000000009,232.913369698848) (24.56000000000009,233.1274762543162) (24.57000000000009,233.3416828097843) (24.58000000000009,233.5559893652524) (24.59000000000009,233.7703959207205) (24.60000000000009,233.9849024761886) (24.6100000000001,234.1995090316567) (24.6200000000001,234.4142155871248) (24.6300000000001,234.6290221425929) (24.6400000000001,234.843928698061) (24.6500000000001,235.0589352535291) (24.6600000000001,235.2740418089973) (24.6700000000001,235.4892483644654) (24.68000000000011,235.7045549199335) (24.69000000000011,235.9199614754016) (24.70000000000011,236.1354680308697) (24.71000000000011,236.3510745863378) (24.72000000000011,236.5667811418059) (24.73000000000011,236.782587697274) (24.74000000000012,236.9984942527421) (24.75000000000012,237.2145008082103) (24.76000000000012,237.4306073636784) (24.77000000000012,237.6468139191465) (24.78000000000012,237.8631204746146) (24.79000000000012,238.0795270300827) (24.80000000000013,238.2960335855508) (24.81000000000013,238.5126401410189) (24.82000000000013,238.729346696487) (24.83000000000013,238.9461532519551) (24.84000000000013,239.1630598074233) (24.85000000000013,239.3800663628914) (24.86000000000013,239.5971729183595) (24.87000000000014,239.8143794738276) (24.88000000000014,240.0316860292957) (24.89000000000014,240.2490925847638) (24.90000000000014,240.4665991402319) (24.91000000000014,240.6842056957) (24.92000000000014,240.9019122511681) (24.93000000000015,241.1197188066363) (24.94000000000015,241.3376253621044) (24.95000000000015,241.5556319175725) (24.96000000000015,241.7737384730406) (24.97000000000015,241.9919450285087) (24.98000000000015,242.2102515839768) (24.99000000000015,242.4286581394449) (25,242.647164694913) (25.01,242.8657712503811) (25.02,243.0844778058492) (25.03,243.3032843613174) (25.04000000000001,243.5221909167855) (25.05000000000001,243.7411974722536) (25.06000000000001,243.9603040277217) (25.07000000000001,244.1795105831898) (25.08000000000001,244.3988171386579) (25.09000000000001,244.618223694126) (25.10000000000002,244.8377302495941) (25.11000000000002,245.0573368050622) (25.12000000000002,245.2770433605304) (25.13000000000002,245.4968499159985) (25.14000000000002,245.7167564714666) (25.15000000000002,245.9367630269347) (25.16000000000003,246.1568695824028) (25.17000000000003,246.3770761378709) (25.18000000000003,246.597382693339) (25.19000000000003,246.8177892488071) (25.20000000000003,247.0382958042753) (25.21000000000003,247.2589023597434) (25.22000000000003,247.4796089152115) (25.23000000000004,247.7004154706796) (25.24000000000004,247.9213220261477) (25.25000000000004,248.1423285816158) (25.26000000000004,248.3634351370839) (25.27000000000004,248.584641692552) (25.28000000000004,248.8059482480201) (25.29000000000005,249.0273548034883) (25.30000000000005,249.2488613589564) (25.31000000000005,249.4704679144245) (25.32000000000005,249.6921744698926) (25.33000000000005,249.9139810253607) (25.34000000000005,250.1358875808288) (25.35000000000005,250.3578941362969) (25.36000000000006,250.580000691765) (25.37000000000006,250.8022072472332) (25.38000000000006,251.0245138027013) (25.39000000000006,251.2469203581694) (25.40000000000006,251.4694269136375) (25.41000000000006,251.6920334691056) (25.42000000000007,251.9147400245737) (25.43000000000007,252.1375465800418) (25.44000000000007,252.3604531355099) (25.45000000000007,252.583459690978) (25.46000000000007,252.8065662464462) (25.47000000000007,253.0297728019143) (25.48000000000008,253.2530793573824) (25.49000000000008,253.4764859128505) (25.50000000000008,253.6999924683186) (25.51000000000008,253.9235990237867) (25.52000000000008,254.1473055792548) (25.53000000000008,254.3711121347229) (25.54000000000008,254.595018690191) (25.55000000000009,254.8190252456592) (25.56000000000009,255.0431318011273) (25.57000000000009,255.2673383565954) (25.58000000000009,255.4916449120635) (25.59000000000009,255.7160514675316) (25.60000000000009,255.9405580229997) (25.6100000000001,256.1649645784678) (25.6200000000001,256.3892711339359) (25.6300000000001,256.6134776894041) (25.6400000000001,256.8375842448722) (25.6500000000001,257.0615908003403) (25.6600000000001,257.2854973558084) (25.6700000000001,257.5093039112765) (25.68000000000011,257.7330104667446) (25.69000000000011,257.9566170222127) (25.70000000000011,258.1801235776808) (25.71000000000011,258.4037301331489) (25.72000000000011,258.627436688617) (25.73000000000011,258.8512432440851) (25.74000000000012,259.0751497995532) (25.75000000000012,259.2991563550214) (25.76000000000012,259.5232629104894) (25.77000000000012,259.7474694659576) (25.78000000000012,259.9717760214257) (25.79000000000012,260.1961825768938) (25.80000000000013,260.4206891323619) (25.81000000000013,260.64529568783) (25.82000000000013,260.8700022432981) (25.83000000000013,261.0948087987662) (25.84000000000013,261.3197153542343) (25.85000000000013,261.5447219097024) (25.86000000000013,261.7698284651706) (25.87000000000014,261.9950350206387) (25.88000000000014,262.2203415761068) (25.89000000000014,262.4457481315749) (25.90000000000014,262.671254687043) (25.91000000000014,262.8968612425111) (25.92000000000014,263.1225677979792) (25.93000000000015,263.3483743534474) (25.94000000000015,263.5742809089155) (25.95000000000015,263.8002874643836) (25.96000000000015,264.0263940198517) (25.97000000000015,264.2526005753198) (25.98000000000015,264.4789071307879) (25.99000000000015,264.705313686256) (26,264.9318202417242) (26.01,265.1584267971922) (26.02,265.3851333526604) (26.03,265.6119399081285) (26.04000000000001,265.8388464635966) (26.05000000000001,266.0658530190647) (26.06000000000001,266.2929595745329) (26.07000000000001,266.520166130001) (26.08000000000001,266.7474726854691) (26.09000000000001,266.9748792409372) (26.10000000000002,267.2023857964053) (26.11000000000002,267.4299923518734) (26.12000000000002,267.6576989073415) (26.13000000000002,267.8855054628096) (26.14000000000002,268.1134120182778) (26.15000000000002,268.3414185737458) (26.16000000000003,268.569525129214) (26.17000000000003,268.797731684682) (26.18000000000003,269.0260382401502) (26.19000000000003,269.2544447956183) (26.20000000000003,269.4829513510864) (26.21000000000003,269.7115579065545) (26.22000000000003,269.9402644620226) (26.23000000000004,270.1690710174908) (26.24000000000004,270.3979775729588) (26.25000000000004,270.626984128427) (26.26000000000004,270.856090683895) (26.27000000000004,271.0852972393632) (26.28000000000004,271.3146037948313) (26.29000000000005,271.5440103502994) (26.30000000000005,271.7735169057675) (26.31000000000005,272.0031234612356) (26.32000000000005,272.2328300167038) (26.33000000000005,272.4626365721718) (26.34000000000005,272.69254312764) (26.35000000000005,272.9225496831081) (26.36000000000006,273.1526562385762) (26.37000000000006,273.3828627940443) (26.38000000000006,273.6131693495124) (26.39000000000006,273.8435759049805) (26.40000000000006,274.0740824604487) (26.41000000000006,274.3046890159168) (26.42000000000007,274.5353955713849) (26.43000000000007,274.766202126853) (26.44000000000007,274.9971086823211) (26.45000000000007,275.2281152377892) (26.46000000000007,275.4592217932573) (26.47000000000007,275.6904283487254) (26.48000000000008,275.9217349041936) (26.49000000000008,276.1531414596617) (26.50000000000008,276.3846480151298) (26.51000000000008,276.6162545705979) (26.52000000000008,276.847961126066) (26.53000000000008,277.0797676815341) (26.54000000000008,277.3116742370023) (26.55000000000009,277.5436807924704) (26.56000000000009,277.7757873479385) (26.57000000000009,278.0079939034066) (26.58000000000009,278.2403004588747) (26.59000000000009,278.4727070143428) (26.60000000000009,278.7052135698109) (26.6100000000001,278.937820125279) (26.6200000000001,279.1705266807471) (26.6300000000001,279.4033332362152) (26.6400000000001,279.6362397916834) (26.6500000000001,279.8692463471515) (26.6600000000001,280.1023529026196) (26.6700000000001,280.3355594580877) (26.68000000000011,280.5688660135558) (26.69000000000011,280.8022725690239) (26.70000000000011,281.035779124492) (26.71000000000011,281.2693856799601) (26.72000000000011,281.5030922354283) (26.73000000000011,281.7368987908964) (26.74000000000012,281.9708053463645) (26.75000000000012,282.2048119018326) (26.76000000000012,282.4389184573007) (26.77000000000012,282.6731250127688) (26.78000000000012,282.9074315682369) (26.79000000000012,283.141838123705) (26.80000000000013,283.3763446791731) (26.81000000000013,283.6109512346413) (26.82000000000013,283.8456577901094) (26.83000000000013,284.0804643455775) (26.84000000000013,284.3153709010456) (26.85000000000013,284.5503774565137) (26.86000000000013,284.7854840119819) (26.87000000000014,285.0206905674499) (26.88000000000014,285.2559971229181) (26.89000000000014,285.4914036783862) (26.90000000000014,285.7269102338543) (26.91000000000014,285.9623167893224) (26.92000000000014,286.1976233447905) (26.93000000000015,286.4328299002586) (26.94000000000015,286.6679364557268) (26.95000000000015,286.9029430111948) (26.96000000000015,287.137849566663) (26.97000000000015,287.3726561221311) (26.98000000000015,287.6073626775992) (26.99000000000015,287.8419692330673) (27,288.0764757885354) (27.01,288.3110823440036) (27.02,288.5457888994717) (27.03,288.7805954549398) (27.04000000000001,289.0155020104079) (27.05000000000001,289.250508565876) (27.06000000000001,289.4856151213442) (27.07000000000001,289.7208216768122) (27.08000000000001,289.9561282322804) (27.09000000000001,290.1915347877485) (27.10000000000002,290.4270413432166) (27.11000000000002,290.6626478986847) (27.12000000000002,290.8983544541529) (27.13000000000002,291.134161009621) (27.14000000000002,291.3700675650891) (27.15000000000002,291.6060741205572) (27.16000000000003,291.8421806760253) (27.17000000000003,292.0783872314934) (27.18000000000003,292.3146937869615) (27.19000000000003,292.5511003424297) (27.20000000000003,292.7876068978978) (27.21000000000003,293.0242134533659) (27.22000000000003,293.260920008834) (27.23000000000004,293.4977265643021) (27.24000000000004,293.7346331197702) (27.25000000000004,293.9716396752383) (27.26000000000004,294.2087462307064) (27.27000000000004,294.4459527861745) (27.28000000000004,294.6832593416427) (27.29000000000005,294.9206658971108) (27.30000000000005,295.1581724525789) (27.31000000000005,295.395779008047) (27.32000000000005,295.6334855635151) (27.33000000000005,295.8712921189832) (27.34000000000005,296.1091986744513) (27.35000000000005,296.3472052299194) (27.36000000000006,296.5853117853875) (27.37000000000006,296.8235183408557) (27.38000000000006,297.0618248963238) (27.39000000000006,297.3002314517919) (27.40000000000006,297.53873800726) (27.41000000000006,297.7773445627281) (27.42000000000007,298.0160511181962) (27.43000000000007,298.2548576736643) (27.44000000000007,298.4937642291325) (27.45000000000007,298.7327707846006) (27.46000000000007,298.9718773400687) (27.47000000000007,299.2110838955368) (27.48000000000008,299.4503904510049) (27.49000000000008,299.689797006473) (27.50000000000008,299.9293035619411) (27.51000000000008,300.1689101174093) (27.52000000000008,300.4086166728774) (27.53000000000008,300.6484232283455) (27.54000000000008,300.8883297838136) (27.55000000000009,301.1283363392818) (27.56000000000009,301.3684428947499) (27.57000000000009,301.608649450218) (27.58000000000009,301.8489560056861) (27.59000000000009,302.0893625611542) (27.60000000000009,302.3298691166223) (27.6100000000001,302.5704756720904) (27.6200000000001,302.8111822275586) (27.6300000000001,303.0519887830267) (27.6400000000001,303.2928953384948) (27.6500000000001,303.5339018939629) (27.6600000000001,303.775008449431) (27.6700000000001,304.0162150048991) (27.68000000000011,304.2575215603672) (27.69000000000011,304.4989281158353) (27.70000000000011,304.7404346713034) (27.71000000000011,304.9820412267716) (27.72000000000011,305.2237477822397) (27.73000000000011,305.4655543377078) (27.74000000000012,305.7074608931759) (27.75000000000012,305.949467448644) (27.76000000000012,306.1915740041121) (27.77000000000012,306.4337805595802) (27.78000000000012,306.6760871150483) (27.79000000000012,306.9184936705165) (27.80000000000013,307.1610002259846) (27.81000000000013,307.4036067814527) (27.82000000000013,307.6463133369208) (27.83000000000013,307.8891198923889) (27.84000000000013,308.132026447857) (27.85000000000013,308.3750330033251) (27.86000000000013,308.6181395587932) (27.87000000000014,308.8613461142614) (27.88000000000014,309.1046526697295) (27.89000000000014,309.3480592251976) (27.90000000000014,309.5915657806657) (27.91000000000014,309.8349723361339) (27.92000000000014,310.078278891602) (27.93000000000015,310.3214854470701) (27.94000000000015,310.5645920025382) (27.95000000000015,310.8075985580064) (27.96000000000015,311.0505051134745) (27.97000000000015,311.2933116689426) (27.98000000000015,311.5360182244107) (27.99000000000015,311.7786247798788) (28,312.0211313353469) (28.01,312.263737890815) (28.02,312.5064444462831) (28.03,312.7492510017512) (28.04000000000001,312.9921575572193) (28.05000000000001,313.2351641126875) (28.06000000000001,313.4782706681556) (28.07000000000001,313.7214772236237) (28.08000000000001,313.9647837790918) (28.09000000000001,314.20819033456) (28.10000000000002,314.4516968900281) (28.11000000000002,314.6953034454962) (28.12000000000002,314.9390100009643) (28.13000000000002,315.1828165564324) (28.14000000000002,315.4267231119005) (28.15000000000002,315.6707296673686) (28.16000000000003,315.9148362228368) (28.17000000000003,316.1590427783049) (28.18000000000003,316.403349333773) (28.19000000000003,316.6477558892411) (28.20000000000003,316.8922624447092) (28.21000000000003,317.1368690001773) (28.22000000000003,317.3815755556454) (28.23000000000004,317.6263821111136) (28.24000000000004,317.8712886665817) (28.25000000000004,318.1162952220498) (28.26000000000004,318.3614017775179) (28.27000000000004,318.606608332986) (28.28000000000004,318.8519148884541) (28.29000000000005,319.0973214439222) (28.30000000000005,319.3428279993904) (28.31000000000005,319.5884345548585) (28.32000000000005,319.8341411103266) (28.33000000000005,320.0799476657947) (28.34000000000005,320.3258542212628) (28.35000000000005,320.5718607767309) (28.36000000000006,320.817967332199) (28.37000000000006,321.0641738876672) (28.38000000000006,321.3104804431352) (28.39000000000006,321.5568869986034) (28.40000000000006,321.8033935540715) (28.41000000000006,322.0500001095396) (28.42000000000007,322.2967066650077) (28.43000000000007,322.5435132204759) (28.44000000000007,322.790419775944) (28.45000000000007,323.0374263314121) (28.46000000000007,323.2845328868802) (28.47000000000007,323.5317394423483) (28.48000000000008,323.7790459978164) (28.49000000000008,324.0264525532845) (28.50000000000008,324.2739591087526) (28.51000000000008,324.5215656642208) (28.52000000000008,324.7692722196889) (28.53000000000008,325.017078775157) (28.54000000000008,325.2649853306251) (28.55000000000009,325.5129918860932) (28.56000000000009,325.7610984415613) (28.57000000000009,326.0093049970295) (28.58000000000009,326.2576115524976) (28.59000000000009,326.5060181079657) (28.60000000000009,326.7545246634338) (28.6100000000001,327.003131218902) (28.6200000000001,327.2518377743701) (28.6300000000001,327.5006443298382) (28.6400000000001,327.7495508853063) (28.6500000000001,327.9985574407744) (28.6600000000001,328.2476639962425) (28.6700000000001,328.4968705517106) (28.68000000000011,328.7461771071788) (28.69000000000011,328.9955836626469) (28.70000000000011,329.245090218115) (28.71000000000011,329.4946967735831) (28.72000000000011,329.7444033290512) (28.73000000000011,329.9942098845193) (28.74000000000012,330.2441164399874) (28.75000000000012,330.4941229954555) (28.76000000000012,330.7442295509236) (28.77000000000012,330.9944361063918) (28.78000000000012,331.2447426618599) (28.79000000000012,331.495149217328) (28.80000000000013,331.7456557727961) (28.81000000000013,331.9960623282642) (28.82000000000013,332.2463688837323) (28.83000000000013,332.4965754392005) (28.84000000000013,332.7466819946686) (28.85000000000013,332.9966885501367) (28.86000000000013,333.2465951056048) (28.87000000000014,333.4964016610729) (28.88000000000014,333.746108216541) (28.89000000000014,333.9957147720091) (28.90000000000014,334.2452213274772) (28.91000000000014,334.4948278829453) (28.92000000000014,334.7445344384134) (28.93000000000015,334.9943409938816) (28.94000000000015,335.2442475493497) (28.95000000000015,335.4942541048178) (28.96000000000015,335.7443606602859) (28.97000000000015,335.994567215754) (28.98000000000015,336.2448737712222) (28.99000000000015,336.4952803266902) (29,336.7457868821584) (29.01,336.9963934376265) (29.02,337.2470999930946) (29.03,337.4979065485627) (29.04000000000001,337.7488131040308) (29.05000000000001,337.9998196594989) (29.06000000000001,338.2509262149671) (29.07000000000001,338.5021327704352) (29.08000000000001,338.7534393259033) (29.09000000000001,339.0048458813714) (29.10000000000002,339.2563524368395) (29.11000000000002,339.5079589923076) (29.12000000000002,339.7596655477757) (29.13000000000002,340.0114721032439) (29.14000000000002,340.263378658712) (29.15000000000002,340.5153852141801) (29.16000000000003,340.7674917696482) (29.17000000000003,341.0196983251163) (29.18000000000003,341.2720048805845) (29.19000000000003,341.5244114360526) (29.20000000000003,341.7769179915207) (29.21000000000003,342.0295245469888) (29.22000000000003,342.2822311024569) (29.23000000000004,342.535037657925) (29.24000000000004,342.7879442133932) (29.25000000000004,343.0409507688613) (29.26000000000004,343.2940573243294) (29.27000000000004,343.5472638797975) (29.28000000000004,343.8005704352656) (29.29000000000005,344.0539769907338) (29.30000000000005,344.3074835462019) (29.31000000000005,344.56109010167) (29.32000000000005,344.8147966571381) (29.33000000000005,345.0686032126062) (29.34000000000005,345.3225097680743) (29.35000000000005,345.5765163235424) (29.36000000000006,345.8306228790105) (29.37000000000006,346.0848294344786) (29.38000000000006,346.3391359899468) (29.39000000000006,346.5935425454149) (29.40000000000006,346.848049100883) (29.41000000000006,347.1026556563511) (29.42000000000007,347.3573622118192) (29.43000000000007,347.6121687672874) (29.44000000000007,347.8670753227555) (29.45000000000007,348.1220818782236) (29.46000000000007,348.3771884336917) (29.47000000000007,348.6323949891598) (29.48000000000008,348.8877015446279) (29.49000000000008,349.1431081000961) (29.50000000000008,349.3986146555642) (29.51000000000008,349.6542212110323) (29.52000000000008,349.9099277665004) (29.53000000000008,350.1657343219685) (29.54000000000008,350.4216408774366) (29.55000000000009,350.6776474329047) (29.56000000000009,350.9337539883729) (29.57000000000009,351.189960543841) (29.58000000000009,351.4462670993091) (29.59000000000009,351.7026736547772) (29.60000000000009,351.9591802102453) (29.6100000000001,352.2157867657135) (29.6200000000001,352.4724933211816) (29.6300000000001,352.7292998766497) (29.6400000000001,352.9862064321178) (29.6500000000001,353.2432129875859) (29.6600000000001,353.500319543054) (29.6700000000001,353.7575260985222) (29.68000000000011,354.0148326539903) (29.69000000000011,354.2722392094584) (29.70000000000011,354.5297457649265) (29.71000000000011,354.7873523203946) (29.72000000000011,355.0450588758628) (29.73000000000011,355.3028654313309) (29.74000000000012,355.560771986799) (29.75000000000012,355.8187785422671) (29.76000000000012,356.0768850977352) (29.77000000000012,356.3350916532033) (29.78000000000012,356.5933982086714) (29.79000000000012,356.8518047641396) (29.80000000000013,357.1103113196077) (29.81000000000013,357.3689178750758) (29.82000000000013,357.6276244305439) (29.83000000000013,357.886430986012) (29.84000000000013,358.1453375414802) (29.85000000000013,358.4043440969483) (29.86000000000013,358.6634506524164) (29.87000000000014,358.9226572078845) (29.88000000000014,359.1819637633526) (29.89000000000014,359.4413703188207) (29.90000000000014,359.7008768742888) (29.91000000000014,359.9604834297569) (29.92000000000014,360.2201899852251) (29.93000000000015,360.4799965406932) (29.94000000000015,360.7399030961613) (29.95000000000015,360.9999096516294) (29.96000000000015,361.2600162070975) (29.97000000000015,361.5202227625657) (29.98000000000015,361.7805293180338) (29.99000000000015,362.0409358735019) (30,362.30144242897) (30.01,362.5618489844381) (30.02,362.8221555399062) (30.03,363.0823620953744) (30.04000000000001,363.3424686508425) (30.05000000000001,363.6024752063106) (30.06000000000001,363.8623817617787) (30.07000000000001,364.1221883172468) (30.08000000000001,364.381894872715) (30.09000000000001,364.6415014281831) (30.10000000000002,364.9010079836512) (30.11000000000002,365.1606145391193) (30.12000000000002,365.4203210945875) (30.13000000000002,365.6801276500556) (30.14000000000002,365.9400342055237) (30.15000000000002,366.2000407609918) (30.16000000000003,366.4601473164599) (30.17000000000003,366.720353871928) (30.18000000000003,366.9806604273961) (30.19000000000003,367.2410669828643) (30.20000000000003,367.5015735383324) (30.21000000000003,367.7621800938005) (30.22000000000003,368.0228866492686) (30.23000000000004,368.2836932047367) (30.24000000000004,368.5445997602048) (30.25000000000004,368.8056063156729) (30.26000000000004,369.0667128711411) (30.27000000000004,369.3279194266092) (30.28000000000004,369.5892259820773) (30.29000000000005,369.8506325375454) (30.30000000000005,370.1121390930136) (30.31000000000005,370.3737456484817) (30.32000000000005,370.6354522039498) (30.33000000000005,370.8972587594179) (30.34000000000005,371.159165314886) (30.35000000000005,371.4211718703542) (30.36000000000006,371.6832784258223) (30.37000000000006,371.9454849812904) (30.38000000000006,372.2077915367585) (30.39000000000006,372.4701980922266) (30.40000000000006,372.7327046476947) (30.41000000000006,372.9953112031628) (30.42000000000007,373.258017758631) (30.43000000000007,373.5208243140991) (30.44000000000007,373.7837308695672) (30.45000000000007,374.0467374250353) (30.46000000000007,374.3098439805034) (30.47000000000007,374.5730505359716) (30.48000000000008,374.8363570914397) (30.49000000000008,375.0997636469078) (30.50000000000008,375.3632702023759) (30.51000000000008,375.626876757844) (30.52000000000008,375.8905833133121) (30.53000000000008,376.1543898687802) (30.54000000000008,376.4182964242484) (30.55000000000009,376.6823029797165) (30.56000000000009,376.9464095351846) (30.57000000000009,377.2106160906527) (30.58000000000009,377.4749226461208) (30.59000000000009,377.7393292015889) (30.60000000000009,378.0038357570571) (30.6100000000001,378.2684423125252) (30.6200000000001,378.5331488679933) (30.6300000000001,378.7979554234614) (30.6400000000001,379.0628619789296) (30.6500000000001,379.3278685343977) (30.6600000000001,379.5929750898658) (30.6700000000001,379.8581816453339) (30.68000000000011,380.123488200802) (30.69000000000011,380.3888947562701) (30.70000000000011,380.6544013117382) (30.71000000000011,380.9200078672064) (30.72000000000011,381.1857144226745) (30.73000000000011,381.4515209781426) (30.74000000000012,381.7174275336108) (30.75000000000012,381.9834340890789) (30.76000000000012,382.249540644547) (30.77000000000012,382.5157472000151) (30.78000000000012,382.7820537554832) (30.79000000000012,383.0484603109513) (30.80000000000013,383.3149668664195) (30.81000000000013,383.5815734218876) (30.82000000000013,383.8482799773557) (30.83000000000013,384.1150865328238) (30.84000000000013,384.3819930882919) (30.85000000000013,384.64899964376) (30.86000000000013,384.9161061992281) (30.87000000000014,385.1833127546963) (30.88000000000014,385.4506193101644) (30.89000000000014,385.7180258656325) (30.90000000000014,385.9855324211006) (30.91000000000014,386.2529389765688) (30.92000000000014,386.5202455320369) (30.93000000000015,386.787452087505) (30.94000000000015,387.0545586429731) (30.95000000000015,387.3215651984412) (30.96000000000015,387.5884717539093) (30.97000000000015,387.8552783093775) (30.98000000000015,388.1219848648456) (30.99000000000015,388.3885914203137) (31,388.6550979757818) (50,388.6550979757818)
tp[Y]:
[0]: (0,0) (0,-0.40495) (0.1,-0.40495) (0.1834023877495533,-0.4048781972416233) (0.2,-0.4048491594284609) (0.2881511581544831,-0.4046779097870344) (0.3,-0.4046439099448592) (0.3909401963991428,-0.4043706520711722) (0.4000000000000001,-0.4043348294668279) (0.4925476322084053,-0.4039595196749399) (0.5000000000000001,-0.4039221266440604) (0.5934642688861814,-0.4034455278995021) (0.6000000000000001,-0.4034058610893591) (0.6939838609885545,-0.4028288301845724) (0.7000000000000001,-0.4027860300325154) (0.7942773999001672,-0.4021092746740486) (0.8,-0.4020626028109592) (0.8944429182484911,-0.401286635215536) (0.9,-0.4012355352665242) (0.9945361499886156,-0.4003606959442007) (1,-0.4003047761494306) (1.094588633282164,-0.3993312746750611) (1.1,-0.3992702701443981) (1.194605509099344,-0.398198379024075) (1.2,-0.3981319613086882) (1.294605509099344,-0.3969618131336744) (1.3,-0.3968897896004364) (1.394605509099344,-0.395621325856816) (1.4,-0.3955436931227242) (1.494605509099344,-0.3941768543512615) (1.5,-0.3940936089746447) (1.594605509099344,-0.3926283346770276) (1.6,-0.3925400072280475) (1.685090638802045,-0.3911419403728268) (1.7,-0.3908837659392768) (1.785090638802045,-0.3893970570190196) (1.8,-0.3891247077398836) (1.876301486001624,-0.3877190170309244) (1.900000000000001,-0.3872635717933285) (1.976301486001624,-0.3857782950620344) (2,-0.3853000640806691) (2.068432179743163,-0.3839021656488643) (2.1,-0.3832347625350104) (2.168432179743163,-0.3817653918146834) (2.2,-0.3810672850353749) (2.2615112114399,-0.3796866816018724) (2.3,-0.3787980606177598) (2.3615112114399,-0.3773531235681459) (2.4,-0.3764242294287067) (2.455301485303153,-0.3750708755493039) (2.5,-0.3739511203554313) (2.555301485303153,-0.3725398416272723) (2.600000000000001,-0.3713732471336742) (2.655301485303153,-0.3699039970278791) (2.700000000000001,-0.3686931325077453) (2.749738435397252,-0.3673224024832444) (2.799476870794504,-0.3659257075898056) (2.849738435397252,-0.3644877889752486) (2.899476870794504,-0.3630388456740151) (2.949738435397252,-0.3615481049012814) (2.99445656533624,-0.3602007521974858) (3,-0.3600311226690642) (3.044718129938988,-0.3586601179963588) (3.089436259877976,-0.357268067760939) (3.1,-0.3569342528898927) (3.144718129938988,-0.3555161645321956) (3.189436259877976,-0.354077009634341) (3.2,-0.3537320622983764) (3.244718129938988,-0.3522668423065708) (3.289436259877976,-0.3507805337584244) (3.3,-0.3504249493194104) (3.34016547739271,-0.3490684520821072) (3.38033095478542,-0.3476949229736787) (3.4,-0.3470139648833999) (3.44016547739271,-0.3456150436602971) (3.48033095478542,-0.3441990708344473) (3.5,-0.3434973183816111) (3.54016547739271,-0.3420559228840739) (3.58033095478542,-0.340597454889357) (3.600000000000001,-0.3398748823087476) (3.64016547739271,-0.3383909592086686) (3.676272768991159,-0.337043151920579) (3.700000000000001,-0.3361483874280375) (3.736107291598449,-0.3347776680250922) (3.772214583196897,-0.3333931146615842) (3.8,-0.3323170224671436) (3.836107291598449,-0.3309079690941423) (3.872214583196897,-0.3294850612722328) (3.9,-0.3283794386465977) (3.936107291598448,-0.3269319930155818) (3.972214583196897,-0.325470670902312) (4,-0.3243354706136884) (4.036107291598449,-0.3228495699284267) (4.068578256218601,-0.3215020712187692) (4.100000000000001,-0.3201872354153327) (4.132470964620152,-0.3188175960272677) (4.164941929240304,-0.3174366942225962) (4.197412893860456,-0.3160445300013182) (4.200000000000001,-0.3159327127604771) (4.232470964620153,-0.3145283659502133) (4.264941929240305,-0.3131127338777751) (4.297412893860456,-0.3116858165431626) (4.300000000000002,-0.311571228547038) (4.332470964620153,-0.31013210168616) (4.364941929240305,-0.3086816644460358) (4.397412893860457,-0.3072199168266656) (4.400000000000002,-0.3071025517456861) (4.432470964620154,-0.3056285647863943) (4.464941929240306,-0.3041432396353893) (4.497412893860457,-0.3026465762926709) (4.500000000000003,-0.3025265186113575) (4.529181808345452,-0.301171465787651) (4.558363616690902,-0.2998072303703226) (4.587545425036351,-0.2984338123593724) (4.600000000000003,-0.297843728884401) (4.629181808345453,-0.2964571809717044) (4.658363616690902,-0.2950614222187284) (4.687545425036352,-0.2936564526254731) (4.700000000000004,-0.293052891118486) (4.729181808345453,-0.2916347474133758) (4.758363616690903,-0.2902073607133371) (4.787545425036352,-0.2887707310183703) (4.800000000000004,-0.2881536434962049) (4.829181808345454,-0.2867037889158259) (4.858363616690903,-0.2852446542903222) (4.887545425036353,-0.2837762396196939) (4.900000000000005,-0.283145570697711) (4.929181808345454,-0.281663872025687) (4.958363616690904,-0.2801728500052983) (4.987545425036354,-0.2786725046365449) (5,-0.2780285907906466) (5.026238513624458,-0.2766684142677835) (5.052477027248916,-0.2753006586521976) (5.078715540873374,-0.273925323943889) (5.100000000000001,-0.2728035160284337) (5.126238513624458,-0.2714144036359021) (5.152477027248916,-0.2700176616547135) (5.178715540873374,-0.268613290084868) (5.200000000000001,-0.2674678867523834) (5.226238513624459,-0.2660496336893384) (5.252477027248917,-0.2646236881905323) (5.278715540873375,-0.2631900502559651) (5.300000000000002,-0.2620208553162556) (5.326238513624459,-0.2605732041204475) (5.352477027248917,-0.2591177797018734) (5.378715540873375,-0.2576545820605333) (5.400000000000002,-0.2564613430043262) (5.42623851362446,-0.2549839582134258) (5.452477027248918,-0.2534986918451716) (5.478715540873376,-0.2520055438995634) (5.500000000000003,-0.2507879215149034) (5.526238513624461,-0.2492803444415961) (5.549844735500839,-0.2479175057999636) (5.573450957377218,-0.2465481629263987) (5.597057179253596,-0.2451723158209013) (5.600000000000002,-0.2449999878551678) (5.623606221876381,-0.2436166324421921) (5.64721244375276,-0.2422265795583377) (5.670818665629138,-0.2408298292036044) (5.694424887505517,-0.2394263813779923) (5.700000000000002,-0.2390933455070818) (5.723606221876381,-0.237681274365117) (5.747212443752759,-0.2362621616573131) (5.770818665629138,-0.2348360073836702) (5.794424887505516,-0.2334028115441881) (5.800000000000002,-0.2330626687803236) (5.82360622187638,-0.2316199665532159) (5.847212443752759,-0.2301694209543559) (5.870818665629137,-0.2287110319837436) (5.894424887505516,-0.227244799641379) (5.900000000000001,-0.2268966652395833) (5.92360622187638,-0.2254164806401522) (5.947212443752758,-0.2239241961630861) (5.970818665629137,-0.2224198118083849) (5.994424887505516,-0.2209033275760486) (6,-0.2205423198546521) (6.023606221876379,-0.2190240546885658) (6.047212443752757,-0.2175068662327581) (6.070818665629136,-0.2159907544872292) (6.094424887505514,-0.2144757194519789) (6.1,-0.2141181659214783) (6.123606221876378,-0.2125975743989763) (6.147212443752757,-0.2110711721011387) (6.170818665629136,-0.2095389590279654) (6.194424887505514,-0.2080009351794566) (6.199999999999999,-0.2076363257241237) (6.223606221876378,-0.2060911264186584) (6.247212443752757,-0.2045401239946967) (6.270818665629135,-0.2029833184522385) (6.294424887505514,-0.2014207097912839) (6.299999999999999,-0.2010502959167594) (6.323606221876378,-0.1994805217635199) (6.347212443752756,-0.1979049526481297) (6.368444518520727,-0.1964831552040207) (6.389676593288698,-0.1950566698149531) (6.399999999999999,-0.1943608082676017) (6.42123207476797,-0.1929273626235511) (6.442464149535941,-0.1914892360854831) (6.463696224303912,-0.1900464286533979) (6.484928299071883,-0.1885989403272953) (6.500000000000001,-0.18756811030141) (6.521232074767972,-0.1861126258843394) (6.542464149535943,-0.1846524681337551) (6.563696224303913,-0.1831876370496572) (6.584928299071884,-0.1817181326320455) (6.600000000000002,-0.1806716797336521) (6.621232074767973,-0.1791941927289581) (6.642464149535944,-0.1777120405277725) (6.663696224303915,-0.1762252231300953) (6.684928299071886,-0.1747337405359264) (6.700000000000004,-0.1736716920883995) (6.721232074767975,-0.1721722414761994) (6.742464149535945,-0.1706681344604505) (6.763696224303916,-0.1691593710411528) (6.784928299071887,-0.1676459512183062) (6.800000000000005,-0.166568336754324) (6.821232074767976,-0.1650469646989429) (6.842464149535947,-0.1635209457837926) (6.863696224303918,-0.161990280008873) (6.884928299071889,-0.1604549673741842) (6.900000000000007,-0.1593618189562584) (6.921232074767977,-0.1578185712728104) (6.942464149535948,-0.1562706871386659) (6.963696224303919,-0.1547181665538249) (6.98492829907189,-0.1531610095182875) (7,-0.1520523621254519) (7.021232074767971,-0.1504872888438103) (7.04033434203013,-0.1490754657036694) (7.059436609292289,-0.1476598988709924) (7.078538876554449,-0.1462405883457791) (7.097641143816608,-0.1448175341280297) (7.099999999999999,-0.1446413450386961) (7.119102267262158,-0.1432140950266949) (7.138204534524317,-0.1417831115128058) (7.157306801786476,-0.1403483944970288) (7.176409069048636,-0.1389099439793639) (7.195511336310795,-0.1374677599598111) (7.199999999999997,-0.137127997282062) (7.219102267262156,-0.1356812137751847) (7.238204534524315,-0.1342307080817831) (7.257306801786474,-0.1327764802018574) (7.276409069048634,-0.1313185301354075) (7.295511336310793,-0.1298568578824333) (7.299999999999994,-0.1295125185052974) (7.319102267262154,-0.1280462620820013) (7.338204534524313,-0.1265762961302919) (7.357306801786472,-0.125102620650169) (7.376409069048631,-0.1236252356416328) (7.395511336310791,-0.1221441411046832) (7.399999999999992,-0.1217952408405257) (7.419102267262152,-0.1203095793877609) (7.438204534524311,-0.1188202226866779) (7.45730680178647,-0.1173271707372768) (7.476409069048629,-0.1158304235395576) (7.495511336310789,-0.1143299810935203) (7.49999999999999,-0.1139765378001377) (7.519102267262149,-0.1124715480596456) (7.538204534524309,-0.1109628793366494) (7.557306801786468,-0.1094505316311491) (7.576409069048627,-0.1079345049431447) (7.595511336310786,-0.1064147992726362) (7.599999999999988,-0.1060568333158824) (7.619102267262147,-0.1045326029076901) (7.638204534524307,-0.1030047122516127) (7.657306801786466,-0.1014731613476502) (7.676409069048625,-0.09993795019580251) (7.695511336310784,-0.09839907879606974) (7.699999999999986,-0.09803661366556542) (7.719102267262145,-0.09649324379002411) (7.738204534524304,-0.09494623552619946) (7.757306801786464,-0.09339558887409148) (7.776409069048623,-0.09184130383370016) (7.793596206778194,-0.09043990080779717) (7.799999999999985,-0.08991665155239276) (7.817187137729555,-0.08851122664114097) (7.834374275459126,-0.08710287728272655) (7.851561413188697,-0.08569160347714948) (7.868748550918268,-0.08427740522440978) (7.885935688647838,-0.08286028252450744) (7.899999999999987,-0.08169825161946088) (7.917187137729558,-0.08027583668693158) (7.934374275459128,-0.07885052260991339) (7.951561413188699,-0.07742230938840632) (7.96874855091827,-0.07599119702241036) (7.985935688647841,-0.07455718551192553) (8,-0.07338135512325059) (8.01718713772957,-0.07194210331622315) (8.03437427545914,-0.0704999835955006) (8.051561413188709,-0.0690549959610829) (8.068748550918279,-0.06760714041297007) (8.085935688647849,-0.0661564169511621) (8.099999999999998,-0.0649669366545854) (8.117187137729568,-0.06351103810351467) (8.134374275459137,-0.06205231128973102) (8.151561413188707,-0.06059075621323443) (8.168748550918277,-0.05912637287402491) (8.185935688647847,-0.05765916127210247) (8.199999999999996,-0.05645622110361059) (8.217187137729566,-0.05498391906738267) (8.234374275459135,-0.05350884097682377) (8.251561413188705,-0.0520309868319339) (8.268748550918275,-0.05055035663271305) (8.285935688647845,-0.04906695037916123) (8.299999999999994,-0.04785080077746479) (8.317187137729563,-0.04636241899612905) (8.334374275459133,-0.04487133334463241) (8.351561413188703,-0.04337754382297487) (8.368748550918273,-0.04188105043115644) (8.385935688647843,-0.04038185316917711) (8.399999999999991,-0.03915284078358235) (8.417187137729561,-0.0376488340044226) (8.434374275459131,-0.0361422302970776) (8.451561413188701,-0.03463302966154735) (8.468748550918271,-0.03312123209783183) (8.485935688647841,-0.03160683760593107) (8.499999999999989,-0.03036547677050117) (8.517187137729559,-0.0288465363477246) (8.534374275459129,-0.02732517507197242) (8.551561413188699,-0.02580139294324464) (8.568748550918269,-0.02427518996154125) (8.585935688647838,-0.02274656612686225) (8.599999999999987,-0.02149370543999056) (8.617187137729557,-0.0199610278319696) (8.632651400119585,-0.01858031104862028) (8.648115662509612,-0.01719791621790485) (8.66357992489964,-0.01581384333982332) (8.679044187289668,-0.01442809241437567) (8.694508449679695,-0.0130406634415619) (8.699999999999987,-0.01254737440460739) (8.715464262390014,-0.01115850907222223) (8.730928524780042,-0.009768803275583436) (8.74639278717007,-0.008378257014691007) (8.761857049560097,-0.006986870289544944) (8.777321311950125,-0.005594643100145244) (8.792785574340153,-0.00420157544649191) (8.799999999999986,-0.00355128600884211) (8.815464262390014,-0.00239646556103524) (8.830928524780042,-0.001480284414522047) (8.846392787170069,-0.00080274256930253) (8.861857049560097,-0.0003638400253766895) (8.877321311950125,-0.0001635767827445251) (8.892785574340152,-0.000201952841406037) (8.899999999999986,-0.0003311867272923655) (8.915464262390014,-0.0004805888796856214) (8.930928524780041,-0.000629686533036383) (8.946392787170069,-0.0007784796873446502) (8.961857049560097,-0.000926968342610423) (8.977321311950124,-0.001075152498833702) (8.992785574340152,-0.001223032156014486) (9,-0.001291879281132695) (9.015464262390028,-0.001436920469105027) (9.030928524780055,-0.001579265243509853) (9.046392787170083,-0.001718913604347172) (9.061857049560111,-0.001855865551616986) (9.077321311950138,-0.001990121085319293) (9.092785574340166,-0.002121680205454093) (9.1,-0.002181797551720434) (9.115464262390027,-0.00230927023381269) (9.130928524780055,-0.002433914415340461) (9.146392787170083,-0.002555730096303746) (9.16185704956011,-0.002674717276702545) (9.177321311950138,-0.002790875956536858) (9.192785574340165,-0.002904206135806686) (9.199999999999999,-0.002955757650272757) (9.215464262390027,-0.003064795100178102) (9.230928524780055,-0.003170859379747168) (9.246392787170082,-0.003273950488979957) (9.26185704956011,-0.003374068427876467) (9.277321311950137,-0.0034712131964367) (9.292785574340165,-0.003565384794660654) (9.299999999999999,-0.003607930909159702) (9.315464262390027,-0.003697582961908233) (9.330928524780054,-0.003784102519906692) (9.346392787170082,-0.003867489583155078) (9.361857049560109,-0.003947744151653393) (9.377321311950137,-0.004024866225401636) (9.392785574340165,-0.004098855804399807) (9.399999999999999,-0.004131912225319708) (9.415464262390026,-0.004201131391041866) (9.430928524780054,-0.004267041522630077) (9.446392787170081,-0.004329642620084342) (9.461857049560109,-0.004388934683404661) (9.477321311950137,-0.004444917712591033) (9.492785574340164,-0.004497591707643458) (9.499999999999998,-0.004520621570417688) (9.515464262390026,-0.004568245835331816) (9.530928524780053,-0.004612364108836538) (9.546392787170081,-0.004652976390931853) (9.561857049560109,-0.004690082681617762) (9.577321311950136,-0.004723682980894265) (9.592785574340164,-0.004753777288761361) (9.599999999999998,-0.004766181335437901) (9.615464262390025,-0.004790912590818232) (9.630928524780053,-0.004811916417432427) (9.646392787170081,-0.004829192815280488) (9.661857049560108,-0.004842741784362414) (9.677321311950136,-0.004852563324678204) (9.692785574340164,-0.00485865743622786) (9.699999999999998,-0.00485976154689098) (9.715464262390025,-0.004860138150509315) (9.730928524780053,-0.004856536175416318) (9.74639278717008,-0.00484895562161199) (9.761857049560108,-0.004837396489096331) (9.777321311950136,-0.004821858777869341) (9.792785574340163,-0.00480234248793102) (9.799999999999997,-0.004791381604121275) (9.815464262390025,-0.004765742916546867) (9.830928524780052,-0.004735837927645448) (9.84639278717008,-0.004701666637417019) (9.861857049560108,-0.004663229045861578) (9.877321311950135,-0.004620525152979127) (9.892785574340163,-0.004573554958769665) (9.899999999999997,-0.004549651983070242) (9.915464262390024,-0.00449609168855983) (9.930928524780052,-0.004437931619118659) (9.94639278717008,-0.00437517177474673) (9.956392787170079,-0.004332664542586576) (9.966426363359311,-0.004288078211444667) (9.97648251109592,-0.004241446480986228) (9.986552924250931,-0.004192797979536503) (9.996631346332277,-0.004142157064127527) (10,-0.004124577399180612) (10.01008172656627,-0.004071145119240815) (10.02016345313254,-0.004015591313762994) (10.0302451796988,-0.003957915982747147) (10.04032690626507,-0.003898119126193275) (10.05040863283134,-0.003836200744101379) (10.06049035939761,-0.003772160836471457) (10.07057208596388,-0.003705999403303511) (10.08065381253014,-0.00363771644459754) (10.09073553909641,-0.003567311960353544) (10.1,-0.003500665203203115) (10.11008172656627,-0.003425990819560906) (10.12016345313254,-0.003348996082590179) (10.13024517969881,-0.003269680992290934) (10.14032690626508,-0.00318804554866317) (10.15040863283135,-0.003104089751706888) (10.16049035939761,-0.003017813601422088) (10.17057208596388,-0.00292921709780877) (10.18065381253015,-0.002838300240866934) (10.19073553909642,-0.002745063030596579) (10.20000000000001,-0.002657251750833613) (10.21008172656628,-0.002559319845261933) (10.22016345313255,-0.002458825500461662) (10.23024517969881,-0.002355768716432801) (10.24032690626508,-0.002250149493175349) (10.25040863283135,-0.002141967830689307) (10.26049035939762,-0.002031223728974674) (10.27057208596389,-0.00191791718803145) (10.28065381253015,-0.001802048207859635) (10.29073553909642,-0.00168361678845923) (10.30000000000001,-0.001572431182950585) (10.31008172656628,-0.001448780669945323) (10.32016345313255,-0.001322265780842674) (10.33024517969882,-0.001192886515642636) (10.34032690626509,-0.001060642874345212) (10.35040863283136,-0.0009255348569503991) (10.36049035939762,-0.0007875624634581989) (10.37057208596389,-0.0006467256938686111) (10.38065381253016,-0.0005030245481816356) (10.39073553909643,-0.0003564590263972725) (10.40000000000002,-0.0002191425223586462) (10.41008172656629,-6.669222891822746e-05) (10.42016345313256,8.901065802969233e-05) (10.43024517969882,0.0002479661384851133) (10.44032690626509,0.0004101742124480353) (10.45040863283136,0.0005756348799184583) (10.46049035939763,0.0007443481408963825) (10.4705720859639,0.0009163139953818077) (10.48065381253016,0.001091532443374734) (10.49073553909643,0.001270003484875161) (10.50000000000002,0.00143699586467473) (10.51008172656629,0.001622227791188532) (10.52016345313256,0.001811231677635519) (10.53024517969883,0.002004007524015693) (10.5403269062651,0.002200555330329052) (10.55040863283137,0.002400875096575597) (10.56049035939763,0.002604966822755328) (10.5705720859639,0.002812830508868244) (10.58065381253017,0.003024466154914347) (10.59073553909644,0.003239873760893634) (10.60000000000003,0.003441285741858926) (10.6100817265663,0.003664664896826373) (10.62016345313257,0.003892549411225932) (10.63024517969883,0.004124939285057604) (10.6403269062651,0.004361834518321388) (10.65040863283137,0.004603235111017284) (10.66049035939764,0.004849141063145292) (10.67057208596391,0.005099552374705414) (10.68065381253017,0.005354469045697647) (10.69073553909644,0.005613891076121993) (10.70000000000003,0.005856423440855372) (10.7100817265663,0.006125610642188152) (10.72016345313257,0.006400422877713589) (10.73024517969884,0.006680860147431683) (10.74032690626511,0.006966922451342434) (10.75040863283138,0.007258609789445843) (10.76049035939764,0.007555922161741909) (10.77057208596391,0.00785885956823063) (10.78065381253018,0.008167422008912011) (10.79073553909645,0.008481609483786047) (10.80000000000004,0.008775496693209237) (10.81008172656631,0.009102411533722259) (10.82016345313258,0.009436884693777181) (10.83024517969884,0.009778916173374005) (10.84032690626511,0.01012850597251273) (10.85040863283138,0.01048565409119335) (10.86049035939765,0.01085036052941588) (10.87057208596392,0.0112226252871803) (10.88065381253018,0.01160244836448663) (10.89073553909645,0.01198982976133485) (10.90000000000004,0.01235275406182266) (10.91008172656631,0.01275882325182891) (10.92016345313258,0.01317663462350168) (10.93024517969885,0.01360618817684098) (10.94032690626512,0.0140474839118468) (10.95040863283138,0.01450052182851915) (10.96049035939765,0.01496530192685802) (10.97057208596392,0.01544182420686342) (10.98065381253019,0.01593008866853534) (10.99073553909646,0.01643009531187378) (11,0.0169003597006721) (11.01008172656627,0.01743913979616584) (11.02016345313254,0.01800590303103884) (11.0302451796988,0.0186006494052911) (11.04032690626507,0.01922337891892263) (11.05040863283134,0.01987409157193342) (11.06049035939761,0.02055278736432348) (11.07057208596388,0.0212594662960928) (11.08065381253014,0.02199412836724139) (11.09073553909641,0.02275677357776924) (11.1,0.02348331038561064) (11.11008172656627,0.02432894711695614) (11.12016345313254,0.02523186065656138) (11.13024517969881,0.02619205100442637) (11.14032690626508,0.0272095181605511) (11.15040863283135,0.02828426212493558) (11.16049035939761,0.0294162828975798) (11.17057208596388,0.03060558047848377) (11.18065381253015,0.03185215486764748) (11.19073553909642,0.03315600606507094) (11.20000000000001,0.03440679551175442) (11.21008172656628,0.03576907828974677) (11.22016345313255,0.03713715893052991) (11.23024517969881,0.03851103743410384) (11.24032690626508,0.03989071380046856) (11.25040863283135,0.04127618802962407) (11.26049035939762,0.04266746012157038) (11.27057208596389,0.04406453007630746) (11.28065381253015,0.04546739789383535) (11.29073553909642,0.04687606357415402) (11.30000000000001,0.04817586496318783) (11.31008172656628,0.04959724428762913) (11.32016345313255,0.05102600939168529) (11.33024517969882,0.05246216027535628) (11.34032690626509,0.05390569693864212) (11.35040863283136,0.0553566193815428) (11.36049035939762,0.05681492760405833) (11.37057208596389,0.05828062160618871) (11.38065381253016,0.05975370138793393) (11.39073553909643,0.06123416694929399) (11.40000000000002,0.06260140702352286) (11.41008172656629,0.06409942920781904) (11.42016345313256,0.06560822095670032) (11.43024517969882,0.06712778227016672) (11.44032690626509,0.06865811314821821) (11.45040863283136,0.07019921359085481) (11.46049035939763,0.0717510835980765) (11.4705720859639,0.0733137231698833) (11.48065381253016,0.07488713230627519) (11.49073553909643,0.0764713110072522) (11.50000000000002,0.07793696629480898) (11.51008172656629,0.07955428390455001) (11.52016345313256,0.08119484388307338) (11.53024517969883,0.0828586462303791) (11.5403269062651,0.08454569094646716) (11.55040863283137,0.08625597803133757) (11.56049035939763,0.08798950748499032) (11.5705720859639,0.08974627930742543) (11.58065381253017,0.09152629349864289) (11.59073553909644,0.09332955005864269) (11.60000000000003,0.0950079855731281) (11.6100817265663,0.09688944235431678) (11.62016345313257,0.09882774110863278) (11.63024517969883,0.1008228818360761) (11.6403269062651,0.1028748645366468) (11.65040863283137,0.1049836892103448) (11.66049035939764,0.1071493558571702) (11.67057208596391,0.1093718644771229) (11.68065381253017,0.1116512150702029) (11.69073553909644,0.1139874076364102) (11.70000000000003,0.1161864530861044) (11.7100817265663,0.118579803549646) (11.72016345313257,0.1209780777783761) (11.73024517969884,0.1233812757722945) (11.74032690626511,0.1257893975314013) (11.75040863283138,0.1282024430556966) (11.76049035939764,0.1306204123451802) (11.77057208596391,0.1330433053998522) (11.78065381253018,0.1354711222197126) (11.79073553909645,0.1379038628047614) (11.80000000000004,0.1401439201917982) (11.81008172656631,0.1425871162979275) (11.82016345313258,0.1450362433003337) (11.83024517969884,0.1474913011990166) (11.84032690626511,0.1499522899939763) (11.85040863283138,0.1524192096852127) (11.86049035939765,0.154892060272726) (11.87057208596392,0.157370841756516) (11.88065381253018,0.1598555541365828) (11.89073553909645,0.1623461974129264) (11.90000000000004,0.1646403891531138) (11.91008172656631,0.1671446763715245) (11.92016345313258,0.1696571574182428) (11.93024517969885,0.1721778322932686) (11.94032690626512,0.1747067009966019) (11.95040863283138,0.1772437635282428) (11.96049035939765,0.1797890198881912) (11.97057208596392,0.182342470076447) (11.98065381253019,0.1849041140930105) (11.99073553909646,0.1874739519378814) (12,0.1898429979031129) (12.01008172656627,0.1924385946197425) (12.02016345313254,0.1950524206047926) (12.0302451796988,0.1976844758582634) (12.04032690626507,0.2003347603801547) (12.05040863283134,0.2030032741704667) (12.06049035939761,0.2056900172291993) (12.07057208596388,0.2083949895563526) (12.08065381253014,0.2111181911519264) (12.09073553909641,0.2138596220159208) (12.1,0.2163955729005148) (12.11008172656627,0.21917217086558) (12.12016345313254,0.2219671844017598) (12.13024517969881,0.2247806135090544) (12.14032690626508,0.2276124581874636) (12.15040863283135,0.2304627184369875) (12.16049035939761,0.233331394257626) (12.17057208596388,0.2362184856493793) (12.18065381253015,0.2391239926122471) (12.19073553909642,0.2420479151462297) (12.20000000000001,0.2447517353858133) (12.21008172656628,0.2476955919715198) (12.22016345313255,0.2506424598787523) (12.23024517969881,0.2535923391075108) (12.24032690626508,0.2565452296577954) (12.25040863283135,0.259501131529606) (12.26049035939762,0.2624600447229426) (12.27057208596389,0.2654219692378053) (12.28065381253015,0.268386905074194) (12.29073553909642,0.2713548522321088) (12.30000000000001,0.2740849727623628) (12.31008172656628,0.2770588306783975) (12.32016345313255,0.2800358321409677) (12.33024517969882,0.2830159771500733) (12.34032690626509,0.2859992657057144) (12.35040863283136,0.288985697807891) (12.36049035939762,0.291975273456603) (12.37057208596389,0.2949679926518504) (12.38065381253016,0.2979638553936333) (12.39073553909643,0.3009628616819517) (12.40000000000002,0.3037216450697881) (12.41008172656629,0.3067270124950351) (12.42016345313256,0.3097358523393127) (12.43024517969882,0.3127481646026207) (12.44032690626509,0.3157639492849592) (12.45040863283136,0.3187832063863282) (12.46049035939763,0.3218059359067277) (12.4705720859639,0.3248321378461578) (12.48065381253016,0.3278618122046183) (12.49073553909643,0.3308949589821093) (12.50000000000002,0.3336854175052951) (12.51008172656629,0.3367275741759355) (12.52016345313256,0.3397755498090708) (12.53024517969883,0.3428293444047011) (12.5403269062651,0.3458889579628264) (12.55040863283137,0.3489543904834466) (12.56049035939763,0.3520256419665618) (12.5705720859639,0.3551027124121721) (12.58065381253017,0.3581856018202773) (12.59073553909644,0.3612743101908774) (12.60000000000003,0.3641179825821204) (12.6100817265663,0.3672107370683003) (12.62016345313257,0.3703021904162754) (12.63024517969883,0.3733923426260459) (12.6403269062651,0.3764811936976117) (12.65040863283137,0.3795687436309729) (12.66049035939764,0.3826549924261293) (12.67057208596391,0.3857399400830811) (12.68065381253017,0.3888235866018282) (12.69073553909644,0.3919059319823706) (12.70000000000003,0.3947372142769015) (12.7100817265663,0.397818835553309) (12.72016345313257,0.4009009283882439) (12.73024517969884,0.4039834927817062) (12.74032690626511,0.4070665287336959) (12.75040863283138,0.4101500362442131) (12.76049035939764,0.4132340153132577) (12.77057208596391,0.4163184659408297) (12.78065381253018,0.4194033881269292) (12.79073553909645,0.422488781871556) (12.80000000000004,0.4253244944121519) (12.81008172656631,0.4284097757575443) (12.82016345313258,0.4314945113716224) (12.83024517969884,0.4345787012543861) (12.84032690626511,0.4376623454058356) (12.85040863283138,0.4407454438259708) (12.86049035939765,0.4438279965147916) (12.87057208596392,0.4469100034722981) (12.88065381253018,0.4499914646984904) (12.89073553909645,0.4530723801933683) (12.90000000000004,0.4559030426851113) (12.91008172656631,0.4589801943817827) (12.92016345313258,0.4620540837723673) (12.93024517969885,0.465124710856865) (12.94032690626512,0.4681920756352758) (12.95040863283138,0.4712561781075997) (12.96049035939765,0.4743170182738368) (12.97057208596392,0.477374596133987) (12.98065381253019,0.4804289116880503) (12.99073553909646,0.4834799649360267) (13,0.486280689577571) (13.01008172656627,0.4892926281586939) (13.02016345313254,0.4922684499232817) (13.0302451796988,0.4952081548713343) (13.04032690626507,0.4981117430028519) (13.05040863283134,0.5009792143178344) (13.06049035939761,0.5038105688162818) (13.07057208596388,0.5066058064981941) (13.08065381253014,0.5093649273635713) (13.09073553909641,0.5120879314124134) (13.1,0.5145570086634624) (13.11008172656627,0.5172364274327167) (13.12016345313254,0.5199054499632239) (13.13024517969881,0.5225640762549838) (13.14032690626508,0.5252123063079965) (13.15040863283135,0.5278501401222621) (13.16049035939761,0.5304775776977804) (13.17057208596388,0.5330946190345516) (13.18065381253015,0.5357012641325756) (13.19073553909642,0.5382975129918524) (13.20000000000001,0.5406737459067087) (13.21008172656628,0.5432611030400797) (13.22016345313255,0.545849121924996) (13.23024517969881,0.5484378025614576) (13.24032690626508,0.5510271449494644) (13.25040863283135,0.5536171490890164) (13.26049035939762,0.5562078149801136) (13.27057208596389,0.5587991426227562) (13.28065381253015,0.561391132016944) (13.29073553909642,0.5639837831626771) (13.30000000000001,0.5663668715939784) (13.31008172656628,0.5689607209488793) (13.32016345313255,0.5715551604056681) (13.33024517969882,0.574150189964345) (13.34032690626509,0.5767458096249097) (13.35040863283136,0.5793420193873625) (13.36049035939762,0.5819388192517032) (13.37057208596389,0.5845362092179318) (13.38065381253016,0.5871341892860484) (13.39073553909643,0.589732759456053) (13.40000000000002,0.5921212212500562) (13.41008172656629,0.5947208452488955) (13.42016345313256,0.597320980810735) (13.43024517969882,0.5999216279355748) (13.44032690626509,0.6025227866234147) (13.45040863283136,0.6051244568742549) (13.46049035939763,0.6077266386880953) (13.4705720859639,0.6103293320649359) (13.48065381253016,0.6129325370047767) (13.49073553909643,0.6155362535076176) (13.50000000000002,0.6179293722796292) (13.51008172656629,0.6205339838937298) (13.52016345313256,0.6231390205254623) (13.53024517969883,0.6257444821748268) (13.5403269062651,0.6283503688418232) (13.55040863283137,0.6309566805264515) (13.56049035939763,0.6335634172287117) (13.5705720859639,0.6361705789486037) (13.58065381253017,0.6387781656861278) (13.59073553909644,0.6413861774412837) (13.60000000000003,0.6437831637453797) (13.6100817265663,0.6463918951544326) (13.62016345313257,0.6490009556534045) (13.63024517969883,0.6516103452422954) (13.6403269062651,0.6542200639211053) (13.65040863283137,0.6568301116898342) (13.66049035939764,0.6594404885484819) (13.67057208596391,0.6620511944970486) (13.68065381253017,0.6646622295355343) (13.69073553909644,0.667273593663939) (13.70000000000003,0.6696735724328824) (13.7100817265663,0.6722854610393317) (13.72016345313257,0.6748975717112711) (13.73024517969884,0.6775099044487003) (13.74032690626511,0.6801224592516195) (13.75040863283138,0.6827352361200286) (13.76049035939764,0.6853482350539277) (13.77057208596391,0.6879614560533167) (13.78065381253018,0.6905748991181957) (13.79073553909645,0.6931885642485646) (13.81008172656631,0.6982045301165577) (13.82016345313258,0.7008186028706999) (13.83024517969884,0.7034327774047485) (13.84032690626511,0.7060470537187037) (13.85040863283138,0.7086614318125654) (13.86049035939765,0.7112759116863335) (13.87057208596392,0.7138904933400082) (13.88065381253018,0.7165051767735894) (13.92016345313258,0.7267525294953161) (13.94032690626512,0.7319820451988234) (13.96049035939765,0.7372114227412467) (13.98065381253019,0.7424406621225864) (14,0.7474578186616756) (14.01008172656627,0.7500721642925445) (14.02016345313254,0.7526863194143156) (14.0302451796988,0.7553002840269888) (14.04032690626507,0.757914058130564) (14.05040863283134,0.7605276417250413) (14.06049035939761,0.7631410348104206) (14.07057208596388,0.765754237386702) (14.08065381253014,0.7683672494538855) (14.09073553909641,0.770980071011971) (14.1,0.7733809115872194) (14.11008172656627,0.7759931871520566) (14.12016345313254,0.7786050917893026) (14.13024517969881,0.7812166254989577) (14.14032690626508,0.7838277882810217) (14.15040863283135,0.7864385801354948) (14.16049035939761,0.789049001062377) (14.17057208596388,0.791659051061668) (14.18065381253015,0.7942687301333681) (14.19073553909642,0.7968780382774772) (14.20000000000001,0.799275484457304) (14.21008172656628,0.8018838694255167) (14.22016345313255,0.8044916720765284) (14.23024517969881,0.8070988924103391) (14.24032690626508,0.8097055304269487) (14.25040863283135,0.8123115861263573) (14.26049035939762,0.814917059508565) (14.27057208596389,0.8175219505735717) (14.28065381253015,0.8201262593213774) (14.29073553909642,0.8227299857519821) (14.30000000000001,0.8251221084411389) (14.31008172656628,0.8277244659892753) (14.32016345313255,0.8303259897671494) (14.33024517969882,0.8329266797747613) (14.34032690626509,0.8355265360121109) (14.35040863283136,0.8381255584791981) (14.36049035939762,0.8407237471760231) (14.37057208596389,0.8433211021025857) (14.38065381253016,0.8459176232588861) (14.39073553909643,0.8485133106449241) (14.40000000000002,0.8508978148978299) (14.41008172656629,0.8534915977407007) (14.42016345313256,0.8560842422218661) (14.43024517969882,0.858675748341326) (14.44032690626509,0.8612661160990804) (14.45040863283136,0.8638553454951294) (14.46049035939763,0.866443436529473) (14.4705720859639,0.8690303892021111) (14.48065381253016,0.8716162035130437) (14.49073553909643,0.8742008794622709) (14.50000000000002,0.8765749850100885) (14.51008172656629,0.8791570992694476) (14.52016345313256,0.8817376979204253) (14.53024517969883,0.8843167809630216) (14.5403269062651,0.8868943483972364) (14.55040863283137,0.8894704002230697) (14.56049035939763,0.8920449364405215) (14.5705720859639,0.8946179570495919) (14.58065381253017,0.8971894620502808) (14.59073553909644,0.8997594514425883) (14.60000000000003,0.9021197143198518) (14.6100817265663,0.9046863149524818) (14.62016345313257,0.9072509195724504) (14.63024517969883,0.9098135281797579) (14.6403269062651,0.9123741407744042) (14.65040863283137,0.9149327573563892) (14.66049035939764,0.9174893779257131) (14.67057208596391,0.9200440024823757) (14.68065381253017,0.9225966310263771) (14.69073553909644,0.9251472635577174) (14.70000000000003,0.9274892972589458) (14.7100817265663,0.9300354654885665) (14.72016345313257,0.9325790036242436) (14.73024517969884,0.9351199116659771) (14.74032690626511,0.937658189613767) (14.75040863283138,0.9401938374676133) (14.76049035939764,0.942726855227516) (14.77057208596391,0.9452572428934751) (14.78065381253018,0.9477850004654906) (14.79073553909645,0.9503101279435625) (14.80000000000004,0.952628141454548) (14.81008172656631,0.9551473439358373) (14.82016345313258,0.957663038308201) (14.83024517969884,0.9601752245716388) (14.84032690626511,0.9626839027261509) (14.85040863283138,0.9651890727717372) (14.86049035939765,0.9676907347083976) (14.87057208596392,0.9701888885361323) (14.88065381253018,0.9726835342549411) (14.89073553909645,0.9751746718648242) (14.90000000000004,0.9774606440247271) (14.91008172656631,0.9799437490312237) (14.92016345313258,0.9824220451617157) (14.93024517969885,0.9848955324162031) (14.94032690626512,0.9873642107946859) (14.95040863283138,0.9898280802971642) (14.96049035939765,0.9922871409236378) (14.97057208596392,0.9947413926741068) (14.98065381253019,0.9971908355485712) (14.99073553909646,0.9996354695470311) (15,1.001877512545322) (15.01008172656627,1.004310783213039) (15.02016345313254,1.006737109599016) (15.0302451796988,1.009156491703254) (15.04032690626507,1.011568929525752) (15.05040863283134,1.013974423066511) (15.06049035939761,1.016372972325529) (15.07057208596388,1.018764577302809) (15.08065381253014,1.021149237998348) (15.09073553909641,1.023526954412149) (15.1,1.025705542135633) (15.11008172656627,1.028065752180817) (15.12016345313254,1.030414837207469) (15.13024517969881,1.032752797215589) (15.14032690626508,1.035079632205178) (15.15040863283135,1.037395342176236) (15.16049035939761,1.039699927128761) (15.17057208596388,1.041993387062756) (15.18065381253015,1.044275721978219) (15.19073553909642,1.04654693187515) (15.20000000000001,1.048623805102875) (15.21008172656628,1.050861649548512) (15.22016345313255,1.053076351722242) (15.23024517969881,1.055267911624067) (15.24032690626508,1.057436329253986) (15.25040863283135,1.059581604611999) (15.26049035939762,1.061703737698107) (15.27057208596389,1.063802728512308) (15.28065381253015,1.065878577054604) (15.29073553909642,1.067931283324994) (15.30000000000001,1.069796322630682) (15.31008172656628,1.071726121425071) (15.32016345313255,1.073554279008903) (15.33024517969882,1.075280795382178) (15.34032690626509,1.076905670544896) (15.35040863283136,1.078428904497057) (15.36049035939762,1.079850497238661) (15.37057208596389,1.081170448769708) (15.38065381253016,1.082388759090197) (15.39073553909643,1.083505428200131) (15.40000000000002,1.084438173819446) (15.41008172656629,1.085433812510204) (15.42016345313256,1.086401822543399) (15.43024517969882,1.087342203919033) (15.44032690626509,1.088254956637106) (15.45040863283136,1.089140080697616) (15.46049035939763,1.089997576100565) (15.4705720859639,1.090827442845952) (15.48065381253016,1.091629680933778) (15.49073553909643,1.092404290364041) (15.50000000000002,1.093090717844388) (15.51008172656629,1.093839345843176) (15.52016345313256,1.094587381376962) (15.53024517969883,1.095334824445747) (15.5403269062651,1.096081675049531) (15.55040863283137,1.096827933188314) (15.56049035939763,1.097573598862095) (15.5705720859639,1.098318672070875) (15.58065381253017,1.099063152814653) (15.59073553909644,1.099807041093431) (15.60000000000003,1.100490082332575) (15.6100817265663,1.10123275226117) (15.62016345313257,1.101974748276968) (15.63024517969883,1.102716070379967) (15.6403269062651,1.10345671857017) (15.65040863283137,1.104196692847574) (15.66049035939764,1.104935993212181) (15.67057208596391,1.10567461966399) (15.68065381253017,1.106412572203002) (15.69073553909644,1.107149850829215) (15.70000000000003,1.107826743375744) (15.7100817265663,1.108562634727124) (15.72016345313257,1.109297758086362) (15.73024517969884,1.110032113453459) (15.74032690626511,1.110765700828413) (15.75040863283138,1.111498520211226) (15.76049035939764,1.112230571601897) (15.77057208596391,1.112961855000425) (15.78065381253018,1.113692370406812) (15.79073553909645,1.114422117821058) (15.80000000000004,1.115092003213327) (15.81008172656631,1.115820166871565) (15.82016345313258,1.116547452509377) (15.83024517969884,1.117273860126764) (15.84032690626511,1.117999389723727) (15.85040863283138,1.118724041300264) (15.86049035939765,1.119447814856376) (15.87057208596392,1.120170710392062) (15.88065381253018,1.120892727907324) (15.89073553909645,1.121613867402161) (15.90000000000004,1.122275741558952) (15.91008172656631,1.122995065609407) (15.92016345313258,1.123713381060008) (15.93024517969885,1.124430687910753) (15.94032690626512,1.125146986161643) (15.95040863283138,1.125862275812679) (15.96049035939765,1.12657655686386) (15.97057208596392,1.127289829315187) (15.98065381253019,1.128002093166658) (15.99073553909646,1.128713348418275) (16,1.129366019594576) (16.01008172656627,1.130075181698533) (16.02016345313253,1.130783177493487) (16.0302451796988,1.131490006979439) (16.04032690626507,1.132195670156389) (16.05040863283133,1.132900167024336) (16.0604903593976,1.133603497583282) (16.07057208596386,1.134305661833225) (16.08065381253013,1.135006659774166) (16.0907355390964,1.135706491406105) (16.09999999999999,1.136348520083087) (16.11008172656625,1.137045919055711) (16.12016345313252,1.137741957132283) (16.13024517969879,1.138436634312803) (16.14032690626505,1.139129950597269) (16.15040863283132,1.139821905985684) (16.16049035939758,1.140512500478046) (16.17057208596385,1.141201734074355) (16.18065381253012,1.141889606774612) (16.19073553909638,1.142576118578817) (16.19999999999997,1.143205728374313) (16.20999999999998,1.143883853094922) (16.21999999999998,1.144560396313796) (16.22999999999998,1.145235358030933) (16.23999999999998,1.145908738246334) (16.24999999999998,1.146580536959999) (16.25999999999998,1.147250754171927) (16.26999999999999,1.14791938988212) (16.27999999999999,1.148586444090576) (16.28999999999999,1.149251916797296) (16.29999999999999,1.14991580800228) (16.30999999999999,1.150577799677815) (16.31999999999999,1.151237891823899) (16.32999999999999,1.151896084440535) (16.34,1.15255237752772) (16.35,1.153206771085456) (16.36,1.153859265113743) (16.37,1.15450985961258) (16.38,1.155158554581967) (16.39,1.155805350021905) (16.40000000000001,1.156450245932393) (16.41000000000001,1.157092806076032) (16.42000000000001,1.157733030452822) (16.43000000000001,1.158370919062764) (16.44000000000001,1.159006471905856) (16.45000000000001,1.1596396889821) (16.46000000000002,1.160270570291494) (16.47000000000002,1.16089911583404) (16.48000000000002,1.161525325609737) (16.49000000000002,1.162149199618585) (16.50000000000002,1.162770737860584) (16.51000000000002,1.163389303001094) (16.52000000000002,1.164004895040115) (16.53000000000003,1.164617513977647) (16.54000000000003,1.16522715981369) (16.55000000000003,1.165833832548244) (16.56000000000003,1.166437532181308) (16.57000000000003,1.167038258712884) (16.58000000000003,1.16763601214297) (16.59000000000004,1.168230792471567) (16.60000000000004,1.168822599698676) (16.61000000000004,1.169410410668402) (16.62000000000004,1.169994225380747) (16.63000000000004,1.17057404383571) (16.64000000000004,1.171149866033292) (16.65000000000004,1.171721691973491) (16.66000000000005,1.172289521656309) (16.67000000000005,1.172853355081745) (16.68000000000005,1.1734131922498) (16.69000000000005,1.173969033160473) (16.70000000000005,1.174520877813764) (16.71000000000005,1.175066804058083) (16.72000000000006,1.175606811893429) (16.73000000000006,1.176140901319803) (16.74000000000006,1.176669072337206) (16.75000000000006,1.177191324945635) (16.76000000000006,1.177707659145093) (16.77000000000006,1.178218074935578) (16.78000000000007,1.178722572317092) (16.79000000000007,1.179221151289633) (16.80000000000007,1.179713811853202) (16.81000000000007,1.180195570470844) (16.82000000000007,1.18066642714256) (16.83000000000007,1.181126381868349) (16.84000000000007,1.181575434648211) (16.85000000000008,1.182013585482148) (16.86000000000008,1.182440834370157) (16.87000000000008,1.18285718131224) (16.88000000000008,1.183262626308397) (16.89000000000008,1.183657169358627) (16.90000000000008,1.18404081046293) (16.91000000000009,1.18436741385322) (16.92000000000009,1.184636979529496) (16.93000000000009,1.184849507491758) (16.94000000000009,1.185004997740006) (16.95000000000009,1.18510345027424) (16.96000000000009,1.185144865094461) (16.97000000000009,1.185129242200668) (16.9800000000001,1.185056581592861) (16.9900000000001,1.18492688327104) (17,1.184740147235205) (17.01,1.184535895251591) (17.02,1.184314127320196) (17.03,1.18407484344102) (17.04000000000001,1.183818043614065) (17.05000000000001,1.183543727839329) (17.06000000000001,1.183251896116813) (17.07000000000001,1.182942548446517) (17.08000000000001,1.18261568482844) (17.09000000000001,1.182271305262584) (17.10000000000002,1.181909409748947) (17.11000000000002,1.181547783330346) (17.12000000000002,1.181186426006782) (17.13000000000002,1.180825337778254) (17.14000000000002,1.180464518644763) (17.15000000000002,1.180103968606308) (17.16000000000003,1.179743687662889) (17.17000000000003,1.179383675814507) (17.18000000000003,1.17902393306116) (17.19000000000003,1.178664459402851) (17.20000000000003,1.178305254839577) (17.21000000000003,1.177946356187427) (17.22000000000003,1.1775877634464) (17.23000000000004,1.177229476616497) (17.24000000000004,1.176871495697716) (17.25000000000004,1.176513820690059) (17.26000000000004,1.176156451593525) (17.27000000000004,1.175799388408114) (17.28000000000004,1.175442631133827) (17.29000000000005,1.175086179770663) (17.30000000000005,1.174730034318622) (17.31000000000005,1.174374237397843) (17.32000000000005,1.174018789008328) (17.33000000000005,1.173663689150075) (17.34000000000005,1.173308937823085) (17.35000000000005,1.172954535027357) (17.36000000000006,1.172600480762892) (17.37000000000006,1.172246775029691) (17.38000000000006,1.171893417827751) (17.39000000000006,1.171540409157075) (17.40000000000006,1.171187749017661) (17.41000000000006,1.170835487378996) (17.42000000000007,1.170483624241081) (17.43000000000007,1.170132159603916) (17.44000000000007,1.1697810934675) (17.45000000000007,1.169430425831833) (17.46000000000007,1.169080156696916) (17.47000000000007,1.168730286062749) (17.48000000000008,1.16838081392933) (17.49000000000008,1.168031740296662) (17.50000000000008,1.167683065164742) (17.51000000000008,1.167334848004775) (17.52000000000008,1.166987088816759) (17.53000000000008,1.166639787600695) (17.54000000000008,1.166292944356582) (17.55000000000009,1.165946559084422) (17.56000000000009,1.165600631784213) (17.57000000000009,1.165255162455956) (17.58000000000009,1.16491015109965) (17.59000000000009,1.164565597715296) (17.60000000000009,1.164221502302894) (17.6100000000001,1.163877936926637) (17.6200000000001,1.163534901586525) (17.6300000000001,1.163192396282558) (17.6400000000001,1.162850421014735) (17.6500000000001,1.162508975783058) (17.6600000000001,1.162168060587526) (17.6700000000001,1.161827675428138) (17.68000000000011,1.161487820304896) (17.69000000000011,1.161148495217798) (17.70000000000011,1.160809700166845) (17.71000000000011,1.160471524416127) (17.72000000000011,1.160133967965645) (17.73000000000011,1.159797030815398) (17.74000000000012,1.159460712965386) (17.75000000000012,1.159125014415609) (17.76000000000012,1.158789935166067) (17.77000000000012,1.158455475216761) (17.78000000000012,1.15812163456769) (17.79000000000012,1.157788413218854) (17.80000000000013,1.157455811170253) (17.81000000000013,1.157123942070768) (17.82000000000013,1.1567928059204) (17.83000000000013,1.156462402719148) (17.84000000000013,1.156132732467013) (17.85000000000013,1.155803795163993) (17.86000000000013,1.15547559081009) (17.87000000000014,1.155148119405303) (17.88000000000014,1.154821380949632) (17.89000000000014,1.154495375443078) (17.90000000000014,1.15417010288564) (17.91000000000014,1.153845713177575) (17.92000000000014,1.153522206318885) (17.93000000000015,1.153199582309568) (17.94000000000015,1.152877841149625) (17.95000000000015,1.152556982839056) (17.96000000000015,1.15223700737786) (17.97000000000015,1.151917914766038) (17.98000000000015,1.15159970500359) (17.99000000000015,1.151282378090516) (18,1.150965934026815) (18.01,1.150650580082794) (18.02,1.150336316258451) (18.03,1.150023142553788) (18.04000000000001,1.149711058968803) (18.05000000000001,1.149400065503498) (18.06000000000001,1.149090162157872) (18.07000000000001,1.148781348931924) (18.08000000000001,1.148473625825656) (18.09000000000001,1.148166992839067) (18.10000000000002,1.147861449972157) (18.11000000000002,1.147557303472885) (18.12000000000002,1.147254553341252) (18.13000000000002,1.146953199577258) (18.14000000000002,1.146653242180903) (18.15000000000002,1.146354681152186) (18.16000000000003,1.146057516491108) (18.17000000000003,1.145761748197669) (18.18000000000003,1.145467376271868) (18.19000000000003,1.145174400713706) (18.20000000000003,1.144882821523183) (18.21000000000003,1.144593138936067) (18.22000000000003,1.14430535295236) (18.23000000000004,1.14401946357206) (18.24000000000004,1.143735470795168) (18.25000000000004,1.143453374621684) (18.26000000000004,1.143173175051608) (18.27000000000004,1.14289487208494) (18.28000000000004,1.14261846572168) (18.29000000000005,1.142343955961827) (18.30000000000005,1.142071342805383) (18.31000000000005,1.141801595506586) (18.32000000000005,1.141534714065439) (18.33000000000005,1.141270698481939) (18.34000000000005,1.141009548756088) (18.35000000000005,1.140751264887886) (18.36000000000006,1.140495846877332) (18.37000000000006,1.140243294724426) (18.38000000000006,1.139993608429169) (18.39000000000006,1.13974678799156) (18.40000000000006,1.139502833411599) (18.41000000000006,1.139264452087938) (18.42000000000007,1.139031644020577) (18.43000000000007,1.138804409209516) (18.44000000000007,1.138582747654753) (18.45000000000007,1.138366659356291) (18.46000000000007,1.138156144314128) (18.47000000000007,1.137951202528265) (18.48000000000008,1.137751833998701) (18.49000000000008,1.137558038725437) (18.50000000000008,1.137369816708472) (18.51000000000008,1.137242067386178) (18.52000000000008,1.137174790758553) (18.53000000000008,1.137167986825597) (18.54000000000008,1.137221655587311) (18.55000000000009,1.137335797043695) (18.56000000000009,1.137510411194748) (18.57000000000009,1.137745498040472) (18.58000000000009,1.138041057580864) (18.59000000000009,1.138397089815927) (18.60000000000009,1.138813594745659) (18.6100000000001,1.139236512675005) (18.6200000000001,1.139665843603964) (18.6300000000001,1.140101587532537) (18.6400000000001,1.140543744460724) (18.6500000000001,1.140992314388524) (18.6600000000001,1.141447297315937) (18.6700000000001,1.141908693242965) (18.68000000000011,1.142376502169606) (18.69000000000011,1.14285072409586) (18.70000000000011,1.143331359021728) (18.71000000000011,1.143813414957616) (18.72000000000011,1.144296891903523) (18.73000000000011,1.144781789859449) (18.74000000000012,1.145268108825395) (18.75000000000012,1.14575584880136) (18.76000000000012,1.146245009787344) (18.77000000000012,1.146735591783348) (18.78000000000012,1.147227594789372) (18.79000000000012,1.147721018805414) (18.80000000000013,1.148215863831476) (18.81000000000013,1.148712192035343) (18.82000000000013,1.149210003417015) (18.83000000000013,1.149709297976492) (18.84000000000013,1.150210075713774) (18.85000000000013,1.15071233662886) (18.86000000000013,1.151216080721752) (18.87000000000014,1.151721307992448) (18.88000000000014,1.152228018440949) (18.89000000000014,1.152736212067255) (18.90000000000014,1.153245888871366) (18.91000000000014,1.153757118356174) (18.92000000000014,1.154269900521681) (18.93000000000015,1.154784235367885) (18.94000000000015,1.155300122894787) (18.95000000000015,1.155817563102386) (18.96000000000015,1.156336555990684) (18.97000000000015,1.156857101559678) (18.98000000000015,1.157379199809371) (18.99000000000015,1.157902850739762) (19,1.15842805435085) (19.01,1.1589548889186) (19.02,1.159483354443011) (19.03,1.160013450924084) (19.04000000000001,1.160545178361819) (19.05000000000001,1.161078536756216) (19.06000000000001,1.161613526107274) (19.07000000000001,1.162150146414993) (19.08000000000001,1.162688397679375) (19.09000000000001,1.163228279900418) (19.10000000000002,1.163769793078122) (19.11000000000002,1.164313026105264) (19.12000000000002,1.164857978981843) (19.13000000000002,1.16540465170786) (19.14000000000002,1.165953044283313) (19.15000000000002,1.166503156708204) (19.16000000000003,1.167054988982532) (19.17000000000003,1.167608541106298) (19.18000000000003,1.1681638130795) (19.19000000000003,1.16872080490214) (19.20000000000003,1.169279516574217) (19.21000000000003,1.169840050009449) (19.22000000000003,1.170402405207835) (19.23000000000004,1.170966582169376) (19.24000000000004,1.171532580894071) (19.25000000000004,1.172100401381921) (19.26000000000004,1.172670043632925) (19.27000000000004,1.173241507647085) (19.28000000000004,1.173814793424398) (19.29000000000005,1.174389900964867) (19.30000000000005,1.174966830268489) (19.31000000000005,1.175545699465748) (19.32000000000005,1.176126508556644) (19.33000000000005,1.176709257541175) (19.34000000000005,1.177293946419343) (19.35000000000005,1.177880575191146) (19.36000000000006,1.178469143856586) (19.37000000000006,1.179059652415662) (19.38000000000006,1.179652100868375) (19.39000000000006,1.180246489214724) (19.40000000000006,1.180842817454708) (19.41000000000006,1.181441224279526) (19.42000000000007,1.182041709689178) (19.43000000000007,1.182644273683662) (19.44000000000007,1.18324891626298) (19.45000000000007,1.183855637427131) (19.46000000000007,1.184464437176116) (19.47000000000007,1.185075315509933) (19.48000000000008,1.185688272428584) (19.49000000000008,1.186303307932069) (19.50000000000008,1.186920422020386) (19.51000000000008,1.187539780006018) (19.52000000000008,1.188161381888963) (19.53000000000008,1.188785227669223) (19.54000000000008,1.189411317346796) (19.55000000000009,1.190039650921683) (19.56000000000009,1.190670228393884) (19.57000000000009,1.191303049763399) (19.58000000000009,1.191938115030228) (19.59000000000009,1.192575424194371) (19.60000000000009,1.193214977255828) (19.6100000000001,1.193856974869674) (19.6200000000001,1.194501417035908) (19.6300000000001,1.195148303754531) (19.6400000000001,1.195797635025542) (19.6500000000001,1.196449410848942) (19.6600000000001,1.197103631224731) (19.6700000000001,1.197760296152908) (19.68000000000011,1.198419405633474) (19.69000000000011,1.199080959666428) (19.70000000000011,1.199744958251771) (19.71000000000011,1.200411650414804) (19.72000000000011,1.201081036155527) (19.73000000000011,1.20175311547394) (19.74000000000012,1.202427888370043) (19.75000000000012,1.203105354843835) (19.76000000000012,1.203785514895318) (19.77000000000012,1.20446836852449) (19.78000000000012,1.205153915731353) (19.79000000000012,1.205842156515905) (19.80000000000013,1.206533090878147) (19.81000000000013,1.207227036589386) (19.82000000000013,1.207923993649622) (19.83000000000013,1.208623962058854) (19.84000000000013,1.209326941817084) (19.85000000000013,1.21003293292431) (19.86000000000013,1.210741935380532) (19.87000000000014,1.211453949185752) (19.88000000000014,1.212168974339968) (19.89000000000014,1.212887010843182) (19.90000000000014,1.213608058695391) (19.91000000000014,1.214332538187636) (19.92000000000014,1.215060449319916) (19.93000000000015,1.215791792092229) (19.94000000000015,1.216526566504578) (19.95000000000015,1.217264772556961) (19.96000000000015,1.21800641024938) (19.97000000000015,1.218751479581832) (19.98000000000015,1.21949998055432) (19.99000000000015,1.220251913166842) (20,1.221007277419399) (20.01,1.221766656512319) (20.02,1.222530050445604) (20.03,1.223297459219253) (20.04000000000001,1.224068882833266) (20.05000000000001,1.224844321287643) (20.06000000000001,1.225623774582384) (20.07000000000001,1.226407242717489) (20.08000000000001,1.227194725692959) (20.09000000000001,1.227986223508792) (20.10000000000002,1.22878173616499) (20.11000000000002,1.229582129524798) (20.12000000000002,1.230387403588216) (20.13000000000002,1.231197558355245) (20.14000000000002,1.232012593825885) (20.15000000000002,1.232832510000135) (20.16000000000003,1.233657306877996) (20.17000000000003,1.234486984459468) (20.18000000000003,1.23532154274455) (20.19000000000003,1.236160981733243) (20.20000000000003,1.237005301425546) (20.21000000000003,1.237855926470669) (20.22000000000003,1.238712856868612) (20.23000000000004,1.239576092619374) (20.24000000000004,1.240445633722955) (20.25000000000004,1.241321480179356) (20.26000000000004,1.242203631988577) (20.27000000000004,1.243092089150617) (20.28000000000004,1.243986851665477) (20.29000000000005,1.244887919533156) (20.30000000000005,1.245795292753655) (20.31000000000005,1.246711767438168) (20.32000000000005,1.247637343586695) (20.33000000000005,1.248572021199236) (20.34000000000005,1.249515800275791) (20.35000000000005,1.250468680816361) (20.36000000000006,1.251430662820944) (20.37000000000006,1.252401746289542) (20.38000000000006,1.253381931222153) (20.39000000000006,1.254371217618779) (20.40000000000006,1.255369605479419) (20.41000000000006,1.256385157645909) (20.42000000000007,1.257417874118248) (20.43000000000007,1.258467754896437) (20.44000000000007,1.259534799980475) (20.45000000000007,1.260619009370364) (20.46000000000007,1.261720383066102) (20.47000000000007,1.262838921067689) (20.48000000000008,1.263974623375127) (20.49000000000008,1.265127489988414) (20.50000000000008,1.26629752090755) (20.51000000000008,1.267567551826687) (20.52000000000008,1.268937582745824) (20.53000000000008,1.27040761366496) (20.54000000000008,1.271977644584097) (20.55000000000009,1.273647675503234) (20.56000000000009,1.27541770642237) (20.57000000000009,1.277287737341507) (20.58000000000009,1.279257768260644) (20.59000000000009,1.28132779917978) (20.60000000000009,1.283497830098917) (20.6100000000001,1.28568459901623) (20.6200000000001,1.287888105931719) (20.6300000000001,1.290108350845385) (20.6400000000001,1.292345333757227) (20.6500000000001,1.294599054667245) (20.6600000000001,1.29686951357544) (20.6700000000001,1.299156710481811) (20.68000000000011,1.301460645386359) (20.69000000000011,1.303781318289083) (20.70000000000011,1.306118729189983) (20.71000000000011,1.308458438642151) (20.72000000000011,1.310800446645586) (20.73000000000011,1.31314475320029) (20.74000000000012,1.315491358306261) (20.75000000000012,1.317840261963499) (20.76000000000012,1.320191464172006) (20.77000000000012,1.32254496493178) (20.78000000000012,1.324900764242822) (20.79000000000012,1.327258862105131) (20.80000000000013,1.329619258518708) (20.81000000000013,1.331982036748244) (20.82000000000013,1.334347196793739) (20.83000000000013,1.336714738655193) (20.84000000000013,1.339084662332606) (20.85000000000013,1.341456967825978) (20.86000000000013,1.343831655135309) (20.87000000000014,1.346208724260599) (20.88000000000014,1.348588175201847) (20.89000000000014,1.350970007959055) (20.90000000000014,1.353354222532222) (20.91000000000014,1.35574091730113) (20.92000000000014,1.35813009226578) (20.93000000000015,1.360521747426171) (20.94000000000015,1.362915882782304) (20.95000000000015,1.365312498334179) (20.96000000000015,1.367711594081796) (20.97000000000015,1.370113170025154) (20.98000000000015,1.372517226164253) (20.99000000000015,1.374923762499095) (21,1.377332779029678) (21.01,1.379744393903794) (21.02,1.382158607121445) (21.03,1.384575418682629) (21.04000000000001,1.386994828587346) (21.05000000000001,1.389416836835598) (21.06000000000001,1.391841443427383) (21.07000000000001,1.394268648362701) (21.08000000000001,1.396698451641554) (21.09000000000001,1.39913085326394) (21.10000000000002,1.40156585322986) (21.11000000000002,1.404003596250513) (21.12000000000002,1.406444082325898) (21.13000000000002,1.408887311456016) (21.14000000000002,1.411333283640867) (21.15000000000002,1.41378199888045) (21.16000000000003,1.416233457174767) (21.17000000000003,1.418687658523816) (21.18000000000003,1.421144602927597) (21.19000000000003,1.423604290386111) (21.20000000000003,1.426066720899359) (21.21000000000003,1.428532076077639) (21.22000000000003,1.431000355920952) (21.23000000000004,1.433471560429297) (21.24000000000004,1.435945689602676) (21.25000000000004,1.438422743441087) (21.26000000000004,1.440902721944531) (21.27000000000004,1.443385625113008) (21.28000000000004,1.445871452946518) (21.29000000000005,1.448360205445061) (21.30000000000005,1.450851882608636) (21.31000000000005,1.453346719481222) (21.32000000000005,1.455844716062818) (21.33000000000005,1.458345872353424) (21.34000000000005,1.460850188353039) (21.35000000000005,1.463357664061665) (21.36000000000006,1.465868299479302) (21.37000000000006,1.468382094605948) (21.38000000000006,1.470899049441604) (21.39000000000006,1.473419163986271) (21.40000000000006,1.475942438239947) (21.41000000000006,1.478469188896279) (21.42000000000007,1.480999415955267) (21.43000000000007,1.483533119416911) (21.44000000000007,1.48607029928121) (21.45000000000007,1.488610955548165) (21.46000000000007,1.491155088217775) (21.47000000000007,1.493702697290041) (21.48000000000008,1.496253782764963) (21.49000000000008,1.498808344642541) (21.50000000000008,1.501366382922774) (21.51000000000008,1.503928348410099) (21.52000000000008,1.506494241104517) (21.53000000000008,1.509064061006027) (21.54000000000008,1.511637808114629) (21.55000000000009,1.514215482430324) (21.56000000000009,1.516797083953111) (21.57000000000009,1.51938261268299) (21.58000000000009,1.521972068619961) (21.59000000000009,1.524565451764025) (21.60000000000009,1.527162762115181) (21.6100000000001,1.529764694553543) (21.6200000000001,1.53237124907911) (21.6300000000001,1.534982425691883) (21.6400000000001,1.537598224391862) (21.6500000000001,1.540218645179046) (21.6600000000001,1.542843688053436) (21.6700000000001,1.545473353015031) (21.68000000000011,1.548107640063833) (21.69000000000011,1.550746549199839) (21.70000000000011,1.553390080423052) (21.71000000000011,1.556039449004272) (21.72000000000011,1.558694654943501) (21.73000000000011,1.561355698240738) (21.74000000000012,1.564022578895984) (21.75000000000012,1.566695296909237) (21.76000000000012,1.569373852280499) (21.77000000000012,1.572058245009769) (21.78000000000012,1.574748475097047) (21.79000000000012,1.577444542542334) (21.80000000000013,1.580146447345628) (21.81000000000013,1.582856875435883) (21.82000000000013,1.585575826813099) (21.83000000000013,1.588303301477274) (21.84000000000013,1.591039299428411) (21.85000000000013,1.593783820666508) (21.86000000000013,1.596536865191565) (21.87000000000014,1.599298433003582) (21.88000000000014,1.602068524102561) (21.89000000000014,1.604847138488499) (21.90000000000014,1.607634276161399) (21.91000000000014,1.610441014882248) (21.92000000000014,1.613267354651048) (21.93000000000015,1.616113295467799) (21.94000000000015,1.6189788373325) (21.95000000000015,1.621863980245151) (21.96000000000015,1.624768724205753) (21.97000000000015,1.627693069214306) (21.98000000000015,1.630637015270809) (21.99000000000015,1.633600562375262) (22,1.636583710527666) (22.01,1.639596523725743) (22.02,1.642639001969492) (22.03,1.645711145258915) (22.04000000000001,1.64881295359401) (22.05000000000001,1.651944426974778) (22.06000000000001,1.655105565401219) (22.07000000000001,1.658296368873333) (22.08000000000001,1.66151683739112) (22.09000000000001,1.664766970954579) (22.10000000000002,1.668046769563711) (22.11000000000002,1.671328503478627) (22.12000000000002,1.674612172699325) (22.13000000000002,1.677897777225806) (22.14000000000002,1.681185317058071) (22.15000000000002,1.684474792196118) (22.16000000000003,1.687766202639948) (22.17000000000003,1.691059548389561) (22.18000000000003,1.694354829444957) (22.19000000000003,1.697652045806136) (22.20000000000003,1.700951197473098) (22.21000000000003,1.704252306927415) (22.22000000000003,1.707555374169085) (22.23000000000004,1.71086039919811) (22.24000000000004,1.714167382014488) (22.25000000000004,1.717476322618221) (22.26000000000004,1.720787221009307) (22.27000000000004,1.724100077187748) (22.28000000000004,1.727414891153543) (22.29000000000005,1.730731662906692) (22.30000000000005,1.734050392447195) (22.31000000000005,1.73737110694467) (22.32000000000005,1.740693806399118) (22.33000000000005,1.744018490810537) (22.34000000000005,1.747345160178928) (22.35000000000005,1.750673814504291) (22.36000000000006,1.754004453786626) (22.37000000000006,1.757337078025933) (22.38000000000006,1.760671687222211) (22.39000000000006,1.764008281375462) (22.40000000000006,1.767346860485685) (22.41000000000006,1.770687458086743) (22.42000000000007,1.774030074178635) (22.43000000000007,1.777374708761362) (22.44000000000007,1.780721361834924) (22.45000000000007,1.78407003339932) (22.46000000000007,1.787420723454552) (22.47000000000007,1.790773432000618) (22.48000000000008,1.794128159037518) (22.49000000000008,1.797484904565254) (22.50000000000008,1.800843668583824) (22.51000000000008,1.8042044935802) (22.52000000000008,1.807567379554383) (22.53000000000008,1.810932326506372) (22.54000000000008,1.814299334436167) (22.55000000000009,1.817668403343768) (22.56000000000009,1.821039533229176) (22.57000000000009,1.824412724092389) (22.58000000000009,1.827787975933409) (22.59000000000009,1.831165288752235) (22.60000000000009,1.834544662548868) (22.6100000000001,1.837926152985941) (22.6200000000001,1.841309760063456) (22.6300000000001,1.844695483781411) (22.6400000000001,1.848083324139808) (22.6500000000001,1.851473281138646) (22.6600000000001,1.854865354777925) (22.6700000000001,1.858259545057644) (22.68000000000011,1.861655851977805) (22.69000000000011,1.865054275538407) (22.70000000000011,1.86845481573945) (22.71000000000011,1.871857548809625) (22.72000000000011,1.875262474748933) (22.73000000000011,1.878669593557373) (22.74000000000012,1.882078905234944) (22.75000000000012,1.885490409781649) (22.76000000000012,1.888904107197485) (22.77000000000012,1.892319997482454) (22.78000000000012,1.895738080636555) (22.79000000000012,1.899158356659788) (22.80000000000013,1.902580825552154) (22.81000000000013,1.906005598332792) (22.82000000000013,1.909432675001704) (22.83000000000013,1.91286205555889) (22.84000000000013,1.916293740004348) (22.85000000000013,1.919727728338079) (22.86000000000013,1.923164020560084) (22.87000000000014,1.926602616670362) (22.88000000000014,1.930043516668914) (22.89000000000014,1.933486720555738) (22.90000000000014,1.936932228330836) (22.91000000000014,1.940380217164285) (22.92000000000014,1.943830687056085) (22.93000000000015,1.947283638006236) (22.94000000000015,1.950739070014739) (22.95000000000015,1.954196983081593) (22.96000000000015,1.957657377206798) (22.97000000000015,1.961120252390354) (22.98000000000015,1.964585608632262) (22.99000000000015,1.968053445932521) (23,1.971523764291131) (23.01,1.974996892557379) (23.02,1.978472830731265) (23.03,1.981951578812789) (23.04000000000001,1.985433136801951) (23.05000000000001,1.988917504698751) (23.06000000000001,1.992404682503189) (23.07000000000001,1.995894670215265) (23.08000000000001,1.999387467834979) (23.09000000000001,2.002883075362332) (23.10000000000002,2.006381492797322) (23.11000000000002,2.009883546939768) (23.12000000000002,2.013389237789668) (23.13000000000002,2.016898565347025) (23.14000000000002,2.020411529611837) (23.15000000000002,2.023928130584104) (23.16000000000003,2.027448368263827) (23.17000000000003,2.030972242651005) (23.18000000000003,2.034499753745638) (23.19000000000003,2.038030901547727) (23.20000000000003,2.041565686057271) (23.21000000000003,2.045110258791094) (23.22000000000003,2.048664619749194) (23.23000000000004,2.052228768931572) (23.24000000000004,2.055802706338227) (23.25000000000004,2.059386431969161) (23.26000000000004,2.062979945824372) (23.27000000000004,2.066583247903862) (23.28000000000004,2.070196338207629) (23.29000000000005,2.073819216735674) (23.30000000000005,2.077451883487997) (23.31000000000005,2.081086319420918) (23.32000000000005,2.084722524534438) (23.33000000000005,2.088360498828556) (23.34000000000005,2.092000242303273) (23.35000000000005,2.095641754958588) (23.36000000000006,2.099285036794501) (23.37000000000006,2.102930087811013) (23.38000000000006,2.106576908008123) (23.39000000000006,2.110225497385831) (23.40000000000006,2.113875855944138) (23.41000000000006,2.11752738749364) (23.42000000000007,2.121180092034336) (23.43000000000007,2.124833969566227) (23.44000000000007,2.128489020089313) (23.45000000000007,2.132145243603593) (23.46000000000007,2.135802640109068) (23.47000000000007,2.139461209605737) (23.48000000000008,2.143120952093602) (23.49000000000008,2.146781867572661) (23.50000000000008,2.150443956042914) (23.51000000000008,2.15410713557484) (23.52000000000008,2.157771406168438) (23.53000000000008,2.161436767823708) (23.54000000000008,2.165103220540651) (23.55000000000009,2.168770764319266) (23.56000000000009,2.172439399159553) (23.57000000000009,2.176109125061513) (23.58000000000009,2.179779942025145) (23.59000000000009,2.183451850050449) (23.60000000000009,2.187124849137426) (23.6100000000001,2.190798831759234) (23.6200000000001,2.194473797915874) (23.6300000000001,2.198149747607346) (23.6400000000001,2.20182668083365) (23.6500000000001,2.205504597594786) (23.6600000000001,2.209183497890753) (23.6700000000001,2.212863381721552) (23.68000000000011,2.216544249087184) (23.69000000000011,2.220226099987647) (23.70000000000011,2.223908934422942) (23.71000000000011,2.227592604795057) (23.72000000000011,2.231277111103992) (23.73000000000011,2.234962453349747) (23.74000000000012,2.238648631532322) (23.75000000000012,2.242335645651717) (23.76000000000012,2.246023495707933) (23.77000000000012,2.249712181700968) (23.78000000000012,2.253401703630823) (23.79000000000012,2.257092061497499) (23.80000000000013,2.260783255300994) (23.81000000000013,2.264475069383519) (23.82000000000013,2.268167503745072) (23.83000000000013,2.271860558385654) (23.84000000000013,2.275554233305266) (23.85000000000013,2.279248528503906) (23.86000000000013,2.282943443981576) (23.87000000000014,2.286638979738274) (23.88000000000014,2.290335135774002) (23.89000000000014,2.294031912088759) (23.90000000000014,2.297729308682545) (23.91000000000014,2.301426979703916) (23.92000000000014,2.30512492515287) (23.93000000000015,2.308823145029409) (23.94000000000015,2.312521639333532) (23.95000000000015,2.316220408065239) (23.96000000000015,2.31991945122453) (23.97000000000015,2.323618768811406) (23.98000000000015,2.327318360825866) (23.99000000000015,2.33101822726791) (24,2.334718368137538) (24.01,2.338418135982326) (24.02,2.342117530802273) (24.03,2.34581655259738) (24.04000000000001,2.349515201367646) (24.05000000000001,2.353213477113072) (24.06000000000001,2.356911379833658) (24.07000000000001,2.360608909529403) (24.08000000000001,2.364306066200307) (24.09000000000001,2.368002849846372) (24.10000000000002,2.371699260467595) (24.11000000000002,2.375393638108226) (24.12000000000002,2.379085982768262) (24.13000000000002,2.382776294447706) (24.14000000000002,2.386464573146555) (24.15000000000002,2.390150818864812) (24.16000000000003,2.393835031602475) (24.17000000000003,2.397517211359544) (24.18000000000003,2.40119735813602) (24.19000000000003,2.404875471931902) (24.20000000000003,2.408551552747191) (24.21000000000003,2.412211609891372) (24.22000000000003,2.415855643364444) (24.23000000000004,2.419483653166409) (24.24000000000004,2.423095639297264) (24.25000000000004,2.426691601757012) (24.26000000000004,2.430271540545652) (24.27000000000004,2.433835455663183) (24.28000000000004,2.437383347109606) (24.29000000000005,2.440915214884921) (24.30000000000005,2.444431058989128) (24.31000000000005,2.447938881564584) (24.32000000000005,2.451438682611291) (24.33000000000005,2.454930462129248) (24.34000000000005,2.458414220118455) (24.35000000000005,2.461889956578913) (24.36000000000006,2.46535767151062) (24.37000000000006,2.468817364913578) (24.38000000000006,2.472269036787786) (24.39000000000006,2.475712687133244) (24.40000000000006,2.479148315949952) (24.41000000000006,2.482584489349608) (24.42000000000007,2.486021207332211) (24.43000000000007,2.489458469897763) (24.44000000000007,2.492896277046262) (24.45000000000007,2.496334628777709) (24.46000000000007,2.499773525092104) (24.47000000000007,2.503212965989446) (24.48000000000008,2.506652951469737) (24.49000000000008,2.510093481532975) (24.50000000000008,2.51353455617916) (24.51000000000008,2.516976075491197) (24.52000000000008,2.520418039469086) (24.53000000000008,2.523860448112825) (24.54000000000008,2.527303301422415) (24.55000000000009,2.530746599397856) (24.56000000000009,2.534190342039149) (24.57000000000009,2.537634529346292) (24.58000000000009,2.541079161319287) (24.59000000000009,2.544524237958133) (24.60000000000009,2.54796975926283) (24.6100000000001,2.551415604581715) (24.6200000000001,2.554861773914789) (24.6300000000001,2.55830826726205) (24.6400000000001,2.561755084623499) (24.6500000000001,2.565202225999136) (24.6600000000001,2.568649691388962) (24.6700000000001,2.572097480792976) (24.68000000000011,2.575545594211178) (24.69000000000011,2.578994031643568) (24.70000000000011,2.582442793090145) (24.71000000000011,2.585891729805978) (24.72000000000011,2.589340841791065) (24.73000000000011,2.592790129045407) (24.74000000000012,2.596239591569004) (24.75000000000012,2.599689229361855) (24.76000000000012,2.60313904242396) (24.77000000000012,2.60658903075532) (24.78000000000012,2.610039194355935) (24.79000000000012,2.613489533225804) (24.83000000000013,2.627291512389216) (24.87000000000014,2.641093285171068) (24.90000000000014,2.651444479319558) (24.91000000000014,2.654894605574514) (24.92000000000014,2.658344472933776) (24.93000000000015,2.661794081397345) (24.94000000000015,2.66524343096522) (24.95000000000015,2.668692521637401) (24.96000000000015,2.672141353413889) (24.97000000000015,2.675589926294683) (24.98000000000015,2.679038240279783) (24.99000000000015,2.68248629536919) (25,2.685934091562903) (25.01,2.689381292992473) (25.02,2.6928278996579) (25.03,2.696273911559185) (25.04000000000001,2.699719328696326) (25.05000000000001,2.703164151069324) (25.06000000000001,2.706608378678179) (25.07000000000001,2.710052011522891) (25.08000000000001,2.71349504960346) (25.09000000000001,2.716937492919887) (25.10000000000002,2.72037934147217) (25.11000000000002,2.723820108300782) (25.12000000000002,2.727259793405722) (25.13000000000002,2.73069839678699) (25.14000000000002,2.734135918444586) (25.15000000000002,2.737572358378511) (25.16000000000003,2.741007716588765) (25.17000000000003,2.744441993075347) (25.18000000000003,2.747875187838257) (25.19000000000003,2.751307300877496) (25.20000000000003,2.754738332193063) (25.21000000000003,2.758167510237344) (25.22000000000003,2.76159483501034) (25.23000000000004,2.76502030651205) (25.24000000000004,2.768443924742475) (25.25000000000004,2.771865689701614) (25.26000000000004,2.775285601389467) (25.27000000000004,2.778703659806035) (25.28000000000004,2.782119864951318) (25.29000000000005,2.785534216825315) (25.30000000000005,2.788946715428026) (25.31000000000005,2.792355947121859) (25.32000000000005,2.795761911906814) (25.33000000000005,2.79916460978289) (25.34000000000005,2.802564040750088) (25.35000000000005,2.805960204808407) (25.36000000000006,2.809353101957848) (25.37000000000006,2.812742732198411) (25.38000000000006,2.816129095530095) (25.39000000000006,2.819512191952901) (25.40000000000006,2.822892021466828) (25.41000000000006,2.826265134871122) (25.42000000000007,2.829631532165783) (25.43000000000007,2.832991213350809) (25.44000000000007,2.836344178426203) (25.45000000000007,2.839690427391962) (25.46000000000007,2.843029960248089) (25.47000000000007,2.846362776994582) (25.48000000000008,2.849688877631441) (25.49000000000008,2.853008262158667) (25.50000000000008,2.856320930576259) (25.51000000000008,2.859605244023413) (25.52000000000008,2.862861202500128) (25.53000000000008,2.866088806006406) (25.54000000000008,2.869288054542245) (25.55000000000009,2.872458948107645) (25.56000000000009,2.875601486702608) (25.57000000000009,2.878715670327132) (25.58000000000009,2.881801498981218) (25.59000000000009,2.884858972664866) (25.60000000000009,2.887888091378076) (25.6100000000001,2.890898058906024) (25.6200000000001,2.89388887524871) (25.6300000000001,2.896860540406136) (25.6400000000001,2.899813054378301) (25.6500000000001,2.902746417165204) (25.6600000000001,2.905660628766846) (25.6700000000001,2.908555689183227) (25.68000000000011,2.911431598414346) (25.69000000000011,2.914288356460204) (25.72000000000011,2.92280126319056) (25.75000000000012,2.931314428366611) (25.78000000000012,2.939827851988357) (25.80000000000013,2.94550361131713) (25.82000000000013,2.951179131634111) (25.84000000000013,2.956854294980453) (25.86000000000013,2.962529101356155) (25.88000000000014,2.968203550761217) (25.90000000000014,2.973877643195638) (25.91000000000014,2.976714412580679) (25.92000000000014,2.97955094975488) (25.93000000000015,2.98238725471824) (25.94000000000015,2.985223327470761) (25.95000000000015,2.988059168012442) (25.96000000000015,2.990894776343282) (25.97000000000015,2.993730152463282) (25.98000000000015,2.996565296372443) (25.99000000000015,2.999400208070762) (26,3.002234887558243) (26.01,3.005069157778262) (26.02,3.00790301873082) (26.03,3.010736470415918) (26.04000000000001,3.013569512833555) (26.05000000000001,3.01640214598373) (26.06000000000001,3.019234369866445) (26.07000000000001,3.022066184481699) (26.08000000000001,3.024897589829492) (26.09000000000001,3.027728585909824) (26.10000000000002,3.030559172722696) (26.11000000000002,3.033389125018113) (26.12000000000002,3.036218442796076) (26.13000000000002,3.039047126056584) (26.14000000000002,3.041875174799638) (26.15000000000002,3.044702589025237) (26.16000000000003,3.047529368733381) (26.17000000000003,3.050355513924071) (26.18000000000003,3.053181024597306) (26.19000000000003,3.056005900753087) (26.20000000000003,3.058830142391413) (26.21000000000003,3.061653452892291) (26.22000000000003,3.064475832255721) (26.23000000000004,3.067297280481702) (26.24000000000004,3.070117797570235) (26.25000000000004,3.07293738352132) (26.26000000000004,3.075756038334956) (26.27000000000004,3.078573762011144) (26.28000000000004,3.081390554549883) (26.29000000000005,3.084206415951174) (26.30000000000005,3.087021346215017) (26.31000000000005,3.08983493639228) (26.32000000000005,3.092647186482965) (26.33000000000005,3.095458096487071) (26.34000000000005,3.098267666404597) (26.35000000000005,3.101075896235545) (26.36000000000006,3.103882785979913) (26.37000000000006,3.106688335637703) (26.38000000000006,3.109492545208914) (26.39000000000006,3.112295414693546) (26.40000000000006,3.115096944091599) (26.41000000000006,3.117896532231899) (26.42000000000007,3.120694179114449) (26.43000000000007,3.123489884739246) (26.44000000000007,3.126283649106293) (26.45000000000007,3.129075472215587) (26.46000000000007,3.131865354067129) (26.47000000000007,3.13465329466092) (26.48000000000008,3.137439293996959) (26.49000000000008,3.140223352075247) (26.50000000000008,3.143005468895783) (26.51000000000008,3.14578467141565) (26.52000000000008,3.148560959634848) (26.53000000000008,3.151334333553377) (26.54000000000008,3.154104793171238) (26.55000000000009,3.156872338488429) (26.56000000000009,3.159636969504952) (26.57000000000009,3.162398686220806) (26.58000000000009,3.165157488635991) (26.59000000000009,3.167913376750507) (26.60000000000009,3.170666350564354) (26.6100000000001,3.173414558821956) (26.6200000000001,3.176158001523311) (26.6300000000001,3.178896678668421) (26.6400000000001,3.181630590257284) (26.6500000000001,3.184359736289902) (26.6600000000001,3.187084116766274) (26.6700000000001,3.189803731686399) (26.68000000000011,3.192518581050279) (26.69000000000011,3.195228664857913) (26.70000000000011,3.197933983109301) (26.71000000000011,3.200629607177135) (26.72000000000011,3.203315537061415) (26.73000000000011,3.205991772762141) (26.74000000000012,3.208658314279312) (26.75000000000012,3.21131516161293) (26.76000000000012,3.213962314762993) (26.77000000000012,3.216599773729502) (26.78000000000012,3.219227538512457) (26.79000000000012,3.221845609111858) (26.80000000000013,3.224453985527706) (26.81000000000013,3.22699711050709) (26.82000000000013,3.229474984050013) (26.83000000000013,3.231887606156473) (26.84000000000013,3.234234976826471) (26.85000000000013,3.236517096060006) (26.86000000000013,3.238733963857079) (26.87000000000014,3.240885580217689) (26.88000000000014,3.242971945141838) (26.89000000000014,3.244993058629523) (26.90000000000014,3.246948920680747) (26.91000000000014,3.248888315430221) (26.92000000000014,3.250811242877945) (26.93000000000015,3.25271770302392) (26.94000000000015,3.254607695868146) (26.95000000000015,3.256481221410622) (26.96000000000015,3.258338279651348) (26.97000000000015,3.260178870590325) (26.98000000000015,3.262002994227553) (26.99000000000015,3.263810650563031) (27,3.26560183959676) (27.01,3.267392636930523) (27.02,3.26918304256432) (27.03,3.270973056498151) (27.04000000000001,3.272762678732016) (27.05000000000001,3.274551909265916) (27.06000000000001,3.276340748099849) (27.07000000000001,3.278129195233817) (27.08000000000001,3.279917250667818) (27.09000000000001,3.281704914401854) (27.10000000000002,3.283492186435924) (27.11000000000002,3.28527891430678) (27.12000000000002,3.287065098014422) (27.13000000000002,3.288850737558849) (27.14000000000002,3.290635832940062) (27.15000000000002,3.292420384158061) (27.16000000000003,3.294204391212846) (27.17000000000003,3.295987854104416) (27.18000000000003,3.297770772832772) (27.19000000000003,3.299553147397914) (27.20000000000003,3.301334977799842) (27.21000000000003,3.303116064798391) (27.22000000000003,3.304896408393562) (27.23000000000004,3.306676008585355) (27.24000000000004,3.30845486537377) (27.25000000000004,3.310232978758807) (27.26000000000004,3.312010348740465) (27.27000000000004,3.313786975318746) (27.28000000000004,3.315562858493648) (27.29000000000005,3.317337998265171) (27.30000000000005,3.319112394633317) (27.31000000000005,3.320885775748532) (27.32000000000005,3.322658141610817) (27.33000000000005,3.324429492220172) (27.34000000000005,3.326199827576598) (27.35000000000005,3.327969147680093) (27.36000000000006,3.329737452530658) (27.37000000000006,3.331504742128293) (27.38000000000006,3.333271016472998) (27.39000000000006,3.335036275564772) (27.40000000000006,3.336800519403616) (27.41000000000006,3.338563354281237) (27.42000000000007,3.340324780197635) (27.43000000000007,3.34208479715281) (27.44000000000007,3.343843405146761) (27.45000000000007,3.345600604179489) (27.46000000000007,3.347356394250993) (27.47000000000007,3.349110775361274) (27.48000000000008,3.350863747510332) (27.49000000000008,3.352615310698167) (27.50000000000008,3.354365464924778) (27.51000000000008,3.356113587570449) (27.52000000000008,3.357859678635181) (27.53000000000008,3.359603738118973) (27.54000000000008,3.361345766021826) (27.55000000000009,3.363085762343739) (27.56000000000009,3.364823727084712) (27.57000000000009,3.366559660244746) (27.58000000000009,3.36829356182384) (27.59000000000009,3.370025431821995) (27.60000000000009,3.37175527023921) (27.6100000000001,3.373481940380412) (27.6200000000001,3.375205442245602) (27.6300000000001,3.376925775834779) (27.6400000000001,3.378642941147944) (27.6500000000001,3.380356938185096) (27.6600000000001,3.382067766946236) (27.6700000000001,3.383775427431363) (27.68000000000011,3.385479919640478) (27.69000000000011,3.38718124357358) (27.70000000000011,3.38887939923067) (27.71000000000011,3.390571636482901) (27.72000000000011,3.392257955330274) (27.73000000000011,3.393938355772788) (27.74000000000012,3.395612837810444) (27.75000000000012,3.397281401443242) (27.76000000000012,3.39894404667118) (27.77000000000012,3.400600773494261) (27.78000000000012,3.402251581912483) (27.79000000000012,3.403896471925846) (27.80000000000013,3.405535443534351) (27.81000000000013,3.407151996787781) (27.82000000000013,3.408746131686136) (27.83000000000013,3.410317848229417) (27.84000000000013,3.411867146417622) (27.85000000000013,3.413394026250753) (27.86000000000013,3.414898487728809) (27.87000000000014,3.416380530851791) (27.88000000000014,3.417840155619697) (27.89000000000014,3.419277362032529) (27.90000000000014,3.420692150090285) (27.91000000000014,3.422091293663153) (27.92000000000014,3.423474792751132) (27.93000000000015,3.424842647354222) (27.94000000000015,3.426194857472423) (27.95000000000015,3.427531423105735) (27.96000000000015,3.428852344254157) (27.97000000000015,3.430157620917691) (27.98000000000015,3.431447253096336) (27.99000000000015,3.432721240790092) (28.04000000000001,3.439013037458067) (28.09000000000001,3.445305035685146) (28.11000000000002,3.447821819570574) (28.13000000000002,3.450338348337648) (28.15000000000002,3.452854621986368) (28.17000000000003,3.455370640516734) (28.19000000000003,3.457886403928746) (28.20000000000003,3.459144189965369) (28.21000000000003,3.460401816653021) (28.22000000000003,3.461659283991702) (28.23000000000004,3.462916591981411) (28.24000000000004,3.46417374062215) (28.25000000000004,3.465430729913916) (28.26000000000004,3.466687559856712) (28.27000000000004,3.467944230450537) (28.28000000000004,3.46920074169539) (28.29000000000005,3.470457093591272) (28.30000000000005,3.471713286138182) (28.31000000000005,3.472969185750019) (28.32000000000005,3.474224792426782) (28.33000000000005,3.47548010616847) (28.34000000000005,3.476735126975085) (28.35000000000005,3.477989854846625) (28.36000000000006,3.479244289783092) (28.37000000000006,3.480498431784485) (28.38000000000006,3.481752280850804) (28.39000000000006,3.483005836982048) (28.40000000000006,3.484259100178219) (28.41000000000006,3.485511870130119) (28.42000000000007,3.486764146837747) (28.43000000000007,3.488015930301104) (28.44000000000007,3.489267220520189) (28.45000000000007,3.490518017495003) (28.46000000000007,3.491768321225545) (28.47000000000007,3.493018131711816) (28.48000000000008,3.494267448953816) (28.49000000000008,3.495516272951544) (28.50000000000008,3.496764603705001) (28.51000000000008,3.498012106688487) (28.52000000000008,3.499258781902004) (28.53000000000008,3.50050462934555) (28.54000000000008,3.501749649019125) (28.55000000000009,3.502993840922731) (28.56000000000009,3.504237205056365) (28.57000000000009,3.50547974142003) (28.58000000000009,3.506721450013724) (28.59000000000009,3.507962330837448) (28.60000000000009,3.509202383891202) (28.6100000000001,3.510440934981588) (28.6200000000001,3.511677984108606) (28.6300000000001,3.512913531272257) (28.6400000000001,3.51414757647254) (28.6500000000001,3.515380119709456) (28.6600000000001,3.516611160983004) (28.6700000000001,3.517840700293184) (28.68000000000011,3.519068737639997) (28.69000000000011,3.520295273023442) (28.70000000000011,3.521520306443521) (28.71000000000011,3.522741757251461) (28.72000000000011,3.523959625447266) (28.73000000000011,3.525173911030933) (28.74000000000012,3.526384614002463) (28.75000000000012,3.527591734361856) (28.76000000000012,3.528795272109112) (28.77000000000012,3.529995227244231) (28.78000000000012,3.531191599767214) (28.79000000000012,3.532384389678059) (28.80000000000013,3.533573596976768) (28.81000000000013,3.534682159045165) (28.82000000000013,3.53571007588325) (28.83000000000013,3.536657347491024) (28.84000000000013,3.537523973868487) (28.85000000000013,3.538309955015638) (28.86000000000013,3.539015290932479) (28.87000000000014,3.539639981619007) (28.88000000000014,3.540184027075224) (28.89000000000014,3.54064742730113) (28.90000000000014,3.541030182296725) (28.91000000000014,3.541413713634961) (28.92000000000014,3.541798021315839) (28.93000000000015,3.542183105339359) (28.94000000000015,3.542568965705521) (28.95000000000015,3.542955602414324) (28.96000000000015,3.543343015465769) (28.97000000000015,3.543731204859855) (28.98000000000015,3.544120170596584) (28.99000000000015,3.544509912675954) (29,3.544900431097966) (29.01,3.545291788938214) (29.02,3.545683986196697) (29.03,3.546077022873416) (29.04000000000001,3.54647089896837) (29.05000000000001,3.546865614481561) (29.06000000000001,3.547261169412987) (29.07000000000001,3.547657563762649) (29.08000000000001,3.548054797530546) (29.09000000000001,3.548452870716679) (29.10000000000002,3.548851783321048) (29.11000000000002,3.549251612749389) (29.12000000000002,3.549652359001702) (29.13000000000002,3.550054022077987) (29.14000000000002,3.550456601978243) (29.15000000000002,3.550860098702472) (29.16000000000003,3.551264512250672) (29.17000000000003,3.551669842622844) (29.18000000000003,3.552076089818988) (29.19000000000003,3.552483253839104) (29.20000000000003,3.552891334683192) (29.21000000000003,3.55330042969346) (29.22000000000003,3.553710538869907) (29.23000000000004,3.554121662212534) (29.24000000000004,3.55453379972134) (29.25000000000004,3.554946951396326) (29.26000000000004,3.555361117237492) (29.27000000000004,3.555776297244837) (29.28000000000004,3.556192491418362) (29.29000000000005,3.556609699758067) (29.30000000000005,3.557027922263951) (29.31000000000005,3.557447285199534) (29.32000000000005,3.557867788564817) (29.33000000000005,3.558289432359799) (29.34000000000005,3.55871221658448) (29.35000000000005,3.559136141238861) (29.36000000000006,3.55956120632294) (29.37000000000006,3.559987411836719) (29.38000000000006,3.560414757780197) (29.39000000000006,3.560843244153374) (29.40000000000006,3.56127287095625) (29.41000000000006,3.561703808739792) (29.42000000000007,3.562136057503999) (29.43000000000007,3.562569617248871) (29.44000000000007,3.563004487974409) (29.45000000000007,3.563440669680612) (29.46000000000007,3.56387816236748) (29.47000000000007,3.564316966035014) (29.48000000000008,3.564757080683214) (29.49000000000008,3.565198506312079) (29.50000000000008,3.565641242921609) (29.51000000000008,3.566085534000345) (29.52000000000008,3.566531379548286) (29.53000000000008,3.566978779565433) (29.54000000000008,3.567427734051786) (29.55000000000009,3.567878243007345) (29.56000000000009,3.568330306432109) (29.57000000000009,3.568783924326079) (29.58000000000009,3.569239096689255) (29.59000000000009,3.569695823521637) (29.60000000000009,3.570154104823224) (29.6100000000001,3.57061431730543) (29.6200000000001,3.571076460968255) (29.6300000000001,3.571540535811699) (29.6400000000001,3.572006541835761) (29.6500000000001,3.572474479040443) (29.6600000000001,3.572944347425743) (29.6700000000001,3.573416146991662) (29.68000000000011,3.5738898777382) (29.69000000000011,3.574365539665357) (29.70000000000011,3.574843132773133) (29.71000000000011,3.575323319361961) (29.72000000000011,3.575806099431843) (29.73000000000011,3.576291472982777) (29.74000000000012,3.576779440014764) (29.75000000000012,3.577270000527804) (29.76000000000012,3.577763154521897) (29.77000000000012,3.578258901997042) (29.78000000000012,3.578757242953241) (29.79000000000012,3.579258177390492) (29.80000000000013,3.579761705308796) (29.81000000000013,3.580269304186845) (29.82000000000013,3.58078097402464) (29.83000000000013,3.58129671482218) (29.84000000000013,3.581816526579465) (29.85000000000013,3.582340409296495) (29.86000000000013,3.582868362973271) (29.87000000000014,3.583400387609792) (29.88000000000014,3.583936483206058) (29.89000000000014,3.58447664976207) (29.90000000000014,3.585020887277827) (29.91000000000014,3.585575472845586) (29.92000000000014,3.586140406465347) (29.93000000000015,3.58671568813711) (29.94000000000015,3.587301317860876) (29.95000000000015,3.587897295636644) (29.96000000000015,3.588503621464413) (29.97000000000015,3.589120295344185) (29.98000000000015,3.58974731727596) (29.99000000000015,3.590384687259736) (30,3.591032405295515) (30.01,3.591695715066029) (30.02,3.592374616571279) (30.03,3.593069109811264) (30.04000000000001,3.593779194785986) (30.05000000000001,3.594504871495443) (30.06000000000001,3.595246139939635) (30.07000000000001,3.596003000118564) (30.08000000000001,3.596775452032228) (30.09000000000001,3.597563495680628) (30.10000000000002,3.598367131063764) (30.11000000000002,3.599172742205784) (30.12000000000002,3.599980329106689) (30.13000000000002,3.600789891766479) (30.14000000000002,3.601601430185153) (30.15000000000002,3.602414944362712) (30.16000000000003,3.603230434299155) (30.17000000000003,3.604047899994483) (30.18000000000003,3.604867341448696) (30.19000000000003,3.605688758661793) (30.20000000000003,3.606512151633774) (30.21000000000003,3.607337772115724) (30.22000000000003,3.608165620107643) (30.23000000000004,3.608995695609529) (30.24000000000004,3.609827998621384) (30.25000000000004,3.610662529143207) (30.26000000000004,3.611499287174998) (30.27000000000004,3.612338272716757) (30.28000000000004,3.613179485768484) (30.29000000000005,3.61402292633018) (30.30000000000005,3.614868594401844) (30.31000000000005,3.615716832129221) (30.32000000000005,3.616567639512313) (30.33000000000005,3.617421016551118) (30.34000000000005,3.618276963245637) (30.35000000000005,3.61913547959587) (30.36000000000006,3.619996565601817) (30.37000000000006,3.620860221263477) (30.38000000000006,3.621726446580852) (30.39000000000006,3.62259524155394) (30.40000000000006,3.623466606182742) (30.41000000000006,3.624341033143988) (30.42000000000007,3.625218522437679) (30.43000000000007,3.626099074063815) (30.44000000000007,3.626982688022395) (30.45000000000007,3.627869364313419) (30.46000000000007,3.628759102936888) (30.47000000000007,3.629651903892801) (30.48000000000008,3.630547767181159) (30.49000000000008,3.631446692801962) (30.50000000000008,3.632348680755209) (30.51000000000008,3.633254503199653) (30.52000000000008,3.634164160135292) (30.53000000000008,3.635077651562129) (30.54000000000008,3.635994977480161) (30.55000000000009,3.63691613788939) (30.56000000000009,3.637841132789816) (30.57000000000009,3.638769962181438) (30.58000000000009,3.639702626064256) (30.59000000000009,3.640639124438271) (30.60000000000009,3.641579457303481) (30.6100000000001,3.64252501223936) (30.6200000000001,3.643475789245907) (30.6300000000001,3.644431788323121) (30.6400000000001,3.645393009471003) (30.6500000000001,3.646359452689553) (30.6600000000001,3.647331117978771) (30.6700000000001,3.648308005338656) (30.68000000000011,3.649290114769209) (30.69000000000011,3.65027744627043) (30.70000000000011,3.651269999842318) (30.71000000000011,3.652271016892757) (30.72000000000011,3.653280497421746) (30.73000000000011,3.654298441429285) (30.74000000000012,3.655324848915375) (30.75000000000012,3.656359719880014) (30.76000000000012,3.657403054323204) (30.77000000000012,3.658454852244944) (30.78000000000012,3.659515113645234) (30.79000000000012,3.660583838524075) (30.80000000000013,3.661661026881465) (30.81000000000013,3.662763192188756) (30.82000000000013,3.663890334445945) (30.83000000000013,3.665042453653035) (30.84000000000013,3.666219549810025) (30.85000000000013,3.667421622916915) (30.86000000000013,3.668648672973704) (30.87000000000014,3.669900699980393) (30.88000000000014,3.671177703936982) (30.89000000000014,3.67247968484347) (30.90000000000014,3.673806642699859) (30.91000000000014,3.675156082202296) (30.92000000000014,3.676528003350779) (30.93000000000015,3.677922406145311) (30.94000000000015,3.679339290585891) (30.95000000000015,3.680778656672519) (30.96000000000015,3.682240504405194) (30.97000000000015,3.683724833783918) (30.98000000000015,3.685231644808689) (30.99000000000015,3.686760937479507) (31,3.688312711796374) (50,3.688312711796374)
tv[0]:
[0]: (0,0) (0,0.1) (0.1,0.1) (6,6) (6.1,5.9) (8.799999999999986,8.599999999999991) (9,8.399999999999991) (11.1,10.50000000000002) (11.20000000000001,10.40000000000002) (11.60000000000003,10.80000000000004) (11.70000000000003,10.70000000000003) (12.1,11.1) (12.20000000000001,11) (12.60000000000003,11.40000000000002) (12.70000000000003,11.30000000000001) (13.1,11.70000000000003) (13.20000000000001,11.60000000000003) (15.30000000000001,13.70000000000003) (15.40000000000002,13.72098950018501) (15.50000000000002,13.62098950018501) (17,15.12098950018503) (17.10000000000002,15.02098950018503) (18.60000000000009,16.52098950018509) (18.70000000000011,16.42098950018507) (20.50000000000008,18.22098950018535) (20.60000000000009,18.25065554681053) (20.70000000000011,18.15065554681052) (22,19.45065554681072) (22.10000000000002,19.35065554681071) (23.30000000000005,20.55065554681089) (23.40000000000006,20.45065554681088) (24.30000000000005,21.35065554681102) (24.40000000000006,21.250655546811) (25.60000000000009,22.45065554681119) (25.70000000000011,22.35065554681118) (26.90000000000014,23.55065554681136) (27,23.45065554681135) (27.90000000000014,24.35065554681149) (28,24.25065554681147) (28.80000000000013,25.0506555468116) (28.90000000000014,24.95065554681158) (30,26.05065554681175) (30.10000000000002,25.95065554681174) (30.90000000000014,26.75065554681186) (31,26.65065554681185) (31,0) (50,0)
tv[Y]:
[0]: (0,0) (0.1,0) (0.2,0.001032248260591128) (0.3,0.00206505764671085) (0.4000000000000001,0.003098429988768764) (0.5000000000000001,0.004132367744668197) (0.6000000000000001,0.005166874011598869) (0.7000000000000001,0.006201952541593403) (0.8,0.007237607760775072) (0.9,0.008273844792420437) (1,0.009310669484067271) (1.1,0.01034808843897498) (1.2,0.01138610905231512) (1.3,0.01242473955253642) (1.4,0.01346398904845067) (1.5,0.01450386758265911) (1.6,0.01554438619205039) (1.7,0.01658555697425198) (1.8,0.01762739316119654) (1.900000000000001,0.0186699092064091) (2,0.01971312087999117) (2.1,0.0207570453804408) (2.2,0.02180170145761914) (2.3,0.02284710955669556) (2.4,0.02389329197817745) (2.5,0.02494027307688317) (2.600000000000001,0.02598807944749487) (2.700000000000001,0.02703674019543515) (2.800000000000001,0.02808628720447261) (2.9,0.0291367554607115) (3,0.03018818344668547) (3.1,0.03124061358213524) (3.2,0.03229409274124514) (3.3,0.03334867286853186) (3.4,0.03440441170024397) (3.5,0.03546137361773387) (3.600000000000001,0.03651963069907761) (3.700000000000001,0.03757926397450639) (3.8,0.0386403649326331) (3.9,0.03970303740045048) (4,0.04076739988349869) (4.100000000000001,0.04183358847970553) (4.200000000000001,0.04290176052315302) (4.300000000000002,0.04397209933042236) (4.400000000000002,0.04504482033991641) (4.500000000000003,0.04612017919357306) (4.600000000000003,0.04719848256532067) (4.700000000000004,0.04828010291561326) (4.800000000000004,0.04936549915622473) (4.900000000000005,0.05045524616670347) (5,0.05155007823612407) (5.100000000000001,0.05265095514354538) (5.200000000000001,0.05375916667661963) (5.300000000000002,0.05487650686507879) (5.400000000000002,0.05600558151192928) (5.500000000000003,0.05715039485838049) (5.600000000000002,0.05831758886729436) (5.700000000000002,0.05951945989000776) (5.800000000000002,0.06078307926060613) (5.900000000000001,0.06219058388436868) (6,0.06436192476379722) (6.1,0.06416870751698642) (6.199999999999999,0.06521145971728795) (6.299999999999999,0.06625283788651494) (6.399999999999999,0.06729275238747036) (6.500000000000001,0.06833110279667434) (6.600000000000002,0.06936777607924409) (6.700000000000004,0.07040264434760858) (6.800000000000005,0.07143556210059404) (6.900000000000007,0.07246636278205937) (7,0.07349485444628485) (7.099999999999999,0.07452081423513729) (7.199999999999997,0.07554398127450178) (7.299999999999994,0.07656404733588444) (7.399999999999992,0.07758064443912309) (7.49999999999999,0.07859332807901692) (7.599999999999988,0.0796015540688894) (7.699999999999986,0.08060464583217752) (7.799999999999985,0.08160174696663802) (7.899999999999987,0.08259175031792322) (8,0.08357318803939129) (8.099999999999998,0.08454405330433912) (8.199999999999996,0.0855014956544301) (8.299999999999994,0.08644126407498061) (8.399999999999991,0.08735659622901208) (8.499999999999989,0.08823572567244886) (8.599999999999987,0.08905524896199253) (8.699999999999987,0.08975693978308462) (8.799999999999986,0.09010838758136613) (8.899999999999986,-0.009680814232193304) (9,-0.009553485178517805) (9.1,-0.008425955236039558) (9.199999999999999,-0.007243191910262431) (9.299999999999999,-0.005999933599059801) (9.399999999999999,-0.00469005233013093) (9.499999999999998,-0.003306349506621609) (9.599999999999998,-0.001840287200818433) (9.699999999999998,-0.0002816288433177636) (9.799999999999997,0.001382050155924622) (9.899999999999997,0.003166042992857329) (10,0.005089480860694269) (10.1,0.007176749918588358) (10.20000000000001,0.009459636275217571) (10.30000000000001,0.0119806995472395) (10.40000000000002,0.01479882428393941) (10.50000000000002,0.01799889784630368) (10.60000000000003,0.02170995157393618) (10.70000000000003,0.02614256252713451) (10.80000000000004,0.03167676874312934) (10.90000000000004,0.03911304336095574) (11,0.05066562287292589) (11.1,0.07819691576674248) (11.20000000000001,0.1345488698076995) (11.30000000000001,0.1402531139415682) (11.40000000000002,0.1475196346513977) (11.50000000000002,0.1581153020249814) (11.60000000000003,0.1809823740078717) (11.70000000000003,0.2369065142417855) (11.80000000000004,0.2417507749126426) (11.90000000000004,0.2475859044278078) (12,0.2556474261891341) (12.1,0.2735823448316013) (12.20000000000001,0.2917005579203233) (12.30000000000001,0.294663255343484) (12.40000000000002,0.2977560427259111) (12.50000000000002,0.3011723922670785) (12.60000000000003,0.3068973954061505) (12.70000000000003,0.3056172668071823) (12.80000000000004,0.306081211032993) (12.90000000000004,0.3055442916955385) (13,0.3023346623837682) (13.1,0.2668010276137965) (13.20000000000001,0.2565726579493449) (13.30000000000001,0.2572237241277419) (13.40000000000002,0.2578042975828653) (13.50000000000002,0.2583076003253332) (13.60000000000003,0.2587257551560149) (13.70000000000003,0.2590495312278976) (13.80000000000004,0.2592680110046731) (13.90000000000004,0.2593681474610839) (14,0.2593341649152524) (14.1,0.2591467319863382) (14.20000000000001,0.2587817937993873) (14.30000000000001,0.2582088793311247) (14.40000000000002,0.2573885720387035) (14.50000000000002,0.2562685915709264) (14.60000000000003,0.254777455866077) (14.70000000000003,0.2528136730163155) (14.80000000000004,0.2502260474565838) (14.90000000000004,0.2467745843083584) (15,0.2420433576944237) (15.1,0.2352112059505164) (15.20000000000001,0.2242658241800837) (15.30000000000001,0.2014972327996759) (15.40000000000002,0.1014972327996759) (15.50000000000002,0.07431469787087112) (15.60000000000003,0.07373179945984489) (15.70000000000003,0.07306876839793318) (15.80000000000004,0.07231317710022662) (15.90000000000004,0.0714493341567095) (16,0.07045702026230946) (16.09999999999999,0.0693095437655155) (16.19999999999997,0.06797062223457169) (16.29999999999999,0.066389120498394) (16.40000000000001,0.06448959104881143) (16.50000000000002,0.06215382419990972) (16.60000000000004,0.0591807227108271) (16.70000000000005,0.05518446532910457) (16.80000000000007,0.04926605635688101) (16.90000000000008,0.03836411043034374) (17,-0.01867360358345737) (17,-0.01867360358345738) (17.10000000000002,-0.03618955136368382) (17.20000000000003,-0.03592045632733902) (17.30000000000005,-0.03561454520410019) (17.40000000000006,-0.03526601394138622) (17.50000000000008,-0.03486751319192877) (17.60000000000009,-0.03440954124020151) (17.70000000000011,-0.03387950509527858) (17.80000000000013,-0.0332602048600799) (17.90000000000014,-0.03252725574380728) (18,-0.0316444063700573) (18.10000000000002,-0.03055428669101317) (18.20000000000003,-0.02915791905233392) (18.30000000000005,-0.02726131564445912) (18.40000000000006,-0.02439545799605025) (18.50000000000008,-0.01882220169644836) (18.60000000000009,0.04165049297321374) (18.60000000000009,0.04165049297321375) (18.70000000000011,0.04806349258681059) (18.80000000000013,0.0494845026062086) (18.90000000000014,0.05096768041108995) (19,0.05252036110881974) (19.10000000000002,0.05415131777046801) (19.20000000000003,0.05587116720770185) (19.30000000000005,0.05769293036228468) (19.40000000000006,0.05963282399847415) (19.50000000000008,0.06171140883175998) (19.60000000000009,0.0639553061456816) (19.70000000000011,0.06639985853431288) (19.80000000000013,0.06909343622421657) (19.90000000000014,0.07210478522099525) (20,0.07553642525567855) (20.10000000000002,0.07955126561973797) (20.20000000000003,0.08443196923034332) (20.30000000000005,0.09073732204987517) (20.40000000000006,0.09983878606398838) (20.50000000000008,0.1170030919136707) (20.60000000000009,0.2170030919136708) (20.70000000000011,0.2337410900900207) (20.80000000000013,0.2360396413577097) (20.90000000000014,0.2384214573166636) (21,0.2409016530582938) (21.10000000000002,0.2434999965919853) (21.20000000000003,0.2462430513247151) (21.30000000000005,0.2491677163575464) (21.40000000000006,0.252327425367659) (21.50000000000008,0.255803828023309) (21.60000000000009,0.2597310351156036) (21.70000000000011,0.2643531223212388) (21.80000000000013,0.2701904803294615) (21.90000000000014,0.2787137672899089) (22,0.2983148152403927) (22.10000000000002,0.3279798609132313) (22.20000000000003,0.3299151666962126) (22.30000000000005,0.3318729540503136) (22.40000000000006,0.3338579110222907) (22.50000000000008,0.3358764018570122) (22.60000000000009,0.3379373796632431) (22.70000000000011,0.3400540201042991) (22.80000000000013,0.3422468892365495) (22.90000000000014,0.344550777509768) (23,0.347031835861011) (23.10000000000002,0.3498417434990194) (23.20000000000003,0.3534784509544271) (23.30000000000005,0.3632666752322973) (23.40000000000006,0.3650358558307006) (23.50000000000008,0.3662088470253479) (23.60000000000009,0.3672999086976477) (23.70000000000011,0.3682834435294937) (23.80000000000013,0.3691193803495492) (23.90000000000014,0.3697396593785886) (24,0.3700140869628312) (24.10000000000002,0.3696410621223613) (24.20000000000003,0.3676080815288981) (24.30000000000005,0.3515844104206619) (24.40000000000006,0.3435628816708166) (24.50000000000008,0.3441074646185762) (24.60000000000009,0.344552130469701) (24.70000000000011,0.3448761446578038) (24.80000000000013,0.3450514139123969) (24.90000000000014,0.3450385150649461) (25,0.3447796193713172) (25.10000000000002,0.344184855228319) (25.20000000000003,0.3431031315566909) (25.30000000000005,0.341249860271143) (25.40000000000006,0.3379829513927375) (25.50000000000008,0.3312668417592292) (25.60000000000009,0.3029118713209457) (25.70000000000011,0.2837606860596938) (25.80000000000013,0.283789402248056) (25.90000000000014,0.2837001595880946) (26,0.2834679487479893) (26.10000000000002,0.2830586812871679) (26.20000000000003,0.282424163832636) (26.30000000000005,0.2814930263842726) (26.40000000000006,0.280152939805269) (26.50000000000008,0.2782116820535881) (26.60000000000009,0.2752973813847294) (26.70000000000011,0.2705318251387969) (26.80000000000013,0.2608376415847132) (26.90000000000014,0.195586205122343) (27,0.1791189033728665) (27.10000000000002,0.178727203407011) (27.20000000000003,0.1781830401927669) (27.30000000000005,0.1774396368145558) (27.40000000000006,0.1764243838844519) (27.50000000000008,0.1750154226611152) (27.60000000000009,0.1729838417214787) (27.70000000000011,0.1698155657089716) (27.80000000000013,0.1638971608504893) (27.90000000000014,0.1414788057756771) (28,0.125834320886681) (28.10000000000002,0.12584238325081) (28.20000000000003,0.1257786036623328) (28.30000000000005,0.1256192546910574) (28.40000000000006,0.125326319617085) (28.50000000000008,0.1248330753456854) (28.60000000000009,0.1240053053753415) (28.70000000000011,0.1225033420077904) (28.80000000000013,0.1189207298708309) (28.90000000000014,0.03827549955945836) (28.90000000000014,0.03827549955945835) (29,0.0390518422011763) (29.10000000000002,0.03989126043689824) (29.20000000000003,0.0408080844087883) (29.30000000000005,0.04182225058842906) (29.40000000000006,0.04296268028762268) (29.50000000000008,0.04427366095301753) (29.60000000000009,0.04582813015872043) (29.70000000000011,0.04775931077757171) (29.80000000000013,0.05035279183041175) (29.90000000000014,0.05442375157569143) (30,0.06477180357785173) (30.10000000000002,0.0803635383135663) (30.20000000000003,0.08233929719818425) (30.30000000000005,0.08456680716637574) (30.40000000000006,0.08713646288019902) (30.50000000000008,0.09019879532471281) (30.60000000000009,0.09403328652110088) (30.70000000000011,0.09925535718885781) (30.80000000000013,0.1077188357390519) (30.90000000000014,0.1326957856388513) (31,0.1551774316866685) (31,0) (50,0)
ta[0]:
[0]: (0,0) (0.1,0) (0.1,1) (6,1) (6,-1) (6.1,-1) (6.1,1) (8.799999999999986,1) (8.799999999999986,-0.9999999999999999) (9,-1) (9,1) (11.1,1) (11.11008172656627,-1) (11.20000000000001,-1) (11.21008172656628,0.9999999999999999) (11.60000000000003,1) (11.6100817265663,-1) (11.70000000000003,-1) (11.7100817265663,1) (12.1,1) (12.11008172656627,-1) (12.20000000000001,-1) (12.21008172656628,1) (12.60000000000003,1) (12.6100817265663,-1) (12.70000000000003,-1) (12.7100817265663,1) (13.1,0.9999999999999999) (13.11008172656627,-0.9999999999999999) (13.20000000000001,-0.9999999999999999) (13.21008172656628,1) (15.30000000000001,0.9999999999999999) (15.31008172656628,0.209895001849857) (15.40000000000002,0.209895001849857) (15.41008172656629,-1) (15.50000000000002,-1) (15.51008172656629,1) (17,1) (17.01,-1) (17.10000000000002,-1) (17.11000000000002,1) (18.60000000000009,1) (18.6100000000001,-0.9999999999999999) (18.70000000000011,-0.9999999999999999) (18.71000000000011,0.9999999999999999) (20.50000000000008,0.9999999999999999) (20.51000000000008,0.2966604662518899) (20.60000000000009,0.2966604662518899) (20.6100000000001,-1) (20.70000000000011,-1) (20.71000000000011,0.9999999999999999) (22,1) (22.01,-1) (22.10000000000002,-1) (22.11000000000002,1) (23.30000000000005,1) (23.31000000000005,-1) (23.40000000000006,-1) (23.41000000000006,1) (24.30000000000005,1) (24.31000000000005,-1) (24.40000000000006,-1) (24.41000000000006,1) (25.60000000000009,1) (25.6100000000001,-1) (25.70000000000011,-1) (25.71000000000011,1) (26.90000000000014,1) (26.91000000000014,-1) (27,-1) (27.01,0.9999999999999999) (27.90000000000014,1) (27.91000000000014,-0.9999999999999999) (28,-0.9999999999999999) (28.01,0.9999999999999999) (28.80000000000013,1) (28.81000000000013,-1) (28.90000000000014,-1) (28.91000000000014,1) (30,1) (30.01,-1) (30.10000000000002,-1) (30.11000000000002,1) (30.90000000000014,1) (30.91000000000014,-1) (31,-1) (31,0) (50,0)
ta[Y]:
[0]: (0,0) (0.1,0) (0.1,0.01032248260591128) (0.2,0.01032248260591128) (0.2,0.01032809386119722) (0.3,0.01032809386119722) (0.3,0.01033372342057914) (0.4000000000000001,0.01033372342057914) (0.4000000000000001,0.01033937755899434) (0.5000000000000001,0.01033937755899434) (0.5000000000000001,0.01034506266930671) (0.6000000000000001,0.01034506266930671) (0.6000000000000001,0.01035078529994535) (0.7000000000000001,0.01035078529994535) (0.7000000000000001,0.01035655219181669) (0.8,0.01035655219181669) (0.8,0.01036237031645364) (0.9,0.01036237031645364) (0.9,0.01036824691646833) (1,0.01036824691646833) (1,0.01037418954907713) (1.1,0.01037418954907713) (1.1,0.01038020613340135) (1.2,0.01038020613340135) (1.2,0.01038630500221297) (1.3,0.01038630500221297) (1.3,0.01039249495914249) (1.4,0.01039249495914249) (1.4,0.01039878534208448) (1.5,0.01039878534208448) (1.5,0.01040518609391282) (1.6,0.01040518609391282) (1.6,0.01041170782201582) (1.7,0.01041170782201582) (1.7,0.01041836186944561) (1.8,0.01041836186944561) (1.8,0.01042516045212564) (1.900000000000001,0.01042516045212564) (1.900000000000001,0.0104321167358207) (2,0.0104321167358207) (2,0.01043924500449629) (2.1,0.01043924500449629) (2.1,0.01044656077178336) (2.2,0.01044656077178336) (2.2,0.01045408099076421) (2.3,0.01045408099076421) (2.3,0.0104618242148189) (2.4,0.0104618242148189) (2.4,0.0104698109870572) (2.5,0.0104698109870572) (2.5,0.01047806370611695) (2.600000000000001,0.01047806370611695) (2.600000000000001,0.01048660747940285) (2.700000000000001,0.01048660747940285) (2.700000000000001,0.01049547009037449) (2.800000000000001,0.01049547009037449) (2.800000000000001,0.01050468256238891) (2.9,0.01050468256238891) (2.9,0.01051427985973966) (3,0.01051427985973966) (3,0.01052430135449767) (3.1,0.01052430135449767) (3.1,0.01053479159109902) (3.2,0.01053479159109902) (3.2,0.01054580127286722) (3.3,0.01054580127286722) (3.3,0.01055738831712105) (3.4,0.01055738831712105) (3.4,0.01056961917489895) (3.5,0.01056961917489895) (3.5,0.01058257081343742) (3.600000000000001,0.01058257081343742) (3.600000000000001,0.01059633275428779) (3.700000000000001,0.01059633275428779) (3.700000000000001,0.01061100958126708) (3.8,0.01061100958126708) (3.8,0.01062672467817376) (3.9,0.01062672467817376) (3.9,0.010643624830482) (4,0.010643624830482) (4,0.01066188596206841) (4.100000000000001,0.01066188596206841) (4.100000000000001,0.01068172043447495) (4.200000000000001,0.01068172043447495) (4.200000000000001,0.01070338807269339) (4.300000000000002,0.01070338807269339) (4.300000000000002,0.01072721009494044) (4.400000000000002,0.01072721009494044) (4.400000000000002,0.01075358853656667) (4.500000000000003,0.01075358853656667) (4.500000000000003,0.01078303371747605) (4.600000000000003,0.01078303371747605) (4.600000000000003,0.01081620350292592) (4.700000000000004,0.01081620350292592) (4.700000000000004,0.0108539624061147) (4.800000000000004,0.0108539624061147) (4.800000000000004,0.01089747010478729) (4.900000000000005,0.01089747010478729) (4.900000000000005,0.01094832069420597) (5,0.01094832069420597) (5,0.01100876907421296) (5.100000000000001,0.01100876907421296) (5.100000000000001,0.01108211533074253) (5.200000000000001,0.01108211533074253) (5.200000000000001,0.01117340188459169) (5.300000000000002,0.01117340188459169) (5.300000000000002,0.01129074646850474) (5.400000000000002,0.01129074646850474) (5.400000000000002,0.01144813346451211) (5.500000000000003,0.01144813346451211) (5.500000000000003,0.01167194008913866) (5.600000000000002,0.01167194008913866) (5.600000000000002,0.01201871022713405) (5.700000000000002,0.01201871022713405) (5.700000000000002,0.01263619370598384) (5.800000000000002,0.01263619370598384) (5.800000000000002,0.01407504623762548) (5.900000000000001,0.01407504623762548) (5.900000000000001,0.02171340879428552) (6,0.02171340879428552) (6,-0.001932172468107947) (6.1,-0.001932172468107947) (6.1,0.01042752200301555) (6.199999999999999,0.01042752200301555) (6.199999999999999,0.01041378169226986) (6.299999999999999,0.01041378169226986) (6.299999999999999,0.01039914500955414) (6.399999999999999,0.01039914500955414) (6.399999999999999,0.01038350409203996) (6.500000000000001,0.01038350409203996) (6.500000000000001,0.01036673282569734) (6.600000000000002,0.01036673282569734) (6.600000000000002,0.01034868268364499) (6.700000000000004,0.01034868268364499) (6.700000000000004,0.01032917752985473) (6.800000000000005,0.01032917752985473) (6.800000000000005,0.01030800681465327) (6.900000000000007,0.01030800681465327) (6.900000000000007,0.01028491664225488) (7,0.01028491664225488) (7,0.01025959788852446) (7.099999999999999,0.01025959788852446) (7.099999999999999,0.01023167039364489) (7.199999999999997,0.01023167039364489) (7.199999999999997,0.01020066061382643) (7.299999999999994,0.01020066061382643) (7.299999999999994,0.01016597103238672) (7.399999999999992,0.01016597103238672) (7.399999999999992,0.01012683639893841) (7.49999999999999,0.01012683639893841) (7.49999999999999,0.01008225989872481) (7.599999999999988,0.01008225989872481) (7.599999999999988,0.01003091763288131) (7.699999999999986,0.01003091763288131) (7.699999999999986,0.009971011344605103) (7.799999999999985,0.009971011344605103) (7.799999999999985,0.009900033512851748) (7.899999999999987,0.009900033512851748) (7.899999999999987,0.009814377214680918) (8,0.009814377214680918) (8,0.009708652649478081) (8.099999999999998,0.009708652649478081) (8.099999999999998,0.009574423500910085) (8.199999999999996,0.009574423500910085) (8.199999999999996,0.009397684205504882) (8.299999999999994,0.009397684205504882) (8.299999999999994,0.009153321540314964) (8.399999999999991,0.009153321540314964) (8.399999999999991,0.008791294434367965) (8.499999999999989,0.008791294434367965) (8.499999999999989,0.008195232895436434) (8.599999999999987,0.008195232895436434) (8.599999999999987,0.007016908210920646) (8.699999999999987,0.007016908210920646) (8.699999999999987,0.003514477982815278) (8.799999999999986,0.003514477982815278) (8.799999999999986,-0.9978920181355944) (8.899999999999986,-0.9978920181355944) (8.899999999999986,0.001273290536754953) (9,0.001273290536754953) (9,0.01127529942478251) (9.1,0.01127529942478251) (9.1,0.01182763325777126) (9.199999999999999,0.01182763325777126) (9.199999999999999,0.01243258311202631) (9.299999999999999,0.01243258311202631) (9.299999999999999,0.0130988126892887) (9.399999999999999,0.0130988126892887) (9.399999999999999,0.0138370282350932) (9.499999999999998,0.0138370282350932) (9.499999999999998,0.01466062305803177) (9.599999999999998,0.01466062305803177) (9.599999999999998,0.0155865835750067) (9.699999999999998,0.0155865835750067) (9.699999999999998,0.01663678999242386) (9.799999999999997,0.01663678999242386) (9.799999999999997,0.01783992836932707) (9.899999999999997,0.01783992836932707) (9.899999999999997,0.0192343786783694) (10,0.0192343786783694) (10.01008172656627,0.02087269057894093) (10.1,0.02087269057894093) (10.11008172656627,0.02282886356629207) (10.20000000000001,0.02282886356629207) (10.21008172656628,0.02521063272021929) (10.30000000000001,0.02521063272021929) (10.31008172656628,0.02818124736699907) (10.40000000000002,0.02818124736699907) (10.41008172656629,0.03200073562364279) (10.50000000000002,0.03200073562364279) (10.51008172656629,0.03711053727632508) (10.60000000000003,0.03711053727632508) (10.6100817265663,0.0443261095319832) (10.70000000000003,0.0443261095319832) (10.7100817265663,0.05534206215994821) (10.80000000000004,0.05534206215994821) (10.81008172656631,0.07436274617826383) (10.90000000000004,0.07436274617826383) (10.91008172656631,0.1155257951197017) (11,0.1155257951197017) (11.01008172656627,0.2753129289381659) (11.1,0.2753129289381659) (11.11008172656627,0.5635195404095703) (11.20000000000001,0.5635195404095703) (11.21008172656628,0.05704244133868768) (11.30000000000001,0.05704244133868768) (11.31008172656628,0.07266520709829521) (11.40000000000002,0.07266520709829521) (11.41008172656629,0.1059566737358376) (11.50000000000002,0.1059566737358376) (11.51008172656629,0.228670719828903) (11.60000000000003,0.228670719828903) (11.6100817265663,0.5592414023391377) (11.70000000000003,0.5592414023391377) (11.7100817265663,0.0484426067085721) (11.80000000000004,0.0484426067085721) (11.81008172656631,0.05835129515165178) (11.90000000000004,0.05835129515165178) (11.91008172656631,0.08061521761326486) (12,0.08061521761326486) (12.01008172656627,0.1793491864246699) (12.1,0.1793491864246699) (12.11008172656627,0.1811821308872233) (12.20000000000001,0.1811821308872233) (12.21008172656628,0.02962697423160493) (12.30000000000001,0.02962697423160493) (12.31008172656628,0.0309278738242709) (12.40000000000002,0.0309278738242709) (12.41008172656629,0.03416349541167601) (12.50000000000002,0.03416349541167601) (12.51008172656629,0.05725003139071971) (12.60000000000003,0.05725003139071971) (12.6100817265663,-0.01280128598968223) (12.70000000000003,-0.01280128598968223) (12.7100817265663,0.004639442258105786) (12.80000000000004,0.004639442258105786) (12.81008172656631,-0.005369193374542629) (12.90000000000004,-0.005369193374542629) (12.91008172656631,-0.03209629311770525) (13,-0.03209629311770525) (13.01008172656627,-0.3553363476997183) (13.1,-0.3553363476997183) (13.11008172656627,-0.1022836966445179) (13.20000000000001,-0.1022836966445179) (13.21008172656628,0.006510661783970449) (13.30000000000001,0.006510661783970449) (13.31008172656628,0.005805734551231644) (13.40000000000002,0.005805734551231644) (13.41008172656629,0.005033027424681344) (13.50000000000002,0.005033027424681344) (13.51008172656629,0.004181548306815061) (13.60000000000003,0.004181548306815061) (13.6100817265663,0.003237760718826865) (13.70000000000003,0.003237760718826865) (13.7100817265663,0.002184797767752216) (13.80000000000004,0.002184797767752216) (13.81008172656631,0.001001364564105608) (13.90000000000004,0.001001364564105608) (13.91008172656631,-0.000339825458315368) (14,-0.000339825458315368) (14.01008172656627,-0.001874329289142863) (14.1,-0.001874329289142863) (14.11008172656627,-0.003649381869507198) (14.20000000000001,-0.003649381869507198) (14.21008172656628,-0.005729144682623527) (14.30000000000001,-0.005729144682623527) (14.31008172656628,-0.008203072924213012) (14.40000000000002,-0.008203072924213012) (14.41008172656629,-0.01119980467777235) (14.50000000000002,-0.01119980467777235) (14.51008172656629,-0.0149113570484951) (14.60000000000003,-0.0149113570484951) (14.6100817265663,-0.01963782849761418) (14.70000000000003,-0.01963782849761418) (14.7100817265663,-0.02587625559731913) (14.80000000000004,-0.02587625559731913) (14.81008172656631,-0.03451463148225473) (14.90000000000004,-0.03451463148225473) (14.91008172656631,-0.04731226613934564) (15,-0.04731226613934564) (15.01008172656627,-0.06832151743907343) (15.1,-0.06832151743907343) (15.11008172656627,-0.1094538177043263) (15.20000000000001,-0.1094538177043263) (15.21008172656628,-0.2276859138040771) (15.30000000000001,-0.2276859138040771) (15.31008172656628,-1) (15.40000000000002,-1) (15.41008172656629,-0.2718253492880473) (15.50000000000002,-0.2718253492880473) (15.51008172656629,-0.005828984110261861) (15.60000000000003,-0.005828984110261861) (15.6100817265663,-0.00663031061911655) (15.70000000000003,-0.00663031061911655) (15.7100817265663,-0.007555912977065331) (15.80000000000004,-0.007555912977065331) (15.81008172656631,-0.008638429435170762) (15.90000000000004,-0.008638429435170762) (15.91008172656631,-0.009923138944000173) (16,-0.009923138944000173) (16.01008172656627,-0.01147476496793976) (16.09999999999999,-0.01147476496793976) (16.11008172656625,-0.0133892153094385) (16.19999999999997,-0.0133892153094385) (16.20999999999998,-0.01581501736177621) (16.29999999999999,-0.01581501736177621) (16.30999999999999,-0.01899529449582553) (16.40000000000001,-0.01899529449582553) (16.41000000000001,-0.02335766848901676) (16.50000000000002,-0.02335766848901676) (16.51000000000002,-0.02973101489082652) (16.60000000000004,-0.02973101489082652) (16.61000000000004,-0.03996257381722556) (16.70000000000005,-0.03996257381722556) (16.71000000000005,-0.05918408972223562) (16.80000000000007,-0.05918408972223562) (16.81000000000007,-0.1090194592653731) (16.90000000000008,-0.1090194592653731) (16.91000000000009,-0.5703771401380111) (17,-0.5703771401380111) (17.01,-0.1751594778022644) (17.10000000000002,-0.1751594778022644) (17.11000000000002,0.00269095036344816) (17.20000000000003,0.00269095036344816) (17.21000000000003,0.003059111232388551) (17.30000000000005,0.003059111232388551) (17.31000000000005,0.003485312627139464) (17.40000000000006,0.003485312627139464) (17.41000000000006,0.0039850074945743) (17.50000000000008,0.0039850074945743) (17.51000000000008,0.004579719517272521) (17.60000000000009,0.004579719517272521) (17.6100000000001,0.005300361449229566) (17.70000000000011,0.005300361449229566) (17.71000000000011,0.006193002351987087) (17.80000000000013,0.006193002351987087) (17.81000000000013,0.007329491162726409) (17.90000000000014,0.007329491162726409) (17.91000000000014,0.008828493737499691) (18,0.008828493737499691) (18.01,0.01090119679044123) (18.10000000000002,0.01090119679044123) (18.11000000000002,0.01396367638679251) (18.20000000000003,0.01396367638679251) (18.21000000000003,0.01896603407874784) (18.30000000000005,0.01896603407874784) (18.31000000000005,0.02865857648408861) (18.40000000000006,0.02865857648408861) (18.41000000000006,0.0557325629960188) (18.50000000000008,0.0557325629960188) (18.51000000000008,0.604726946696621) (18.60000000000009,0.604726946696621) (18.6100000000001,0.06412999613596869) (18.70000000000011,0.06412999613596869) (18.71000000000011,0.01421010019398002) (18.80000000000013,0.01421010019398002) (18.81000000000013,0.01483177804881378) (18.90000000000014,0.01483177804881378) (18.91000000000014,0.01552680697729817) (19,0.01552680697729817) (19.01,0.01630956661648292) (19.10000000000002,0.01630956661648292) (19.11000000000002,0.01719849437233864) (19.20000000000003,0.01719849437233864) (19.21000000000003,0.01821763154582822) (19.30000000000005,0.01821763154582822) (19.31000000000005,0.01939893636189466) (19.40000000000006,0.01939893636189466) (19.41000000000006,0.02078584833285807) (19.50000000000008,0.02078584833285807) (19.51000000000008,0.02243897313921615) (19.60000000000009,0.02243897313921615) (19.6100000000001,0.02444552388631287) (19.70000000000011,0.02444552388631287) (19.71000000000011,0.02693577689903707) (19.80000000000013,0.02693577689903707) (19.81000000000013,0.03011348996778649) (19.90000000000014,0.03011348996778649) (19.91000000000014,0.03431640034683341) (20,0.03431640034683341) (20.01,0.04014840364059477) (20.10000000000002,0.04014840364059477) (20.11000000000002,0.04880703610605355) (20.20000000000003,0.04880703610605355) (20.21000000000003,0.06305352819531838) (20.30000000000005,0.06305352819531838) (20.31000000000005,0.09101464014113146) (20.40000000000006,0.09101464014113146) (20.41000000000006,0.1716430584968235) (20.50000000000008,0.1716430584968235) (20.51000000000008,1) (20.60000000000009,1) (20.6100000000001,0.1673799817635002) (20.70000000000011,0.1673799817635002) (20.71000000000011,0.02298551267689084) (20.80000000000013,0.02298551267689084) (20.81000000000013,0.02381815958953884) (20.90000000000014,0.02381815958953884) (20.91000000000014,0.02480195741630244) (21,0.02480195741630244) (21.01,0.02598343533691491) (21.10000000000002,0.02598343533691491) (21.11000000000002,0.02743054732729731) (21.20000000000003,0.02743054732729731) (21.21000000000003,0.02924665032831257) (21.30000000000005,0.02924665032831257) (21.31000000000005,0.03159709010112619) (21.40000000000006,0.03159709010112619) (21.41000000000006,0.0347640265564999) (21.50000000000008,0.0347640265564999) (21.51000000000008,0.03927207092294881) (21.60000000000009,0.03927207092294881) (21.6100000000001,0.046220872056349) (21.70000000000011,0.046220872056349) (21.71000000000011,0.05837358008222465) (21.80000000000013,0.05837358008222465) (21.81000000000013,0.08523286960447286) (21.90000000000014,0.08523286960447286) (21.91000000000014,0.1960104795048351) (22,0.1960104795048351) (22.01,0.2966504567283883) (22.10000000000002,0.2966504567283883) (22.11000000000002,0.01935305782981031) (22.20000000000003,0.01935305782981031) (22.21000000000003,0.01957787354101135) (22.30000000000005,0.01957787354101135) (22.31000000000005,0.01984956971977172) (22.40000000000006,0.01984956971977172) (22.41000000000006,0.02018490834721695) (22.50000000000008,0.02018490834721695) (22.51000000000008,0.02060977806230657) (22.60000000000009,0.02060977806230657) (22.6100000000001,0.0211664044105633) (22.70000000000011,0.0211664044105633) (22.71000000000011,0.02192869132250446) (22.80000000000013,0.02192869132250446) (22.81000000000013,0.02303888273218609) (22.90000000000014,0.02303888273218609) (22.91000000000014,0.02481058351242888) (23,0.02481058351242888) (23.01,0.02809907638008146) (23.10000000000002,0.02809907638008146) (23.11000000000002,0.03636707455407518) (23.20000000000003,0.03636707455407518) (23.21000000000003,0.09788224277870203) (23.30000000000005,0.09788224277870203) (23.31000000000005,0.01769180598403352) (23.40000000000006,0.01769180598403352) (23.41000000000006,0.01172991194647119) (23.50000000000008,0.01172991194647119) (23.51000000000008,0.01091061672299871) (23.60000000000009,0.01091061672299871) (23.6100000000001,0.009835348318462042) (23.70000000000011,0.009835348318462042) (23.71000000000011,0.008359368200555413) (23.80000000000013,0.008359368200555413) (23.81000000000013,0.006202790290396556) (23.90000000000014,0.006202790290396556) (23.91000000000014,0.002744275842427623) (24,0.002744275842427623) (24.01,-0.003730248404698205) (24.10000000000002,-0.003730248404698205) (24.11000000000002,-0.02032980593463194) (24.20000000000003,-0.02032980593463194) (24.21000000000003,-0.1602367110823618) (24.30000000000005,-0.1602367110823618) (24.31000000000005,-0.08021528749845261) (24.40000000000006,-0.08021528749845261) (24.41000000000006,0.005445829477597991) (24.50000000000008,0.005445829477597991) (24.51000000000008,0.004446658511245382) (24.60000000000009,0.004446658511245382) (24.6100000000001,0.003240141881026737) (24.70000000000011,0.003240141881026737) (24.71000000000011,0.001752692545931955) (24.80000000000013,0.001752692545931955) (24.81000000000013,-0.0001289884745044169) (24.90000000000014,-0.0001289884745044169) (24.91000000000014,-0.002588956936291573) (25,-0.002588956936291573) (25.01,-0.005947641429981152) (25.10000000000002,-0.005947641429981152) (25.11000000000002,-0.0108172367162805) (25.20000000000003,-0.0108172367162805) (25.21000000000003,-0.01853271285547644) (25.30000000000005,-0.01853271285547644) (25.31000000000005,-0.03266908878405305) (25.40000000000006,-0.03266908878405305) (25.41000000000006,-0.06716109633508477) (25.50000000000008,-0.06716109633508477) (25.51000000000008,-0.2835497043828364) (25.60000000000009,-0.2835497043828364) (25.6100000000001,-0.1915118526125215) (25.70000000000011,-0.1915118526125215) (25.71000000000011,0.0002871618836192339) (25.80000000000013,0.0002871618836192339) (25.81000000000013,-0.0008924265996128791) (25.90000000000014,-0.0008924265996128791) (25.91000000000014,-0.002322108401055275) (26,-0.002322108401055275) (26.01,-0.004092674608211539) (26.10000000000002,-0.004092674608211539) (26.11000000000002,-0.006345174545319618) (26.20000000000003,-0.006345174545319618) (26.21000000000003,-0.009311374483631315) (26.30000000000005,-0.009311374483631315) (26.31000000000005,-0.01340086579003716) (26.40000000000006,-0.01340086579003716) (26.41000000000006,-0.01941257751680674) (26.50000000000008,-0.01941257751680674) (26.51000000000008,-0.02914300668858469) (26.60000000000009,-0.02914300668858469) (26.6100000000001,-0.04765556245932363) (26.70000000000011,-0.04765556245932363) (26.71000000000011,-0.09694183554083466) (26.80000000000013,-0.09694183554083466) (26.81000000000013,-0.6525143646237025) (26.90000000000014,-0.6525143646237025) (26.91000000000014,-0.1646730174947658) (27,-0.1646730174947658) (27.01,-0.003916999658554007) (27.10000000000002,-0.003916999658554007) (27.11000000000002,-0.005441632142442253) (27.20000000000003,-0.005441632142442253) (27.21000000000003,-0.007434033782111368) (27.30000000000005,-0.007434033782111368) (27.31000000000005,-0.01015252930103887) (27.40000000000006,-0.01015252930103887) (27.41000000000006,-0.01408961223336714) (27.50000000000008,-0.01408961223336714) (27.51000000000008,-0.0203158093963654) (27.60000000000009,-0.0203158093963654) (27.6100000000001,-0.03168276012506949) (27.70000000000011,-0.03168276012506949) (27.71000000000011,-0.05918404858482225) (27.80000000000013,-0.05918404858482225) (27.81000000000013,-0.2241835507481209) (27.90000000000014,-0.2241835507481209) (27.91000000000014,-0.1564448488899605) (28,-0.1564448488899605) (28.01,8.062364129152957e-05) (28.10000000000002,8.062364129152957e-05) (28.11000000000002,-0.0006377958847737796) (28.20000000000003,-0.0006377958847737796) (28.21000000000003,-0.001593489712754069) (28.30000000000005,-0.001593489712754069) (28.31000000000005,-0.002929350739725242) (28.40000000000006,-0.002929350739725242) (28.41000000000006,-0.004932442713994518) (28.50000000000008,-0.004932442713994518) (28.51000000000008,-0.008277699703438966) (28.60000000000009,-0.008277699703438966) (28.6100000000001,-0.0150196336755117) (28.70000000000011,-0.0150196336755117) (28.71000000000011,-0.03582612136959486) (28.80000000000013,-0.03582612136959486) (28.81000000000013,-0.8064523031137254) (28.90000000000014,-0.8064523031137254) (28.91000000000014,0.007763426417179293) (29,0.007763426417179293) (29.01,0.008394182357219641) (29.10000000000002,0.008394182357219641) (29.11000000000002,0.00916823971890033) (29.20000000000003,0.00916823971890033) (29.21000000000003,0.01014166179640756) (29.30000000000005,0.01014166179640756) (29.31000000000005,0.01140429699193589) (29.40000000000006,0.01140429699193589) (29.41000000000006,0.01310980665394875) (29.50000000000008,0.01310980665394875) (29.51000000000008,0.01554469205702936) (29.60000000000009,0.01554469205702936) (29.6100000000001,0.01931180618851258) (29.70000000000011,0.01931180618851258) (29.71000000000011,0.02593481052840041) (29.80000000000013,0.02593481052840041) (29.81000000000013,0.04070959745279692) (29.90000000000014,0.04070959745279692) (29.91000000000014,0.103480520021603) (30,0.103480520021603) (30.01,0.155917347357145) (30.10000000000002,0.155917347357145) (30.11000000000002,0.01975758884617985) (30.20000000000003,0.01975758884617985) (30.21000000000003,0.02227509968191522) (30.30000000000005,0.02227509968191522) (30.31000000000005,0.02569655713823287) (30.40000000000006,0.02569655713823287) (30.41000000000006,0.03062332444513729) (30.50000000000008,0.03062332444513729) (30.51000000000008,0.03834491196388042) (30.60000000000009,0.03834491196388042) (30.6100000000001,0.05222070667756949) (30.70000000000011,0.05222070667756949) (30.71000000000011,0.0846347855019412) (30.80000000000013,0.0846347855019412) (30.81000000000013,0.2497694989979939) (30.90000000000014,0.2497694989979939) (30.91000000000014,0.2248164604781715) (31,0.2248164604781715) (31,0) (50,0)
 -- States explored : 0 states
 -- CPU user time used : 16 ms
 -- Virtual memory used : 58180 KiB
 -- Resident memory used : 17368 KiB
